transaction_id,transaction_date,customer_id,product_id,store_id,quantity,unit_price,discount_amount,gross_sales,net_sales,unit_cost,cost_amount,profit_amount,gross_margin_pct,payment_method,sales_channel,category,source_row_id,unit_price_raw,customer_id_raw,product_id_raw,store_id_raw,review_reason
T000116,2025-01-12 00:00:00.000000,C04209,P0241,S017,3,1603.57,962.14,4810.71,3848.57,1389.85,4169.55,-320.98,-8.34,Mada,Store,Beauty,116,,,,,Manual/source-system review required
T000202,2024-05-21 00:00:00.000000,C04453,P0052,S003,3,2884.67,0.0,8654.01,8654.01,1942.41,5827.23,2826.78,32.66,Card,E-commerce,Electronics,202,,,,,Manual/source-system review required
T000328,2025-08-16 00:00:00.000000,C01576,P0134,S002,3,2806.55,841.96,8419.65,7577.69,1917.2,5751.6,1826.09,24.1,Mada,Store,Home Appliances,328,,,,,Manual/source-system review required
T000506,2024-01-24 00:00:00.000000,C00927,P0243,S013,2,1416.09,0.0,2832.18,2832.18,957.5,1915.0,917.18,32.38,STC Pay,Store,Electronics,506,,,,,Manual/source-system review required
T000544,2025-11-03 00:00:00.000000,C01525,P0006,S018,1,2071.3,414.26,2071.3,1657.04,1711.75,1711.75,-54.71,-3.3,STC Pay,E-commerce,Home Appliances,544,,,,,Manual/source-system review required
T000675,2025-01-06 00:00:00.000000,C00264,P0429,S013,3,838.92,0.0,2516.76,2516.76,702.11,2106.33,410.43,16.31,Apple Pay,Store,Electronics,675,,,,,Manual/source-system review required
T000714,2025-10-01 00:00:00.000000,C02794,P0408,S010,3,1174.8,0.0,3524.4,3524.4,786.0,2358.0,1166.4,33.09,Card,Store,Home & Living,714,,,,,Manual/source-system review required
T000887,2024-02-06 00:00:00.000000,C00414,P0269,S006,4,197.36,78.94,789.44,710.5,129.46,517.84,192.66,27.12,Cash,E-commerce,Electronics,887,,,,,Manual/source-system review required
T001200,2024-07-09 00:00:00.000000,C01163,P0266,S001,4,4206.82,0.0,16827.28,16827.28,2713.1,10852.4,5974.88,35.51,Apple Pay,Store,Sports,1200,,,,,Manual/source-system review required
T001257,2024-12-25 00:00:00.000000,C02814,P0079,S019,1,254.18,0.0,254.18,254.18,163.22,163.22,90.96,35.79,Mada,Store,Electronics,1257,,,,,Manual/source-system review required
T001388,2024-12-18 00:00:00.000000,C04291,P0230,S004,1,1026.3,51.32,1026.3,974.98,805.78,805.78,169.2,17.35,Mada,E-commerce,Fashion,1388,,,,,Manual/source-system review required
T001518,2025-05-13 00:00:00.000000,C02317,P0103,S002,1,653.47,32.67,653.47,620.8,456.88,456.88,163.92,26.4,Mada,Store,Grocery,1518,,,,,Manual/source-system review required
T001699,2025-02-14 00:00:00.000000,C01204,P0025,S015,2,57.02,5.7,114.04,108.34,40.72,81.44,26.9,24.83,Card,Store,Beauty,1699,,,,,Manual/source-system review required
T001750,2024-10-28 00:00:00.000000,C03051,P0445,S011,3,2173.39,0.0,6520.17,6520.17,1849.52,5548.56,971.61,14.9,Cash,Store,Home & Living,1750,,,,,Manual/source-system review required
T002111,2025-01-14 00:00:00.000000,C02190,P0475,S006,2,3311.66,0.0,6623.32,6623.32,2280.86,4561.72,2061.6,31.13,STC Pay,Store,Sports,2111,,,,,Manual/source-system review required
T002277,2024-07-31 00:00:00.000000,C01187,P0138,S007,2,3871.77,0.0,7743.54,7743.54,2940.5,5881.0,1862.54,24.05,Apple Pay,Store,Home & Living,2277,,,,,Manual/source-system review required
T002340,2025-09-11 00:00:00.000000,C03370,P0415,S018,1,3326.45,665.29,3326.45,2661.16,2456.0,2456.0,205.16,7.71,Card,Store,Grocery,2340,,,,,Manual/source-system review required
T002449,2024-08-08 00:00:00.000000,C04019,P0143,S002,1,2247.59,0.0,2247.59,2247.59,1655.17,1655.17,592.42,26.36,Mada,E-commerce,Fashion,2449,,,,,Manual/source-system review required
T002620,2025-11-11 00:00:00.000000,C04449,P0410,S007,1,948.22,94.82,948.22,853.4,697.52,697.52,155.88,18.27,Cash,Store,Sports,2620,,,,,Manual/source-system review required
T002663,2024-01-20 00:00:00.000000,C02326,P0329,S007,5,1355.29,0.0,6776.45,6776.45,1010.3,5051.5,1724.95,25.46,Card,E-commerce,Grocery,2663,,,,,Manual/source-system review required
T002757,2024-09-27 00:00:00.000000,C03938,P0313,S005,3,2855.22,856.57,8565.66,7709.09,1977.81,5933.43,1775.66,23.03,Card,Store,Sports,2757,,,,,Manual/source-system review required
T002875,2025-02-25 00:00:00.000000,C00221,P0155,S020,3,2512.41,753.72,7537.23,6783.51,1760.91,5282.73,1500.78,22.12,Card,E-commerce,Beauty,2875,,,,,Manual/source-system review required
T002889,2024-06-12 00:00:00.000000,C03185,P0326,S018,2,2104.41,210.44,4208.82,3998.38,1448.25,2896.5,1101.88,27.56,Cash,Store,Beauty,2889,,,,,Manual/source-system review required
T003065,2025-04-06 00:00:00.000000,C02115,P0351,S018,5,2464.59,1232.3,12322.95,11090.65,1762.32,8811.6,2279.05,20.55,Apple Pay,Store,Home Appliances,3065,,,,,Manual/source-system review required
T003283,2024-07-14 00:00:00.000000,C00004,P0005,S015,2,878.33,0.0,1756.66,1756.66,563.06,1126.12,630.54,35.89,Cash,E-commerce,Electronics,3283,,,,,Manual/source-system review required
T003290,2024-02-21 00:00:00.000000,C04827,P0366,S018,1,3493.67,174.68,3493.67,3318.99,2609.32,2609.32,709.67,21.38,STC Pay,Store,Fashion,3290,,,,,Manual/source-system review required
T003586,2024-11-26 00:00:00.000000,C04410,P0175,S019,2,3434.94,0.0,6869.88,6869.88,2256.5,4513.0,2356.88,34.31,Cash,Store,Fashion,3586,,,,,Manual/source-system review required
T003734,2024-08-07 00:00:00.000000,C04387,P0227,S014,3,3018.59,0.0,9055.77,9055.77,2055.89,6167.67,2888.1,31.89,Card,Store,Beauty,3734,,,,,Manual/source-system review required
T003916,2024-07-13 00:00:00.000000,C03445,P0328,S019,2,2037.39,0.0,4074.78,4074.78,1504.62,3009.24,1065.54,26.15,STC Pay,Store,Home & Living,3916,,,,,Manual/source-system review required
T003924,2025-10-15 00:00:00.000000,C02547,P0330,S006,2,1584.82,158.48,3169.64,3011.16,1221.72,2443.44,567.72,18.85,Apple Pay,Store,Electronics,3924,,,,,Manual/source-system review required
T003983,2024-05-01 00:00:00.000000,C01278,P0039,S002,3,575.15,0.0,1725.45,1725.45,358.15,1074.45,651.0,37.73,Mada,Store,Beauty,3983,,,,,Manual/source-system review required
T004130,2025-02-11 00:00:00.000000,C03521,P0290,S005,6,1008.67,302.6,6052.02,5749.42,864.36,5186.16,563.26,9.8,Apple Pay,E-commerce,Beauty,4130,,,,,Manual/source-system review required
T004378,2024-11-09 00:00:00.000000,C01539,P0179,S014,4,1803.07,0.0,7212.28,7212.28,1327.46,5309.84,1902.44,26.38,Card,E-commerce,Home Appliances,4378,,,,,Manual/source-system review required
T004473,2025-06-07 00:00:00.000000,C03613,P0482,S015,3,2560.22,768.07,7680.66,6912.59,2114.77,6344.31,568.28,8.22,Mada,E-commerce,Sports,4473,,,,,Manual/source-system review required
T004529,2024-01-03 00:00:00.000000,C04042,P0239,S015,3,2598.78,0.0,7796.34,7796.34,1877.53,5632.59,2163.75,27.75,Card,Store,Beauty,4529,,,,,Manual/source-system review required
T004578,2025-07-15 00:00:00.000000,C00219,P0165,S004,2,2534.18,0.0,5068.36,5068.36,2138.64,4277.28,791.08,15.61,Cash,E-commerce,Home Appliances,4578,,,,,Manual/source-system review required
T004615,2024-08-17 00:00:00.000000,C03812,P0155,S005,3,2481.5,0.0,7444.5,7444.5,1760.91,5282.73,2161.77,29.04,Card,Store,Beauty,4615,,,,,Manual/source-system review required
T004976,2024-07-14 00:00:00.000000,C00109,P0258,S002,1,57.68,0.0,57.68,57.68,48.27,48.27,9.41,16.31,Card,Store,Electronics,4976,,,,,Manual/source-system review required
T005060,2025-01-05 00:00:00.000000,C02913,P0463,S014,1,3253.81,0.0,3253.81,3253.81,2190.9,2190.9,1062.91,32.67,Apple Pay,Store,Home & Living,5060,,,,,Manual/source-system review required
T005429,2025-10-29 00:00:00.000000,C00679,P0074,S001,1,4050.31,0.0,4050.31,4050.31,2865.5,2865.5,1184.81,29.25,Mada,E-commerce,Fashion,5429,,,,,Manual/source-system review required
T005546,2024-05-16 00:00:00.000000,C02147,P0006,S010,3,1931.04,0.0,5793.12,5793.12,1711.75,5135.25,657.87,11.36,Card,E-commerce,Home Appliances,5546,,,,,Manual/source-system review required
T005874,2024-11-14 00:00:00.000000,C03776,P0490,S018,3,3467.24,0.0,10401.72,10401.72,2225.16,6675.48,3726.24,35.82,Card,Store,Sports,5874,,,,,Manual/source-system review required
T006092,2024-10-22 00:00:00.000000,C00006,P0071,S005,3,290.62,0.0,871.86,871.86,253.8,761.4,110.46,12.67,Card,Store,Grocery,6092,,,,,Manual/source-system review required
T006144,2024-10-27 00:00:00.000000,C04920,P0100,S001,4,2503.03,1001.21,10012.12,9010.91,1646.83,6587.32,2423.59,26.9,Mada,Store,Home Appliances,6144,,,,,Manual/source-system review required
T006210,2024-01-07 00:00:00.000000,C02387,P0329,S013,4,1377.8,275.56,5511.2,5235.64,1010.3,4041.2,1194.44,22.81,Cash,E-commerce,Grocery,6210,,,,,Manual/source-system review required
T006360,2024-06-22 00:00:00.000000,C01800,P0256,S012,4,1664.04,998.42,6656.16,5657.74,1264.17,5056.68,601.06,10.62,Apple Pay,Store,Fashion,6360,,,,,Manual/source-system review required
T006615,2024-07-17 00:00:00.000000,C04826,P0466,S015,1,3870.15,193.51,3870.15,3676.64,2525.3,2525.3,1151.34,31.32,Apple Pay,Store,Grocery,6615,,,,,Manual/source-system review required
T006813,2025-05-31 00:00:00.000000,C01438,P0106,S006,5,2696.06,674.02,13480.3,12806.28,2121.15,10605.75,2200.53,17.18,Card,Store,Grocery,6813,,,,,Manual/source-system review required
T006993,2024-09-20 00:00:00.000000,C04089,P0014,S009,3,1172.02,175.8,3516.06,3340.26,1006.08,3018.24,322.02,9.64,STC Pay,E-commerce,Fashion,6993,,,,,Manual/source-system review required
T007032,2025-05-18 00:00:00.000000,C03763,P0033,S013,5,1124.04,0.0,5620.2,5620.2,741.64,3708.2,1912.0,34.02,Apple Pay,Store,Beauty,7032,,,,,Manual/source-system review required
T007113,2024-09-04 00:00:00.000000,C03562,P0056,S002,2,4648.95,0.0,9297.9,9297.9,2891.59,5783.18,3514.72,37.8,Mada,Store,Grocery,7113,,,,,Manual/source-system review required
T007169,2025-03-19 00:00:00.000000,C02441,P0174,S005,3,2652.05,795.62,7956.15,7160.53,2170.36,6511.08,649.45,9.07,Cash,Store,Electronics,7169,,,,,Manual/source-system review required
T007237,2025-08-09 00:00:00.000000,C04959,P0400,S005,3,2557.04,767.11,7671.12,6904.01,1786.58,5359.74,1544.27,22.37,Cash,Store,Home & Living,7237,,,,,Manual/source-system review required
T007330,2024-06-21 00:00:00.000000,C02831,P0164,S010,1,1340.82,0.0,1340.82,1340.82,854.34,854.34,486.48,36.28,Cash,Store,Sports,7330,,,,,Manual/source-system review required
T007434,2025-04-17 00:00:00.000000,C03609,P0177,S011,4,2651.91,530.38,10607.64,10077.26,1773.15,7092.6,2984.66,29.62,Cash,E-commerce,Electronics,7434,,,,,Manual/source-system review required
T007636,2024-06-25 00:00:00.000000,C03035,P0059,S005,2,613.95,122.79,1227.9,1105.11,437.45,874.9,230.21,20.83,Card,Store,Grocery,7636,,,,,Manual/source-system review required
T007697,2025-10-25 00:00:00.000000,C01412,P0130,S004,2,2259.98,452.0,4519.96,4067.96,1570.52,3141.04,926.92,22.79,Card,E-commerce,Home Appliances,7697,,,,,Manual/source-system review required
T007862,2024-09-04 00:00:00.000000,C04902,P0194,S005,2,4241.46,1272.44,8482.92,7210.48,2769.05,5538.1,1672.38,23.19,Card,Store,Sports,7862,,,,,Manual/source-system review required
T008108,2024-07-16 00:00:00.000000,C02642,P0335,S004,2,1152.92,0.0,2305.84,2305.84,844.95,1689.9,615.94,26.71,Card,Store,Electronics,8108,,,,,Manual/source-system review required
T008194,2025-05-18 00:00:00.000000,C00214,P0206,S004,3,2154.17,646.25,6462.51,5816.26,1794.25,5382.75,433.51,7.45,Mada,Store,Fashion,8194,,,,,Manual/source-system review required
T008242,2024-08-14 00:00:00.000000,C01049,P0463,S002,1,3150.94,0.0,3150.94,3150.94,2190.9,2190.9,960.04,30.47,Card,Store,Home & Living,8242,,,,,Manual/source-system review required
T008393,2025-04-06 00:00:00.000000,C02205,P0295,S010,3,4437.36,0.0,13312.08,13312.08,2921.0,8763.0,4549.08,34.17,STC Pay,Store,Grocery,8393,,,,,Manual/source-system review required
T009106,2024-02-27 00:00:00.000000,C04223,P0178,S003,4,1529.5,305.9,6118.0,5812.1,1143.29,4573.16,1238.94,21.32,STC Pay,Store,Fashion,9106,,,,,Manual/source-system review required
T009176,2024-04-09 00:00:00.000000,C04997,P0433,S020,3,956.06,0.0,2868.18,2868.18,760.77,2282.31,585.87,20.43,Mada,Store,Home & Living,9176,,,,,Manual/source-system review required
T009275,2025-12-20 00:00:00.000000,C03189,P0225,S006,1,2935.86,293.59,2935.86,2642.27,2102.56,2102.56,539.71,20.43,Mada,Store,Grocery,9275,,,,,Manual/source-system review required
T009287,2024-08-26 00:00:00.000000,C00047,P0363,S003,2,2820.21,282.02,5640.42,5358.4,2262.23,4524.46,833.94,15.56,Mada,E-commerce,Fashion,9287,,,,,Manual/source-system review required
T009483,2025-12-22 00:00:00.000000,C00867,P0190,S013,4,3902.13,1560.85,15608.52,14047.67,2878.04,11512.16,2535.51,18.05,Card,Store,home appliances,9483,,,,,Manual/source-system review required
T009701,2025-06-21 00:00:00.000000,C00593,P0436,S018,2,3788.35,378.84,7576.7,7197.86,2408.58,4817.16,2380.7,33.08,Mada,Store,Beauty,9701,,,,,Manual/source-system review required
T009870,2024-11-15 00:00:00.000000,C00627,P0124,S010,4,1004.46,0.0,4017.84,4017.84,834.75,3339.0,678.84,16.9,Mada,Store,Fashion,9870,,,,,Manual/source-system review required
T009904,2024-01-26 00:00:00.000000,C00226,P0401,S002,4,662.55,0.0,2650.2,2650.2,587.17,2348.68,301.52,11.38,Mada,Store,Beauty,9904,,,,,Manual/source-system review required
T009993,2025-10-15 00:00:00.000000,C04666,P0271,S017,2,3575.04,357.5,7150.08,6792.58,2984.83,5969.66,822.92,12.11,Apple Pay,Store,Fashion,9993,,,,,Manual/source-system review required
T010006,2024-01-02 00:00:00.000000,C04667,P0475,S003,4,3340.48,668.1,13361.92,12693.82,2280.86,9123.44,3570.38,28.13,Card,Store,Sports,10006,,,,,Manual/source-system review required
T010194,2024-05-01 00:00:00.000000,C04227,P0147,S010,3,3726.4,1676.88,11179.2,9502.32,2422.48,7267.44,2234.88,23.52,Card,Store,Grocery,10194,,,,,Manual/source-system review required
T010745,2024-12-14 00:00:00.000000,C02376,P0418,S019,3,2874.1,862.23,8622.3,7760.07,1930.1,5790.3,1969.77,25.38,Mada,Store,Grocery,10745,,,,,Manual/source-system review required
T010818,2025-01-06 00:00:00.000000,C00269,P0162,S007,1,3763.66,0.0,3763.66,3763.66,2599.21,2599.21,1164.45,30.94,Cash,Store,Home & Living,10818,,,,,Manual/source-system review required
T010868,2024-07-30 00:00:00.000000,C01035,P0138,S018,1,4101.16,410.12,4101.16,3691.04,2940.5,2940.5,750.54,20.33,Card,Store,Home & Living,10868,,,,,Manual/source-system review required
T011099,2024-03-07 00:00:00.000000,C04379,P0248,S010,5,786.76,393.38,3933.8,3540.42,558.11,2790.55,749.87,21.18,Card,Store,Fashion,11099,,,,,Manual/source-system review required
T011204,2025-10-03 00:00:00.000000,C04886,P0149,S004,3,2715.11,0.0,8145.33,8145.33,2247.46,6742.38,1402.95,17.22,Cash,Store,Sports,11204,,,,,Manual/source-system review required
T011467,2024-10-11 00:00:00.000000,C03010,P0190,S007,4,3680.28,1472.11,14721.12,13249.01,2878.04,11512.16,1736.85,13.11,Card,Store,Home Appliances,11467,,,,,Manual/source-system review required
T011700,2025-11-26 00:00:00.000000,C03754,P0450,S004,3,4092.52,0.0,12277.56,12277.56,2828.1,8484.3,3793.26,30.9,Card,E-commerce,Beauty,11700,,,,,Manual/source-system review required
T011969,2024-05-09 00:00:00.000000,C00608,P0454,S006,5,531.42,0.0,2657.1,2657.1,381.73,1908.65,748.45,28.17,Cash,Store,Sports,11969,,,,,Manual/source-system review required
T011981,2024-02-20 00:00:00.000000,C04928,P0398,S001,5,1473.23,0.0,7366.15,7366.15,1043.81,5219.05,2147.1,29.15,Mada,Store,Fashion,11981,,,,,Manual/source-system review required
T012071,2024-05-15 00:00:00.000000,C03402,P0348,S008,1,467.53,46.75,467.53,420.78,353.52,353.52,67.26,15.98,STC Pay,Store,Sports,12071,,,,,Manual/source-system review required
T012540,2024-11-16 00:00:00.000000,C02716,P0407,S013,2,2565.01,0.0,5130.02,5130.02,1629.07,3258.14,1871.88,36.49,Card,Store,Home & Living,12540,,,,,Manual/source-system review required
T012737,2024-02-03 00:00:00.000000,C01903,P0277,S009,1,1111.09,0.0,1111.09,1111.09,858.55,858.55,252.54,22.73,Card,Store,Home Appliances,12737,,,,,Manual/source-system review required
T012801,2024-09-21 00:00:00.000000,C02331,P0070,S019,5,2566.73,0.0,12833.65,12833.65,2149.49,10747.45,2086.2,16.26,Cash,E-commerce,Home & Living,12801,,,,,Manual/source-system review required
T012809,2024-06-22 00:00:00.000000,C04681,P0166,S012,3,507.85,76.18,1523.55,1447.37,362.21,1086.63,360.74,24.92,Mada,Store,Home & Living,12809,,,,,Manual/source-system review required
T012854,2025-03-20 00:00:00.000000,C00101,P0412,S019,3,1282.06,192.31,3846.18,3653.87,853.52,2560.56,1093.31,29.92,Card,Store,Beauty,12854,,,,,Manual/source-system review required
T013023,2024-07-15 00:00:00.000000,C02360,P0204,S004,1,81.38,0.0,81.38,81.38,59.02,59.02,22.36,27.48,Apple Pay,Store,Beauty,13023,,,,,Manual/source-system review required
T013109,2024-10-18 00:00:00.000000,C03920,P0118,S009,4,1483.17,0.0,5932.68,5932.68,942.39,3769.56,2163.12,36.46,Card,Store,Home & Living,13109,,,,,Manual/source-system review required
T013139,2024-11-15 00:00:00.000000,C00391,P0196,S020,3,3679.89,0.0,11039.67,11039.67,2778.19,8334.57,2705.1,24.5,Apple Pay,Store,Grocery,13139,,,,,Manual/source-system review required
T013431,2024-12-17 00:00:00.000000,C03717,P0056,S011,3,4311.87,0.0,12935.61,12935.61,2891.59,8674.77,4260.84,32.94,Cash,Store,Grocery,13431,,,,,Manual/source-system review required
T013665,2025-07-03 00:00:00.000000,C00825,P0260,S003,5,371.07,0.0,1855.35,1855.35,293.26,1466.3,389.05,20.97,Card,Store,Sports,13665,,,,,Manual/source-system review required
T013753,2025-05-19 00:00:00.000000,C00392,P0471,S019,3,1832.53,824.64,5497.59,4672.95,1216.45,3649.35,1023.6,21.9,Card,Store,Electronics,13753,,,,,Manual/source-system review required
T013806,2025-01-24 00:00:00.000000,C02110,P0342,S017,5,1492.43,0.0,7462.15,7462.15,989.07,4945.35,2516.8,33.73,Card,Store,Electronics,13806,,,,,Manual/source-system review required
T014006,2024-05-06 00:00:00.000000,C01700,P0218,S011,4,350.54,0.0,1402.16,1402.16,274.82,1099.28,302.88,21.6,Mada,Store,Grocery,14006,,,,,Manual/source-system review required
T014472,2024-03-03 00:00:00.000000,C04929,P0481,S020,3,2193.02,328.95,6579.06,6250.11,1934.13,5802.39,447.72,7.16,Card,E-commerce,Home Appliances,14472,,,,,Manual/source-system review required
T014626,2024-03-11 00:00:00.000000,C04134,P0386,S018,1,1843.21,0.0,1843.21,1843.21,1244.86,1244.86,598.35,32.46,Cash,Store,Fashion,14626,,,,,Manual/source-system review required
T014766,2025-10-31 00:00:00.000000,C01247,P0106,S001,6,2751.93,0.0,16511.58,16511.58,2121.15,12726.9,3784.68,22.92,Card,Store,Grocery,14766,,,,,Manual/source-system review required
T014795,2024-05-23 00:00:00.000000,C01002,P0100,S003,1,2411.53,120.58,2411.53,2290.95,1646.83,1646.83,644.12,28.12,Cash,Store,Home Appliances,14795,,,,,Manual/source-system review required
T014806,2024-07-26 00:00:00.000000,C01441,P0475,S011,2,3458.66,0.0,6917.32,6917.32,2280.86,4561.72,2355.6,34.05,Mada,E-commerce,Sports,14806,,,,,Manual/source-system review required
T014965,2025-04-08 00:00:00.000000,C04234,P0001,S012,4,3580.72,1432.29,14322.88,12890.59,2582.62,10330.48,2560.11,19.86,Mada,Store,Home & Living,14965,,,,,Manual/source-system review required
T015316,2024-06-21 00:00:00.000000,C03159,P0108,S013,4,511.35,0.0,2045.4,2045.4,370.23,1480.92,564.48,27.6,Card,Store,Home & Living,15316,,,,,Manual/source-system review required
T015395,2024-11-27 00:00:00.000000,C02252,P0365,S007,1,3566.9,0.0,3566.9,3566.9,2427.38,2427.38,1139.52,31.95,Card,Store,Electronics,15395,,,,,Manual/source-system review required
T015623,2024-10-27 00:00:00.000000,C04014,P0478,S016,1,2425.78,242.58,2425.78,2183.2,1787.27,1787.27,395.93,18.14,Apple Pay,E-commerce,Fashion,15623,,,,,Manual/source-system review required
T015636,2024-11-28 00:00:00.000000,C04495,P0232,S016,2,1790.17,0.0,3580.34,3580.34,1225.06,2450.12,1130.22,31.57,Cash,Store,Fashion,15636,,,,,Manual/source-system review required
T015867,2025-12-24 00:00:00.000000,C03059,P0269,S018,1,197.64,0.0,197.64,197.64,129.46,129.46,68.18,34.5,Card,E-commerce,Electronics,15867,,,,,Manual/source-system review required
T016265,2024-07-29 00:00:00.000000,C04866,P0003,S015,5,84.87,42.44,424.35,381.91,67.58,337.9,44.01,11.52,Apple Pay,Store,Grocery,16265,,,,,Manual/source-system review required
T016399,2024-12-14 00:00:00.000000,C04826,P0195,S011,3,1341.95,0.0,4025.85,4025.85,1135.82,3407.46,618.39,15.36,Cash,Store,Fashion,16399,,,,,Manual/source-system review required
T016436,2024-03-20 00:00:00.000000,C03932,P0336,S011,5,2703.52,1351.76,13517.6,12165.84,1876.44,9382.2,2783.64,22.88,Mada,E-commerce,Home & Living,16436,,,,,Manual/source-system review required
T016469,2025-03-09 00:00:00.000000,C03892,P0299,S007,3,1713.35,514.0,5140.05,4626.05,1365.13,4095.39,530.66,11.47,Mada,E-commerce,Electronics,16469,,,,,Manual/source-system review required
T016529,2024-05-15 00:00:00.000000,C03924,P0028,S020,2,4807.78,961.56,9615.56,8654.0,2915.91,5831.82,2822.18,32.61,Card,Store,Home & Living,16529,,,,,Manual/source-system review required
T016579,2025-04-07 00:00:00.000000,C02586,P0108,S019,4,541.79,108.36,2167.16,2058.8,370.23,1480.92,577.88,28.07,STC Pay,Store,Home & Living,16579,,,,,Manual/source-system review required
T016606,2024-05-23 00:00:00.000000,C01037,P0420,S015,3,777.56,233.27,2332.68,2099.41,541.02,1623.06,476.35,22.69,Cash,Store,Sports,16606,,,,,Manual/source-system review required
T016623,2025-06-03 00:00:00.000000,C04276,P0489,S009,1,516.9,0.0,516.9,516.9,372.64,372.64,144.26,27.91,Mada,Store,Home Appliances,16623,,,,,Manual/source-system review required
T016734,2025-07-03 00:00:00.000000,C03367,P0067,S013,1,532.76,0.0,532.76,532.76,398.64,398.64,134.12,25.17,Apple Pay,E-commerce,Home Appliances,16734,,,,,Manual/source-system review required
T016899,2024-10-13 00:00:00.000000,C01958,P0205,S017,3,641.72,0.0,1925.16,1925.16,463.01,1389.03,536.13,27.85,Mada,E-commerce,Home Appliances,16899,,,,,Manual/source-system review required
T016927,2024-10-02 00:00:00.000000,C04619,P0012,S019,4,3110.75,1244.3,12443.0,11198.7,2139.8,8559.2,2639.5,23.57,STC Pay,Store,Beauty,16927,,,,,Manual/source-system review required
T016952,2025-11-25 00:00:00.000000,C02273,P0234,S010,4,1032.71,0.0,4130.84,4130.84,751.14,3004.56,1126.28,27.27,Mada,Store,Home & Living,16952,,,,,Manual/source-system review required
T017065,2024-11-22 00:00:00.000000,C00915,P0138,S016,4,4015.6,0.0,16062.4,16062.4,2940.5,11762.0,4300.4,26.77,Cash,Store,Home & Living,17065,,,,,Manual/source-system review required
T017204,2025-06-08 00:00:00.000000,C04003,P0252,S011,1,2339.92,117.0,2339.92,2222.92,1690.82,1690.82,532.1,23.94,Mada,Store,Grocery,17204,,,,,Manual/source-system review required
T017214,2024-02-17 00:00:00.000000,C03123,P0072,S009,3,2720.68,408.1,8162.04,7753.94,2094.0,6282.0,1471.94,18.98,Apple Pay,Store,Home & Living,17214,,,,,Manual/source-system review required
T017312,2025-10-01 00:00:00.000000,C02802,P0204,S010,1,85.1,4.26,85.1,80.84,59.02,59.02,21.82,26.99,Card,E-commerce,Beauty,17312,,,,,Manual/source-system review required
T017568,2024-12-03 00:00:00.000000,C04137,P0243,S008,2,1519.3,151.93,3038.6,2886.67,957.5,1915.0,971.67,33.66,Card,Store,Electronics,17568,,,,,Manual/source-system review required
T017793,2024-10-27 00:00:00.000000,C02339,P0369,S010,3,846.71,254.01,2540.13,2286.12,697.26,2091.78,194.34,8.5,Cash,Store,Grocery,17793,,,,,Manual/source-system review required
T018821,2024-03-17 00:00:00.000000,C04021,P0373,S006,3,2487.35,746.2,7462.05,6715.85,1748.91,5246.73,1469.12,21.88,Card,Store,Home Appliances,18821,,,,,Manual/source-system review required
T018907,2024-05-06 00:00:00.000000,C04668,P0382,S014,2,2140.72,0.0,4281.44,4281.44,1710.59,3421.18,860.26,20.09,Mada,E-commerce,Home Appliances,18907,,,,,Manual/source-system review required
T019072,2025-07-21 00:00:00.000000,C02651,P0189,S002,2,1980.3,792.12,3960.6,3168.48,1637.32,3274.64,-106.16,-3.35,Card,E-commerce,Grocery,19072,,,,,Manual/source-system review required
T019241,2025-05-09 00:00:00.000000,C00106,P0221,S006,2,1207.96,120.8,2415.92,2295.12,818.83,1637.66,657.46,28.65,Mada,E-commerce,Electronics,19241,,,,,Manual/source-system review required
T019492,2025-05-27 00:00:00.000000,C04592,P0361,S006,3,2357.82,0.0,7073.46,7073.46,1960.67,5882.01,1191.45,16.84,Apple Pay,Store,Sports,19492,,,,,Manual/source-system review required
T019738,2024-07-18 00:00:00.000000,C03885,P0293,S015,3,2472.22,370.83,7416.66,7045.83,2130.35,6391.05,654.78,9.29,Mada,Store,Electronics,19738,,,,,Manual/source-system review required
T019844,2024-01-24 00:00:00.000000,C00582,P0311,S003,3,2298.21,344.73,6894.63,6549.9,1778.99,5336.97,1212.93,18.52,Apple Pay,Store,Home & Living,19844,,,,,Manual/source-system review required
T019859,2024-06-16 00:00:00.000000,C00833,P0266,S016,5,4311.74,2155.87,21558.7,19402.83,2713.1,13565.5,5837.33,30.08,Apple Pay,Store,Sports,19859,,,,,Manual/source-system review required
T019971,2025-02-16 00:00:00.000000,C02505,P0311,S005,2,2450.99,0.0,4901.98,4901.98,1778.99,3557.98,1344.0,27.42,Mada,E-commerce,Home & Living,19971,,,,,Manual/source-system review required
T020206,2024-11-06 00:00:00.000000,C04130,P0091,S012,5,508.1,381.08,2540.5,2159.42,400.52,2002.6,156.82,7.26,Cash,Store,Grocery,20206,,,,,Manual/source-system review required
T020372,2025-08-10 00:00:00.000000,C01843,P0352,S009,4,3184.26,1273.7,12737.04,11463.34,2896.05,11584.2,-120.86,-1.05,Card,Store,Home & Living,20372,,,,,Manual/source-system review required
T020442,2024-12-02 00:00:00.000000,C04718,P0141,S008,2,3615.25,723.05,7230.5,6507.45,2692.43,5384.86,1122.59,17.25,Card,Store,Electronics,20442,,,,,Manual/source-system review required
T020474,2024-10-16 00:00:00.000000,C03857,P0082,S008,4,134.64,0.0,538.56,538.56,99.0,396.0,142.56,26.47,Cash,Store,Sports,20474,,,,,Manual/source-system review required
T020476,2025-09-02 00:00:00.000000,C02395,P0461,S017,2,4432.5,0.0,8865.0,8865.0,2977.4,5954.8,2910.2,32.83,Cash,Store,Grocery,20476,,,,,Manual/source-system review required
T020691,2025-11-30 00:00:00.000000,C04726,P0302,S016,3,4152.25,1245.68,12456.75,11211.07,2894.27,8682.81,2528.26,22.55,Card,Store,Home & Living,20691,,,,,Manual/source-system review required
T020866,2025-10-21 00:00:00.000000,C00431,P0307,S016,4,105.28,21.06,421.12,400.06,73.23,292.92,107.14,26.78,Apple Pay,Store,Sports,20866,,,,,Manual/source-system review required
T020892,2024-04-28 00:00:00.000000,C00557,P0378,S011,5,2294.01,2294.01,11470.05,9176.04,1578.79,7893.95,1282.09,13.97,Apple Pay,Store,Sports,20892,,,,,Manual/source-system review required
T021055,2024-03-13 00:00:00.000000,C02235,P0258,S018,4,56.35,33.81,225.4,191.59,48.27,193.08,-1.49,-0.78,Card,Store,Electronics,21055,,,,,Manual/source-system review required
T021502,2025-09-07 00:00:00.000000,C04570,P0173,S012,2,3448.18,344.82,6896.36,6551.54,2816.25,5632.5,919.04,14.03,Card,Store,Home & Living,21502,,,,,Manual/source-system review required
T021749,2025-01-09 00:00:00.000000,C03781,P0093,S019,2,3802.47,760.49,7604.94,6844.45,2709.61,5419.22,1425.23,20.82,Card,Store,Electronics,21749,,,,,Manual/source-system review required
T021786,2025-10-31 00:00:00.000000,C02946,P0224,S012,4,747.58,149.52,2990.32,2840.8,562.68,2250.72,590.08,20.77,Mada,E-commerce,Sports,21786,,,,,Manual/source-system review required
T021885,2024-06-01 00:00:00.000000,C03388,P0155,S009,4,2726.77,0.0,10907.08,10907.08,1760.91,7043.64,3863.44,35.42,Card,Store,Beauty,21885,,,,,Manual/source-system review required
T022051,2025-05-16 00:00:00.000000,C03033,P0135,S008,4,2281.46,912.58,9125.84,8213.26,1651.39,6605.56,1607.7,19.57,STC Pay,Store,Grocery,22051,,,,,Manual/source-system review required
T022287,2024-05-25 00:00:00.000000,C03041,P0053,S005,2,2729.67,545.93,5459.34,4913.41,2172.91,4345.82,567.59,11.55,Cash,Store,Electronics,22287,,,,,Manual/source-system review required
T022603,2025-02-28 00:00:00.000000,C03785,P0329,S007,2,1390.78,139.08,2781.56,2642.48,1010.3,2020.6,621.88,23.53,STC Pay,Store,Grocery,22603,,,,,Manual/source-system review required
T023445,2024-08-16 00:00:00.000000,C03583,P0355,S011,3,898.04,404.12,2694.12,2290.0,621.52,1864.56,425.44,18.58,Card,Store,Beauty,23445,,,,,Manual/source-system review required
T023539,2025-01-11 00:00:00.000000,C03306,P0406,S002,4,3458.7,0.0,13834.8,13834.8,2923.01,11692.04,2142.76,15.49,Mada,Store,Electronics,23539,,,,,Manual/source-system review required
T023719,2024-12-05 00:00:00.000000,C03823,P0451,S019,3,464.33,0.0,1392.99,1392.99,313.22,939.66,453.33,32.54,Card,Store,Grocery,23719,,,,,Manual/source-system review required
T023763,2025-10-18 00:00:00.000000,C02282,P0054,S012,4,891.19,178.24,3564.76,3386.52,547.79,2191.16,1195.36,35.3,Card,Store,Electronics,23763,,,,,Manual/source-system review required
T024022,2024-03-15 00:00:00.000000,C00631,P0272,S020,1,2329.4,0.0,2329.4,2329.4,1483.74,1483.74,845.66,36.3,Card,Store,Fashion,24022,,,,,Manual/source-system review required
T024358,2024-01-13 00:00:00.000000,C00544,P0112,S005,2,3864.74,0.0,7729.48,7729.48,2908.52,5817.04,1912.44,24.74,STC Pay,Store,Electronics,24358,,,,,Manual/source-system review required
T024411,2025-01-06 00:00:00.000000,C03313,P0147,S013,1,3490.36,174.52,3490.36,3315.84,2422.48,2422.48,893.36,26.94,Mada,E-commerce,Grocery,24411,,,,,Manual/source-system review required
T024564,2024-08-05 00:00:00.000000,C02518,P0274,S009,2,3656.56,1462.62,7313.12,5850.5,2583.18,5166.36,684.14,11.69,Mada,E-commerce,Fashion,24564,,,,,Manual/source-system review required
T024954,2024-08-16 00:00:00.000000,C03874,P0456,S002,2,512.71,0.0,1025.42,1025.42,393.2,786.4,239.02,23.31,Apple Pay,Store,Grocery,24954,,,,,Manual/source-system review required
T025112,2025-08-21 00:00:00.000000,C00941,P0338,S016,5,3691.42,0.0,18457.1,18457.1,2914.76,14573.8,3883.3,21.04,Apple Pay,Store,Fashion,25112,,,,,Manual/source-system review required
T025372,2024-08-23 00:00:00.000000,C02935,P0070,S013,-2,2526.41,1010.56,5052.82,4042.26,2149.49,4298.98,-256.72,-6.35,Card,Store,Home & Living,25372,,,,,Manual/source-system review required
T025376,2024-09-12 00:00:00.000000,C02004,P0227,S003,3,3041.15,0.0,9123.45,9123.45,2055.89,6167.67,2955.78,32.4,Card,Store,Beauty,25376,,,,,Manual/source-system review required
T025976,2024-11-27 00:00:00.000000,C02027,P0109,S018,6,979.64,293.89,5877.84,5583.95,727.77,4366.62,1217.33,21.8,Card,Store,Electronics,25976,,,,,Manual/source-system review required
T026303,2025-05-20 00:00:00.000000,C03800,P0333,S018,2,2316.05,0.0,4632.1,4632.1,1744.45,3488.9,1143.2,24.68,Apple Pay,Store,Grocery,26303,,,,,Manual/source-system review required
T026502,2025-07-11 00:00:00.000000,C01383,P0141,S005,6,3829.84,0.0,22979.04,22979.04,2692.43,16154.58,6824.46,29.7,STC Pay,Store,Electronics,26502,,,,,Manual/source-system review required
T026566,2024-02-01 00:00:00.000000,C02957,P0231,S018,2,2540.59,254.06,5081.18,4827.12,1906.63,3813.26,1013.86,21.0,Card,E-commerce,Fashion,26566,,,,,Manual/source-system review required
T026585,2025-03-31 00:00:00.000000,C03976,P0354,S001,4,1426.33,570.53,5705.32,5134.79,1041.11,4164.44,970.35,18.9,Card,Store,Sports,26585,,,,,Manual/source-system review required
T026770,2025-04-08 00:00:00.000000,C02002,P0311,S016,2,2294.77,0.0,4589.54,4589.54,1778.99,3557.98,1031.56,22.48,Mada,Store,Home & Living,26770,,,,,Manual/source-system review required
T026827,2024-02-16 00:00:00.000000,C03706,P0018,S011,2,1578.48,473.54,3156.96,2683.42,1329.22,2658.44,24.98,0.93,Card,E-commerce,Fashion,26827,,,,,Manual/source-system review required
T026840,2024-10-16 00:00:00.000000,C00454,P0414,S005,2,1658.0,0.0,3316.0,3316.0,1185.31,2370.62,945.38,28.51,Card,Store,Home & Living,26840,,,,,Manual/source-system review required
T026872,2024-12-25 00:00:00.000000,C03638,P0096,S012,5,2856.71,714.18,14283.55,13569.37,2036.77,10183.85,3385.52,24.95,Card,E-commerce,Home Appliances,26872,,,,,Manual/source-system review required
T027054,2024-11-26 00:00:00.000000,C04804,P0271,S007,4,3768.49,753.7,15073.96,14320.26,2984.83,11939.32,2380.94,16.63,Cash,Store,Fashion,27054,,,,,Manual/source-system review required
T027115,2024-05-26 00:00:00.000000,C00625,P0447,S012,4,190.87,38.17,763.48,725.31,133.31,533.24,192.07,26.48,Apple Pay,Store,Home Appliances,27115,,,,,Manual/source-system review required
T027847,2024-03-09 00:00:00.000000,C04945,P0095,S016,2,3162.6,316.26,6325.2,6008.94,2718.04,5436.08,572.86,9.53,Card,Store,Electronics,27847,,,,,Manual/source-system review required
T027887,2024-04-29 00:00:00.000000,C03606,P0201,S010,2,1938.87,193.89,3877.74,3683.85,1407.79,2815.58,868.27,23.57,Card,Store,Beauty,27887,,,,,Manual/source-system review required
T027956,2025-03-26 00:00:00.000000,C04417,P0406,S017,4,3436.88,687.38,13747.52,13060.14,2923.01,11692.04,1368.1,10.48,Card,E-commerce,Electronics,27956,,,,,Manual/source-system review required
T028145,2025-11-07 00:00:00.000000,C00754,P0310,S019,3,1694.14,254.12,5082.42,4828.3,1484.95,4454.85,373.45,7.73,Apple Pay,E-commerce,Fashion,28145,,,,,Manual/source-system review required
T028228,2025-02-13 00:00:00.000000,C01238,P0432,S005,3,3596.17,0.0,10788.51,10788.51,2486.06,7458.18,3330.33,30.87,Card,Store,Home Appliances,28228,,,,,Manual/source-system review required
T028261,2024-07-16 00:00:00.000000,C04000,P0251,S015,2,1518.55,0.0,3037.1,3037.1,970.92,1941.84,1095.26,36.06,Mada,Store,Home & Living,28261,,,,,Manual/source-system review required
T028276,2024-07-31 00:00:00.000000,C02795,P0459,S018,3,1796.09,269.41,5388.27,5118.86,1307.59,3922.77,1196.09,23.37,STC Pay,E-commerce,Fashion,28276,,,,,Manual/source-system review required
T028853,2025-11-10 00:00:00.000000,C03334,P0465,S014,6,619.84,185.95,3719.04,3533.09,412.55,2475.3,1057.79,29.94,Mada,Store,Beauty,28853,,,,,Manual/source-system review required
T029015,2024-11-24 00:00:00.000000,C01646,P0036,S014,1,2346.86,117.34,2346.86,2229.52,2039.14,2039.14,190.38,8.54,Apple Pay,E-commerce,Electronics,29015,,,,,Manual/source-system review required
T029164,2025-06-15 00:00:00.000000,C02189,P0177,S011,3,2501.8,375.27,7505.4,7130.13,1773.15,5319.45,1810.68,25.39,Card,E-commerce,Electronics,29164,,,,,Manual/source-system review required
T029212,2025-09-01 00:00:00.000000,C02016,P0185,S003,4,2909.46,1163.78,11637.84,10474.06,2147.91,8591.64,1882.42,17.97,STC Pay,E-commerce,Electronics,29212,,,,,Manual/source-system review required
T029548,2025-11-08 00:00:00.000000,C02001,P0066,S020,5,130.9,0.0,654.5,654.5,110.89,554.45,100.05,15.29,Card,E-commerce,Home & Living,29548,,,,,Manual/source-system review required
T029619,2025-09-15 00:00:00.000000,C04294,P0303,S002,3,1946.09,0.0,5838.27,5838.27,1239.82,3719.46,2118.81,36.29,Cash,E-commerce,Home Appliances,29619,,,,,Manual/source-system review required
T029827,2025-10-19 00:00:00.000000,C00507,P0447,S019,4,205.96,41.19,823.84,782.65,133.31,533.24,249.41,31.87,Card,Store,Home Appliances,29827,,,,,Manual/source-system review required
T029916,2025-10-06 00:00:00.000000,C02458,P0121,S014,4,1793.88,0.0,7175.52,7175.52,1245.54,4982.16,2193.36,30.57,Card,Store,Beauty,29916,,,,,Manual/source-system review required
T030005,2024-06-19 00:00:00.000000,C04646,P0037,S014,1,2485.05,0.0,2485.05,2485.05,1942.61,1942.61,542.44,21.83,Apple Pay,E-commerce,Electronics,30005,,,,,Manual/source-system review required
T030123,2025-02-01 00:00:00.000000,C00265,P0397,S020,5,3245.36,0.0,16226.8,16226.8,2684.69,13423.45,2803.35,17.28,Mada,Store,Home Appliances,30123,,,,,Manual/source-system review required
T030229,2025-12-04 00:00:00.000000,C00523,P0412,S009,2,1345.14,403.54,2690.28,2286.74,853.52,1707.04,579.7,25.35,Mada,Store,Beauty,30229,,,,,Manual/source-system review required
T030301,2024-06-10 00:00:00.000000,C03873,P0416,S006,2,3011.29,301.13,6022.58,5721.45,2374.29,4748.58,972.87,17.0,Cash,Store,Fashion,30301,,,,,Manual/source-system review required
T030401,2024-03-31 00:00:00.000000,C03949,P0181,S020,1,2274.92,113.75,2274.92,2161.17,1637.69,1637.69,523.48,24.22,Apple Pay,Store,Fashion,30401,,,,,Manual/source-system review required
T030657,2024-10-30 00:00:00.000000,C04547,P0195,S020,4,1351.86,0.0,5407.44,5407.44,1135.82,4543.28,864.16,15.98,Card,Store,Fashion,30657,,,,,Manual/source-system review required
T031099,2025-05-29 00:00:00.000000,C02302,P0340,S006,2,1601.72,0.0,3203.44,3203.44,1090.52,2181.04,1022.4,31.92,Card,E-commerce,Sports,31099,,,,,Manual/source-system review required
T031155,2024-03-01 00:00:00.000000,C03036,P0032,S010,5,1025.98,769.48,5129.9,4360.42,741.32,3706.6,653.82,14.99,Mada,Store,Beauty,31155,,,,,Manual/source-system review required
T031744,2025-03-20 00:00:00.000000,C00972,P0195,S001,3,1331.7,199.76,3995.1,3795.34,1135.82,3407.46,387.88,10.22,Apple Pay,E-commerce,Fashion,31744,,,,,Manual/source-system review required
T031979,2025-01-27 00:00:00.000000,C02888,P0391,S004,4,362.93,217.76,1451.72,1233.96,305.23,1220.92,13.04,1.06,Apple Pay,Store,Electronics,31979,,,,,Manual/source-system review required
T032058,2025-08-01 00:00:00.000000,C04671,P0231,S006,5,2515.83,0.0,12579.15,12579.15,1906.63,9533.15,3046.0,24.21,Card,E-commerce,Fashion,32058,,,,,Manual/source-system review required
T032074,2025-02-04 00:00:00.000000,C03634,P0369,S019,4,860.89,0.0,3443.56,3443.56,697.26,2789.04,654.52,19.01,Mada,Store,Grocery,32074,,,,,Manual/source-system review required
T032115,2024-11-18 00:00:00.000000,C04784,P0224,S015,4,768.84,153.77,3075.36,2921.59,562.68,2250.72,670.87,22.96,Mada,Store,Sports,32115,,,,,Manual/source-system review required
T032185,2025-02-22 00:00:00.000000,C02234,P0038,S017,2,2293.41,0.0,4586.82,4586.82,1562.9,3125.8,1461.02,31.85,Mada,Store,Electronics,32185,,,,,Manual/source-system review required
T032225,2025-12-14 00:00:00.000000,C03205,P0340,S019,4,1555.5,1244.4,6222.0,4977.6,1090.52,4362.08,615.52,12.37,Mada,Store,Sports,32225,,,,,Manual/source-system review required
T032437,2025-05-04 00:00:00.000000,C01992,P0052,S005,5,2688.5,672.12,13442.5,12770.38,1942.41,9712.05,3058.33,23.95,Cash,E-commerce,Electronics,32437,,,,,Manual/source-system review required
T032565,2024-12-17 00:00:00.000000,,P0249,S011,6,1362.26,817.36,8173.56,7356.2,906.1,5436.6,1919.6,26.09,Mada,E-commerce,Home Appliances,32565,,,,,Manual/source-system review required
T032686,,C00953,P0359,S001,3,182.02,0.0,546.06,546.06,110.55,331.65,214.41,39.26,Apple Pay,E-commerce,Fashion,32686,,,,,Manual/source-system review required
T033214,2024-02-19 00:00:00.000000,C04489,P0087,S018,2,1620.27,162.03,3240.54,3078.51,1168.48,2336.96,741.55,24.09,STC Pay,Store,Grocery,33214,,,,,Manual/source-system review required
T033297,2024-08-10 00:00:00.000000,C01533,P0203,S011,3,149.68,0.0,449.04,449.04,120.96,362.88,86.16,19.19,Mada,Store,Home Appliances,33297,,,,,Manual/source-system review required
T033663,2025-05-24 00:00:00.000000,C02639,P0469,S013,1,693.44,0.0,693.44,693.44,497.01,497.01,196.43,28.33,Apple Pay,Store,Sports,33663,,,,,Manual/source-system review required
T033803,2024-05-15 00:00:00.000000,C00361,P0308,S013,2,2701.72,0.0,5403.44,5403.44,1857.62,3715.24,1688.2,31.24,Cash,Store,Beauty,33803,,,,,Manual/source-system review required
T033819,2024-05-08 00:00:00.000000,C01831,P0406,S018,3,3275.81,491.37,9827.43,9336.06,2923.01,8769.03,567.03,6.07,Card,Store,Electronics,33819,,,,,Manual/source-system review required
T033943,2024-04-10 00:00:00.000000,C01345,P0207,S009,3,3437.31,0.0,10311.93,10311.93,2696.2,8088.6,2223.33,21.56,Mada,E-commerce,Grocery,33943,,,,,Manual/source-system review required
T034224,2024-05-31 00:00:00.000000,C04836,P0082,S001,3,143.06,21.46,429.18,407.72,99.0,297.0,110.72,27.16,Cash,Store,Sports,34224,,,,,Manual/source-system review required
T035247,2024-10-02 00:00:00.000000,C04898,P0206,S013,4,2209.24,1325.54,8836.96,7511.42,1794.25,7177.0,334.42,4.45,Mada,Store,Fashion,35247,,,,,Manual/source-system review required
T035268,2024-11-25 00:00:00.000000,C04835,P0138,S012,1,3998.06,0.0,3998.06,3998.06,2940.5,2940.5,1057.56,26.45,Apple Pay,E-commerce,Home & Living,35268,,,,,Manual/source-system review required
T035395,2024-03-16 00:00:00.000000,C02046,P0417,S016,3,814.37,122.16,2443.11,2320.95,537.1,1611.3,709.65,30.58,Card,Store,Fashion,35395,,,,,Manual/source-system review required
T035528,2024-10-13 00:00:00.000000,C02544,P0303,S010,4,1961.51,1176.91,7846.04,6669.13,1239.82,4959.28,1709.85,25.64,Card,E-commerce,Home Appliances,35528,,,,,Manual/source-system review required
T035589,2025-06-01 00:00:00.000000,C00225,P0020,S004,1,823.85,41.19,823.85,782.66,701.82,701.82,80.84,10.33,Card,Store,Home Appliances,35589,,,,,Manual/source-system review required
T035633,2024-08-31 00:00:00.000000,C02966,P0269,S007,3,208.11,0.0,624.33,624.33,129.46,388.38,235.95,37.79,Mada,Store,Electronics,35633,,,,,Manual/source-system review required
T035807,2024-01-14 00:00:00.000000,C02797,P0071,S004,2,281.2,56.24,562.4,506.16,253.8,507.6,-1.44,-0.28,Card,E-commerce,Grocery,35807,,,,,Manual/source-system review required
T036073,2024-06-29 00:00:00.000000,C01094,P0458,S001,2,1617.6,323.52,3235.2,2911.68,1028.04,2056.08,855.6,29.39,Mada,E-commerce,Electronics,36073,,,,,Manual/source-system review required
T036218,2024-02-18 00:00:00.000000,C03562,P0034,S003,2,2632.44,263.24,5264.88,5001.64,1907.92,3815.84,1185.8,23.71,Mada,Store,Home Appliances,36218,,,,,Manual/source-system review required
T036299,2025-06-20 00:00:00.000000,C00301,P0008,S004,3,685.24,0.0,2055.72,2055.72,604.03,1812.09,243.63,11.85,Mada,Store,Sports,36299,,,,,Manual/source-system review required
T036353,2024-03-18 00:00:00.000000,C00356,P0490,S005,4,3363.34,0.0,13453.36,13453.36,2225.16,8900.64,4552.72,33.84,Card,Store,Sports,36353,,,,,Manual/source-system review required
T036486,2024-09-02 00:00:00.000000,C02431,P0027,S001,4,957.75,191.55,3831.0,3639.45,671.92,2687.68,951.77,26.15,STC Pay,Store,Sports,36486,,,,,Manual/source-system review required
T036494,2025-08-23 00:00:00.000000,C03602,P0172,S019,2,3012.53,0.0,6025.06,6025.06,2243.0,4486.0,1539.06,25.54,Card,Store,Grocery,36494,,,,,Manual/source-system review required
T036657,2025-04-19 00:00:00.000000,C04633,P0197,S004,1,646.75,0.0,646.75,646.75,513.25,513.25,133.5,20.64,Card,E-commerce,Sports,36657,,,,,Manual/source-system review required
T036756,2024-04-27 00:00:00.000000,C04496,P0347,S004,4,3560.46,1424.18,14241.84,12817.66,2349.74,9398.96,3418.7,26.67,Mada,Store,Home Appliances,36756,,,,,Manual/source-system review required
T036824,2024-11-12 00:00:00.000000,C02163,P0329,S012,4,1371.06,822.64,5484.24,4661.6,1010.3,4041.2,620.4,13.31,Card,Store,Grocery,36824,,,,,Manual/source-system review required
T037201,2024-10-06 00:00:00.000000,C01338,P0157,S015,4,2728.53,1091.41,10914.12,9822.71,1944.83,7779.32,2043.39,20.8,Cash,Store,Home Appliances,37201,,,,,Manual/source-system review required
T037487,2024-07-18 00:00:00.000000,C01616,P0431,S005,3,1750.53,262.58,5251.59,4989.01,1360.36,4081.08,907.93,18.2,Card,E-commerce,Home Appliances,37487,,,,,Manual/source-system review required
T037871,2024-09-10 00:00:00.000000,C02415,P0422,S003,3,662.43,99.36,1987.29,1887.93,422.8,1268.4,619.53,32.82,Card,Store,Home & Living,37871,,,,,Manual/source-system review required
T037916,2024-07-11 00:00:00.000000,C04364,P0083,S005,3,1649.65,0.0,4948.95,4948.95,1176.75,3530.25,1418.7,28.67,Mada,Store,Home & Living,37916,,,,,Manual/source-system review required
T038274,2025-05-20 00:00:00.000000,C02014,P0199,S004,1,1483.76,148.38,1483.76,1335.38,1018.89,1018.89,316.49,23.7,Apple Pay,Store,Sports,38274,,,,,Manual/source-system review required
T038432,2024-03-31 00:00:00.000000,C03724,P0450,S016,4,4252.54,0.0,17010.16,17010.16,2828.1,11312.4,5697.76,33.5,Cash,E-commerce,Beauty,38432,,,,,Manual/source-system review required
T038508,2024-07-25 00:00:00.000000,C03909,P0222,S014,1,3157.32,0.0,3157.32,3157.32,2585.98,2585.98,571.34,18.1,Mada,E-commerce,Home Appliances,38508,,,,,Manual/source-system review required
T038557,2024-11-03 00:00:00.000000,C04913,P0030,S018,4,3978.37,0.0,15913.48,15913.48,2930.31,11721.24,4192.24,26.34,Card,Store,Grocery,38557,,,,,Manual/source-system review required
T038687,2025-03-15 00:00:00.000000,C04445,P0201,S017,1,1902.63,0.0,1902.63,1902.63,1407.79,1407.79,494.84,26.01,STC Pay,Store,Beauty,38687,,,,,Manual/source-system review required
T039403,2025-10-09 00:00:00.000000,C04955,P0216,S007,6,3395.69,1018.71,20374.14,19355.43,2494.06,14964.36,4391.07,22.69,Cash,Store,Sports,39403,,,,,Manual/source-system review required
T039546,2024-09-12 00:00:00.000000,C04406,P0012,S019,3,3195.57,479.34,9586.71,9107.37,2139.8,6419.4,2687.97,29.51,Card,Store,Beauty,39546,,,,,Manual/source-system review required
T039651,2024-07-12 00:00:00.000000,C04113,P0413,S019,2,3690.34,738.07,7380.68,6642.61,2759.79,5519.58,1123.03,16.91,Card,Store,Grocery,39651,,,,,Manual/source-system review required
T039687,2025-01-04 00:00:00.000000,,P0293,S004,3,2459.26,0.0,7377.78,7377.78,2130.35,6391.05,986.73,13.37,Card,Store,Electronics,39687,,,,,Manual/source-system review required
T039883,2024-07-08 00:00:00.000000,C00135,P0270,S015,3,2388.82,358.32,7166.46,6808.14,1896.74,5690.22,1117.92,16.42,Card,Store,Home Appliances,39883,,,,,Manual/source-system review required
T040027,2025-06-10 00:00:00.000000,C04211,P0175,S006,2,3280.6,328.06,6561.2,6233.14,2256.5,4513.0,1720.14,27.6,Card,Store,Fashion,40027,,,,,Manual/source-system review required
T040197,2025-03-04 00:00:00.000000,C00755,P0125,S010,3,2328.94,0.0,6986.82,6986.82,1612.35,4837.05,2149.77,30.77,Apple Pay,Store,Home Appliances,40197,,,,,Manual/source-system review required
T040472,2024-03-25 00:00:00.000000,C01472,P0284,S019,1,2799.73,0.0,2799.73,2799.73,2046.82,2046.82,752.91,26.89,STC Pay,Store,Beauty,40472,,,,,Manual/source-system review required
T040715,2025-02-23 00:00:00.000000,C04175,P0376,S009,5,1124.27,0.0,5621.35,5621.35,745.58,3727.9,1893.45,33.68,Card,E-commerce,Home & Living,40715,,,,,Manual/source-system review required
T041066,2024-04-16 00:00:00.000000,C00096,P0311,S007,2,2447.45,0.0,4894.9,4894.9,1778.99,3557.98,1336.92,27.31,Card,E-commerce,Home & Living,41066,,,,,Manual/source-system review required
T041184,2024-05-20 00:00:00.000000,C00538,P0088,S012,2,2166.3,216.63,4332.6,4115.97,1498.19,2996.38,1119.59,27.2,Card,Store,Electronics,41184,,,,,Manual/source-system review required
T041390,2025-08-31 00:00:00.000000,C04723,P0454,S003,4,552.42,0.0,2209.68,2209.68,381.73,1526.92,682.76,30.9,Card,E-commerce,Sports,41390,,,,,Manual/source-system review required
T041495,2024-10-15 00:00:00.000000,C00719,P0450,S011,3,4150.46,622.57,12451.38,11828.81,2828.1,8484.3,3344.51,28.27,Apple Pay,Store,Beauty,41495,,,,,Manual/source-system review required
T041695,2025-04-23 00:00:00.000000,C04966,P0051,S930,5,1760.1,1320.08,8800.5,7480.42,1191.43,5957.15,1523.27,20.36,STC Pay,Store,Home & Living,41695,,,,,Manual/source-system review required
T042248,2024-10-18 00:00:00.000000,C00008,P0210,S003,1,436.44,0.0,436.44,436.44,326.88,326.88,109.56,25.1,Card,Store,Home Appliances,42248,,,,,Manual/source-system review required
T042339,2025-08-01 00:00:00.000000,C02164,P0407,S002,2,2582.46,516.49,5164.92,4648.43,1629.07,3258.14,1390.29,29.91,Mada,Store,Home & Living,42339,,,,,Manual/source-system review required
T042498,2024-05-18 00:00:00.000000,C01104,P0457,S019,4,2486.41,0.0,9945.64,9945.64,1755.62,7022.48,2923.16,29.39,STC Pay,Store,Electronics,42498,,,,,Manual/source-system review required
T042561,2024-11-09 00:00:00.000000,C02349,P0273,S004,5,2873.88,0.0,14369.4,14369.4,1876.35,9381.75,4987.65,34.71,Mada,Store,Electronics,42561,,,,,Manual/source-system review required
T043608,2024-12-30 00:00:00.000000,C00492,P0240,S018,3,2875.55,0.0,8626.65,8626.65,2190.0,6570.0,2056.65,23.84,Mada,E-commerce,Fashion,43608,,,,,Manual/source-system review required
T043691,2024-03-21 00:00:00.000000,C03446,P0460,S014,4,865.67,519.4,3462.68,2943.28,737.26,2949.04,-5.76,-0.2,Card,Store,Grocery,43691,,,,,Manual/source-system review required
T043707,2024-05-10 00:00:00.000000,C00314,P0018,S012,3,1682.7,0.0,5048.1,5048.1,1329.22,3987.66,1060.44,21.01,Mada,Store,Fashion,43707,,,,,Manual/source-system review required
T044146,2025-06-22 00:00:00.000000,C04493,P0428,S010,3,2370.76,0.0,7112.28,7112.28,2082.64,6247.92,864.36,12.15,Card,E-commerce,Sports,44146,,,,,Manual/source-system review required
T044268,2024-04-10 00:00:00.000000,C02993,P0204,S011,2,87.52,8.75,175.04,166.29,59.02,118.04,48.25,29.02,Mada,E-commerce,Beauty,44268,,,,,Manual/source-system review required
T044310,2025-09-19 00:00:00.000000,C04360,P0122,S017,5,2296.66,574.16,11483.3,10909.14,1790.51,8952.55,1956.59,17.94,Card,E-commerce,Grocery,44310,,,,,Manual/source-system review required
T045567,2025-06-24 00:00:00.000000,C02601,P0124,S012,5,960.09,0.0,4800.45,4800.45,834.75,4173.75,626.7,13.06,Mada,Store,Fashion,45567,,,,,Manual/source-system review required
T045809,2024-06-04 00:00:00.000000,C00668,P0004,S020,3,2782.87,417.43,8348.61,7931.18,1837.79,5513.37,2417.81,30.48,Cash,Store,Sports,45809,,,,,Manual/source-system review required
T045895,2025-12-17 00:00:00.000000,C01696,P0126,S020,3,3542.47,1062.74,10627.41,9564.67,2311.58,6934.74,2629.93,27.5,Card,Store,Electronics,45895,,,,,Manual/source-system review required
T046184,2024-01-28 00:00:00.000000,C00927,P0316,S001,2,2891.3,0.0,5782.6,5782.6,2113.35,4226.7,1555.9,26.91,Mada,E-commerce,Home & Living,46184,,,,,Manual/source-system review required
T046398,2025-01-18 00:00:00.000000,C00181,P0336,S005,3,2716.11,0.0,8148.33,8148.33,1876.44,5629.32,2519.01,30.91,Apple Pay,Store,Home & Living,46398,,,,,Manual/source-system review required
T046438,2025-03-07 00:00:00.000000,C02270,P0464,S009,2,2893.41,1157.36,5786.82,4629.46,2264.5,4529.0,100.46,2.17,Card,Store,Beauty,46438,,,,,Manual/source-system review required
T046550,2025-08-26 00:00:00.000000,C00300,P0265,S011,1,2889.22,0.0,2889.22,2889.22,1773.89,1773.89,1115.33,38.6,Apple Pay,E-commerce,Home Appliances,46550,,,,,Manual/source-system review required
T046591,2025-02-06 00:00:00.000000,C01508,P0445,S007,2,2241.28,448.26,4482.56,4034.3,1849.52,3699.04,335.26,8.31,Mada,E-commerce,Home & Living,46591,,,,,Manual/source-system review required
T046727,2024-05-05 00:00:00.000000,C00175,P0438,S012,3,411.26,61.69,1233.78,1172.09,312.29,936.87,235.22,20.07,Card,Store,Home & Living,46727,,,,,Manual/source-system review required
T047070,2025-11-24 00:00:00.000000,C02486,P0103,S006,2,607.96,0.0,1215.92,1215.92,456.88,913.76,302.16,24.85,Mada,Store,Grocery,47070,,,,,Manual/source-system review required
T047154,2024-03-11 00:00:00.000000,C00962,P0337,S014,2,3117.92,311.79,6235.84,5924.05,2332.48,4664.96,1259.09,21.25,Apple Pay,E-commerce,Sports,47154,,,,,Manual/source-system review required
T047215,2024-01-14 00:00:00.000000,C03101,P0285,S009,3,4251.35,637.7,12754.05,12116.35,2647.28,7941.84,4174.51,34.45,Mada,Store,Home Appliances,47215,,,,,Manual/source-system review required
T047218,2024-07-12 00:00:00.000000,C00381,P0443,S013,5,218.6,0.0,1093.0,1093.0,134.51,672.55,420.45,38.47,STC Pay,Store,Electronics,47218,,,,,Manual/source-system review required
T047735,2025-08-15 00:00:00.000000,C02759,P0399,S016,2,2403.52,240.35,4807.04,4566.69,2015.42,4030.84,535.85,11.73,Mada,Store,Beauty,47735,,,,,Manual/source-system review required
T048059,2024-05-03 00:00:00.000000,C03232,P0040,S003,3,2907.05,1308.17,8721.15,7412.98,1986.75,5960.25,1452.73,19.6,STC Pay,E-commerce,Fashion,48059,,,,,Manual/source-system review required
T048174,2025-11-18 00:00:00.000000,C02398,P0112,S013,4,4172.13,0.0,16688.52,16688.52,2908.52,11634.08,5054.44,30.29,STC Pay,Store,Electronics,48174,,,,,Manual/source-system review required
T048197,2024-06-21 00:00:00.000000,C02049,P0400,S004,7,2550.92,1785.64,17856.44,16070.8,1786.58,12506.06,3564.74,22.18,Cash,E-commerce,Home & Living,48197,,,,,Manual/source-system review required
T048215,2024-03-05 00:00:00.000000,C00833,P0277,S015,3,1112.8,500.76,3338.4,2837.64,858.55,2575.65,261.99,9.23,Card,E-commerce,Home Appliances,48215,,,,,Manual/source-system review required
T048247,2025-11-01 00:00:00.000000,C00394,P0368,S016,2,1618.85,0.0,3237.7,3237.7,1177.9,2355.8,881.9,27.24,Cash,Store,Home Appliances,48247,,,,,Manual/source-system review required
T048338,2024-05-02 00:00:00.000000,C04506,P0388,S001,3,3247.13,0.0,9741.39,9741.39,2471.39,7414.17,2327.22,23.89,Apple Pay,Store,Electronics,48338,,,,,Manual/source-system review required
T048400,2024-03-23 00:00:00.000000,C01369,P0145,S015,2,384.13,38.41,768.26,729.85,295.03,590.06,139.79,19.15,Mada,E-commerce,Beauty,48400,,,,,Manual/source-system review required
T048636,2025-10-16 00:00:00.000000,C03950,P0394,S009,3,1645.86,493.76,4937.58,4443.82,1224.87,3674.61,769.21,17.31,Cash,Store,Home Appliances,48636,,,,,Manual/source-system review required
T048643,2025-08-18 00:00:00.000000,C00343,P0143,S013,1,2240.18,0.0,2240.18,2240.18,1655.17,1655.17,585.01,26.11,Card,E-commerce,Fashion,48643,,,,,Manual/source-system review required
T049025,2024-11-25 00:00:00.000000,C00237,P0255,S018,3,2790.38,418.56,8371.14,7952.58,1885.16,5655.48,2297.1,28.88,Mada,Store,Home & Living,49025,,,,,Manual/source-system review required
T049164,2025-05-15 00:00:00.000000,C01436,P0362,S010,1,250.07,12.5,250.07,237.57,163.67,163.67,73.9,31.11,Card,E-commerce,Electronics,49164,,,,,Manual/source-system review required
T049313,2025-07-02 00:00:00.000000,C02440,P0387,S019,4,2185.47,0.0,8741.88,8741.88,1678.78,6715.12,2026.76,23.18,Apple Pay,E-commerce,Fashion,49313,,,,,Manual/source-system review required
T049736,2024-09-20 00:00:00.000000,C00042,P0474,S007,4,3997.99,0.0,15991.96,15991.96,2523.09,10092.36,5899.6,36.89,Card,Store,Home & Living,49736,,,,,Manual/source-system review required
T049882,2025-04-09 00:00:00.000000,C03362,P0046,S002,3,3904.49,585.67,11713.47,11127.8,2921.52,8764.56,2363.24,21.24,Cash,Store,Sports,49882,,,,,Manual/source-system review required
T050025,2025-09-05 00:00:00.000000,C00483,P0421,S015,5,2310.81,577.7,11554.05,10976.35,2005.59,10027.95,948.4,8.64,Cash,Store,Fashion,50025,,,,,Manual/source-system review required
T050154,2025-12-04 00:00:00.000000,C02718,P0449,S009,4,1416.05,0.0,5664.2,5664.2,1072.69,4290.76,1373.44,24.25,Mada,Store,Home & Living,50154,,,,,Manual/source-system review required
T050315,2025-01-20 00:00:00.000000,C01798,P0100,S017,2,2320.32,696.1,4640.64,3944.54,1646.83,3293.66,650.88,16.5,Mada,E-commerce,Home Appliances,50315,,,,,Manual/source-system review required
T050406,2025-08-22 00:00:00.000000,C04570,P0127,S018,2,898.49,0.0,1796.98,1796.98,738.43,1476.86,320.12,17.81,STC Pay,Store,Fashion,50406,,,,,Manual/source-system review required
T050419,2025-10-21 00:00:00.000000,C02970,P0049,S010,2,2984.41,298.44,5968.82,5670.38,1955.91,3911.82,1758.56,31.01,Mada,Store,Sports,50419,,,,,Manual/source-system review required
T050652,2024-04-30 00:00:00.000000,C00030,P0052,S020,2,2810.9,0.0,5621.8,5621.8,1942.41,3884.82,1736.98,30.9,Card,Store,Electronics,50652,,,,,Manual/source-system review required
T050777,2025-11-11 00:00:00.000000,C03233,P0330,S002,2,1525.09,152.51,3050.18,2897.67,1221.72,2443.44,454.23,15.68,Card,E-commerce,Electronics,50777,,,,,Manual/source-system review required
T051121,2024-03-15 00:00:00.000000,C01063,P0211,S003,2,1224.18,0.0,2448.36,2448.36,826.82,1653.64,794.72,32.46,STC Pay,E-commerce,Home Appliances,51121,,,,,Manual/source-system review required
T051271,2024-12-10 00:00:00.000000,C02169,P0272,S001,4,2474.72,989.89,9898.88,8908.99,1483.74,5934.96,2974.03,33.38,Mada,Store,Fashion,51271,,,,,Manual/source-system review required
T051387,2025-07-07 00:00:00.000000,C01290,P0239,S003,3,2643.69,0.0,7931.07,7931.07,1877.53,5632.59,2298.48,28.98,Card,Store,Beauty,51387,,,,,Manual/source-system review required
T051717,2024-03-03 00:00:00.000000,C02863,P0471,S005,3,1750.94,787.92,5252.82,4464.9,1216.45,3649.35,815.55,18.27,Apple Pay,E-commerce,Electronics,51717,,,,,Manual/source-system review required
T051763,2024-09-11 00:00:00.000000,C00894,P0222,S002,3,3099.9,464.99,9299.7,8834.71,2585.98,7757.94,1076.77,12.19,Cash,Store,Home Appliances,51763,,,,,Manual/source-system review required
T052051,2025-03-08 00:00:00.000000,C02183,P0033,S002,3,1113.15,0.0,3339.45,3339.45,741.64,2224.92,1114.53,33.37,Mada,Store,Beauty,52051,,,,,Manual/source-system review required
T052053,2024-03-18 00:00:00.000000,C00512,P0284,S002,2,2934.33,0.0,5868.66,5868.66,2046.82,4093.64,1775.02,30.25,Card,E-commerce,Beauty,52053,,,,,Manual/source-system review required
T052091,2024-11-25 00:00:00.000000,C04132,P0202,S010,4,1584.24,633.7,6336.96,5703.26,1368.27,5473.08,230.18,4.04,Mada,Store,Grocery,52091,,,,,Manual/source-system review required
T052121,2024-11-23 00:00:00.000000,C03917,P0239,S015,3,2460.87,0.0,7382.61,7382.61,1877.53,5632.59,1750.02,23.7,Card,E-commerce,Beauty,52121,,,,,Manual/source-system review required
T052460,2024-11-17 00:00:00.000000,C02576,P0489,S006,4,493.89,98.78,1975.56,1876.78,372.64,1490.56,386.22,20.58,Card,Store,Home Appliances,52460,,,,,Manual/source-system review required
T052502,2025-04-07 00:00:00.000000,C02666,P0130,S003,1,2377.72,237.77,2377.72,2139.95,1570.52,1570.52,569.43,26.61,Mada,E-commerce,Home Appliances,52502,,,,,Manual/source-system review required
T052688,2025-05-28 00:00:00.000000,C03943,P0009,S003,2,3105.87,0.0,6211.74,6211.74,2247.01,4494.02,1717.72,27.65,Card,E-commerce,Fashion,52688,,,,,Manual/source-system review required
T052725,2025-01-04 00:00:00.000000,C02783,P0382,S006,4,2091.29,0.0,8365.16,8365.16,1710.59,6842.36,1522.8,18.2,Mada,Store,Home Appliances,52725,,,,,Manual/source-system review required
T052851,2025-04-08 00:00:00.000000,C02780,P0331,S019,3,2185.71,327.86,6557.13,6229.27,1398.62,4195.86,2033.41,32.64,Cash,Store,Home & Living,52851,,,,,Manual/source-system review required
T052896,2024-11-20 00:00:00.000000,C00525,P0390,S001,2,1093.74,218.75,2187.48,1968.73,721.0,1442.0,526.73,26.75,STC Pay,Store,Grocery,52896,,,,,Manual/source-system review required
T053089,2025-08-07 00:00:00.000000,C01828,P0046,S016,3,3760.1,0.0,11280.3,11280.3,2921.52,8764.56,2515.74,22.3,Card,Store,Sports,53089,,,,,Manual/source-system review required
T053322,2025-08-16 00:00:00.000000,C04125,P0472,S012,2,3538.6,0.0,7077.2,7077.2,2232.2,4464.4,2612.8,36.92,Apple Pay,Store,Beauty,53322,,,,,Manual/source-system review required
T053450,2025-11-04 00:00:00.000000,C02337,P0238,S005,3,2208.48,0.0,6625.44,6625.44,1793.33,5379.99,1245.45,18.8,Apple Pay,Store,Sports,53450,,,,,Manual/source-system review required
T053651,2025-07-06 00:00:00.000000,C03370,P0090,S019,2,3560.56,712.11,7121.12,6409.01,2256.83,4513.66,1895.35,29.57,Cash,Store,Electronics,53651,,,,,Manual/source-system review required
T053720,2025-05-13 00:00:00.000000,C03114,P0289,S003,7,1301.49,0.0,9110.43,9110.43,1142.55,7997.85,1112.58,12.21,Mada,Store,Grocery,53720,,,,,Manual/source-system review required
T053749,2025-01-21 00:00:00.000000,C02502,P0438,S016,3,410.82,123.25,1232.46,1109.21,312.29,936.87,172.34,15.54,Mada,Store,Home & Living,53749,,,,,Manual/source-system review required
T053878,2024-08-02 00:00:00.000000,C03368,P0001,S004,2,3934.28,0.0,7868.56,7868.56,2582.62,5165.24,2703.32,34.36,Mada,E-commerce,Home & Living,53878,,,,,Manual/source-system review required
T053883,2024-06-08 00:00:00.000000,C02924,P0312,S018,2,300.94,0.0,601.88,601.88,235.89,471.78,130.1,21.62,Mada,Store,Beauty,53883,,,,,Manual/source-system review required
T053984,2024-04-07 00:00:00.000000,C04906,P0084,S004,4,3624.81,0.0,14499.24,14499.24,2825.57,11302.28,3196.96,22.05,Mada,Store,Electronics,53984,,,,,Manual/source-system review required
T054067,2025-03-22 00:00:00.000000,C04386,P0019,S004,3,2482.3,0.0,7446.9,7446.9,1535.54,4606.62,2840.28,38.14,Mada,Store,Home Appliances,54067,,,,,Manual/source-system review required
T054149,2025-11-01 00:00:00.000000,C04888,P0308,S014,3,2691.82,0.0,8075.46,8075.46,1857.62,5572.86,2502.6,30.99,Card,Store,Beauty,54149,,,,,Manual/source-system review required
T054159,2024-04-14 00:00:00.000000,C02709,P0209,S019,5,2295.95,573.99,11479.75,10905.76,1612.68,8063.4,2842.36,26.06,STC Pay,Store,Sports,54159,,,,,Manual/source-system review required
T054209,2024-06-21 00:00:00.000000,C01272,P0211,S009,7,1162.82,0.0,8139.74,8139.74,826.82,5787.74,2352.0,28.9,Cash,E-commerce,Home Appliances,54209,,,,,Manual/source-system review required
T054264,2024-01-09 00:00:00.000000,C01012,P0199,S016,4,1500.81,600.32,6003.24,5402.92,1018.89,4075.56,1327.36,24.57,Mada,Store,Sports,54264,,,,,Manual/source-system review required
T054403,2025-04-16 00:00:00.000000,C02372,P0154,S010,2,2997.63,0.0,5995.26,5995.26,2043.72,4087.44,1907.82,31.82,Apple Pay,Store,Grocery,54403,,,,,Manual/source-system review required
T054418,2024-01-24 00:00:00.000000,C00689,P0195,S011,2,1300.92,0.0,2601.84,2601.84,1135.82,2271.64,330.2,12.69,Cash,Store,Fashion,54418,,,,,Manual/source-system review required
T054538,2024-06-12 00:00:00.000000,C03603,P0452,S013,4,363.96,0.0,1601.42,1455.84,266.2,1064.8,391.04,26.86,Apple Pay,Store,Fashion,54538,,,,,Manual/source-system review required
T054898,2024-05-10 00:00:00.000000,C04849,P0420,S016,2,727.93,72.79,1455.86,1383.07,541.02,1082.04,301.03,21.77,Apple Pay,Store,Sports,54898,,,,,Manual/source-system review required
T055376,2025-02-28 00:00:00.000000,C04342,P0438,S019,2,417.35,0.0,834.7,834.7,312.29,624.58,210.12,25.17,Card,Store,Home & Living,55376,,,,,Manual/source-system review required
T055626,2024-10-22 00:00:00.000000,C00722,P0313,S018,4,2807.01,561.4,11228.04,10666.64,1977.81,7911.24,2755.4,25.83,Mada,E-commerce,Sports,55626,,,,,Manual/source-system review required
T055647,2024-03-05 00:00:00.000000,C04586,P0490,S006,5,3469.58,867.4,17347.9,16480.5,2225.16,11125.8,5354.7,32.49,STC Pay,Store,Sports,55647,,,,,Manual/source-system review required
T055867,2024-08-31 00:00:00.000000,C04005,P0254,S018,3,3529.01,0.0,10587.03,10587.03,2415.85,7247.55,3339.48,31.54,Cash,E-commerce,Beauty,55867,,,,,Manual/source-system review required
T055939,2024-11-20 00:00:00.000000,C02915,P0096,S012,3,2792.27,1256.52,8376.81,7120.29,2036.77,6110.31,1009.98,14.18,Card,E-commerce,Home Appliances,55939,,,,,Manual/source-system review required
T056129,2025-03-14 00:00:00.000000,C03022,P0146,S013,2,645.62,64.56,1291.24,1226.68,487.79,975.58,251.1,20.47,Mada,Store,Home & Living,56129,,,,,Manual/source-system review required
T056185,2024-07-10 00:00:00.000000,C01903,P0193,S002,4,2156.06,0.0,8624.24,8624.24,1787.03,7148.12,1476.12,17.12,Mada,Store,Electronics,56185,,,,,Manual/source-system review required
T056220,2025-05-15 00:00:00.000000,C03898,P0218,S005,1,331.1,49.66,331.1,281.44,274.82,274.82,6.62,2.35,Mada,Store,Grocery,56220,,,,,Manual/source-system review required
T056354,2024-12-24 00:00:00.000000,C01547,P0140,S005,3,2556.1,383.42,7668.3,7284.88,2099.05,6297.15,987.73,13.56,Mada,Store,Sports,56354,,,,,Manual/source-system review required
T056471,2025-07-07 00:00:00.000000,C00306,P0154,S004,3,3126.36,468.95,9379.08,8910.13,2043.72,6131.16,2778.97,31.19,Mada,Store,Grocery,56471,,,,,Manual/source-system review required
T056545,2024-04-23 00:00:00.000000,C02610,P0126,S006,5,3470.14,3470.14,17350.7,13880.56,2311.58,11557.9,2322.66,16.73,STC Pay,Store,Electronics,56545,,,,,Manual/source-system review required
T056646,2024-11-20 00:00:00.000000,C01871,P0341,S017,2,1290.95,0.0,2581.9,2581.9,950.2,1900.4,681.5,26.4,Apple Pay,Store,Home Appliances,56646,,,,,Manual/source-system review required
T056889,2024-05-27 00:00:00.000000,C04111,P0443,S020,2,211.98,0.0,423.96,423.96,134.51,269.02,154.94,36.55,Mada,Store,Electronics,56889,,,,,Manual/source-system review required
T056967,2024-06-16 00:00:00.000000,C00466,P0158,S014,4,3266.26,0.0,13065.04,13065.04,2802.4,11209.6,1855.44,14.2,Mada,Store,Beauty,56967,,,,,Manual/source-system review required
T057502,2024-02-13 00:00:00.000000,C00627,P0201,S017,3,1944.73,0.0,5834.19,5834.19,1407.79,4223.37,1610.82,27.61,Cash,Store,Beauty,57502,,,,,Manual/source-system review required
T057562,2024-02-02 00:00:00.000000,C02918,P0129,S014,2,195.44,0.0,390.88,390.88,159.75,319.5,71.38,18.26,Card,Store,Grocery,57562,,,,,Manual/source-system review required
T057634,2024-07-06 00:00:00.000000,C02410,P0434,S002,4,1196.84,0.0,4787.36,4787.36,794.24,3176.96,1610.4,33.64,Card,E-commerce,Home & Living,57634,,,,,Manual/source-system review required
T057663,2025-07-15 00:00:00.000000,C04067,P0262,S013,3,3626.65,2175.99,10879.95,8703.96,2561.41,7684.23,1019.73,11.72,Apple Pay,Store,Sports,57663,,,,,Manual/source-system review required
T057725,2025-05-30 00:00:00.000000,C02569,P0318,S005,4,344.57,206.74,1378.28,1171.54,254.16,1016.64,154.9,13.22,Cash,E-commerce,Beauty,57725,,,,,Manual/source-system review required
T057816,2025-06-16 00:00:00.000000,C00792,P0244,S016,2,2741.45,0.0,5482.9,5482.9,2077.87,4155.74,1327.16,24.21,Mada,E-commerce,Grocery,57816,,,,,Manual/source-system review required
T057985,2024-05-06 00:00:00.000000,C01869,P0091,S011,4,493.22,295.93,1972.88,1676.95,400.52,1602.08,74.87,4.46,Apple Pay,Store,Grocery,57985,,,,,Manual/source-system review required
T058108,2025-10-28 00:00:00.000000,C03910,P0017,S017,3,3074.87,461.23,9224.61,8763.38,2317.48,6952.44,1810.94,20.66,STC Pay,E-commerce,Home Appliances,58108,,,,,Manual/source-system review required
T058209,2025-07-24 00:00:00.000000,C04241,P0252,S002,6,2213.79,1992.41,13282.74,11290.33,1690.82,10144.92,1145.41,10.15,Card,Store,Grocery,58209,,,,,Manual/source-system review required
T059155,2025-03-05 00:00:00.000000,C04536,P0149,S020,3,2559.6,767.88,7678.8,6910.92,2247.46,6742.38,168.54,2.44,Card,Store,Sports,59155,,,,,Manual/source-system review required
T059207,2024-02-27 00:00:00.000000,C00332,P0481,S002,3,2240.09,672.03,6720.27,6048.24,1934.13,5802.39,245.85,4.06,Cash,Store,Home Appliances,59207,,,,,Manual/source-system review required
T059280,2024-09-29 00:00:00.000000,C02302,P0253,S009,3,1470.1,220.52,4410.3,4189.78,1032.83,3098.49,1091.29,26.05,STC Pay,Store,Electronics,59280,,,,,Manual/source-system review required
T059570,2025-11-07 00:00:00.000000,C01024,P0220,S010,3,1623.8,243.57,4871.4,4627.83,1020.88,3062.64,1565.19,33.82,Cash,E-commerce,Electronics,59570,,,,,Manual/source-system review required
T059655,2024-02-19 00:00:00.000000,C03235,P0403,S009,2,2659.23,0.0,5850.31,5318.46,1695.64,3391.28,1927.18,36.24,Card,E-commerce,Home & Living,59655,,,,,Manual/source-system review required
T060228,2025-04-17 00:00:00.000000,C01387,P0297,S002,2,1740.51,174.05,3481.02,3306.97,1128.06,2256.12,1050.85,31.78,Apple Pay,Store,Beauty,60228,,,,,Manual/source-system review required
T060584,2025-03-23 00:00:00.000000,C02981,P0201,S006,2,2000.75,800.3,4001.5,3201.2,1407.79,2815.58,385.62,12.05,Cash,Store,Beauty,60584,,,,,Manual/source-system review required
T060861,2024-12-04 00:00:00.000000,C02600,P0257,S017,2,764.9,152.98,1529.8,1376.82,572.71,1145.42,231.4,16.81,Mada,Store,Electronics,60861,,,,,Manual/source-system review required
T060905,2024-09-18 00:00:00.000000,C03038,P0307,S006,2,107.26,32.18,214.52,182.34,73.23,146.46,35.88,19.68,Card,E-commerce,Sports,60905,,,,,Manual/source-system review required
T061000,2024-02-20 00:00:00.000000,C01461,P0449,S020,3,1318.02,395.41,3954.06,3558.65,1072.69,3218.07,340.58,9.57,Apple Pay,Store,Home & Living,61000,,,,,Manual/source-system review required
T061086,2024-04-10 00:00:00.000000,C01710,P0040,S013,4,3010.44,602.09,12041.76,11439.67,1986.75,7947.0,3492.67,30.53,Cash,Store,Fashion,61086,,,,,Manual/source-system review required
T061100,2025-01-17 00:00:00.000000,C04496,P0108,S012,1,531.39,26.57,531.39,504.82,370.23,370.23,134.59,26.66,Card,Store,Home & Living,61100,,,,,Manual/source-system review required
T061372,2025-04-02 00:00:00.000000,C03783,P0209,S001,2,2266.95,226.7,4533.9,4307.2,1612.68,3225.36,1081.84,25.12,Mada,Store,Sports,61372,,,,,Manual/source-system review required
T061524,2024-06-01 00:00:00.000000,C02119,P0288,S015,3,3097.2,0.0,9291.6,9291.6,1858.44,5575.32,3716.28,40.0,Card,E-commerce,Home Appliances,61524,,,,,Manual/source-system review required
T061702,2024-02-19 00:00:00.000000,C00066,P0352,S012,4,3311.01,662.2,13244.04,12581.84,2896.05,11584.2,997.64,7.93,Cash,Store,Home & Living,61702,,,,,Manual/source-system review required
T061755,2025-02-25 00:00:00.000000,C02234,P0301,S003,1,4159.01,207.95,4159.01,3951.06,2606.8,2606.8,1344.26,34.02,STC Pay,E-commerce,Home & Living,61755,,,,,Manual/source-system review required
T061851,2024-01-26 00:00:00.000000,C00824,P0445,S013,2,2264.39,0.0,4528.78,4528.78,1849.52,3699.04,829.74,18.32,Card,Store,Home & Living,61851,,,,,Manual/source-system review required
T062067,2024-02-17 00:00:00.000000,C00079,P0485,S018,1,3517.93,703.59,3517.93,2814.34,2478.89,2478.89,335.45,11.92,Apple Pay,Store,Home Appliances,62067,,,,,Manual/source-system review required
T062296,2024-10-29 00:00:00.000000,C03574,P0252,S013,3,2335.57,0.0,7006.71,7006.71,1690.82,5072.46,1934.25,27.61,Cash,Store,Grocery,62296,,,,,Manual/source-system review required
T062327,2025-05-14 00:00:00.000000,C04574,P0105,S013,3,3007.91,0.0,9023.73,9023.73,2265.07,6795.21,2228.52,24.7,Card,Store,Home Appliances,62327,,,,,Manual/source-system review required
T062688,2024-07-09 00:00:00.000000,C04571,P0402,S019,3,2375.18,0.0,7125.54,7125.54,1682.19,5046.57,2078.97,29.18,Apple Pay,E-commerce,Beauty,62688,,,,,Manual/source-system review required
T062691,2024-07-10 00:00:00.000000,C04636,P0082,S011,5,144.61,108.46,723.05,614.59,99.0,495.0,119.59,19.46,Card,Store,Sports,62691,,,,,Manual/source-system review required
T063263,2025-12-10 00:00:00.000000,C00434,P0165,S008,4,2750.13,0.0,11000.52,11000.52,2138.64,8554.56,2445.96,22.23,Apple Pay,E-commerce,Home Appliances,63263,,,,,Manual/source-system review required
T063338,2025-02-22 00:00:00.000000,C02478,P0477,S005,4,1657.66,663.06,6630.64,5967.58,1168.42,4673.68,1293.9,21.68,Mada,Store,Home Appliances,63338,,,,,Manual/source-system review required
T063792,2024-10-29 00:00:00.000000,C00434,P0398,S003,6,1559.61,0.0,9357.66,9357.66,1043.81,6262.86,3094.8,33.07,Cash,Store,Fashion,63792,,,,,Manual/source-system review required
T063921,2025-01-25 00:00:00.000000,C01998,P0076,S012,4,473.83,94.77,1895.32,1800.55,378.09,1512.36,288.19,16.01,Cash,Store,Sports,63921,,,,,Manual/source-system review required
T063960,2024-03-10 00:00:00.000000,C03001,P0245,S020,3,3412.89,0.0,10238.67,10238.67,2202.03,6606.09,3632.58,35.48,STC Pay,E-commerce,Beauty,63960,,,,,Manual/source-system review required
T064471,2024-02-06 00:00:00.000000,C03450,P0460,S019,3,853.26,0.0,2559.78,2559.78,737.26,2211.78,348.0,13.59,Mada,Store,Grocery,64471,,,,,Manual/source-system review required
T064525,2025-07-27 00:00:00.000000,C03489,P0033,S013,3,1071.34,0.0,3214.02,3214.02,741.64,2224.92,989.1,30.77,Card,Store,Beauty,64525,,,,,Manual/source-system review required
T064572,2025-09-11 00:00:00.000000,C00931,P0478,S012,1,2258.87,112.94,2258.87,2145.93,1787.27,1787.27,358.66,16.71,Card,Store,Fashion,64572,,,,,Manual/source-system review required
T064765,2024-11-23 00:00:00.000000,C01548,P0272,S004,1,2435.52,121.78,2435.52,2313.74,1483.74,1483.74,830.0,35.87,STC Pay,Store,Fashion,64765,,,,,Manual/source-system review required
T064971,2024-01-04 00:00:00.000000,C03688,P0303,S002,4,1841.95,1473.56,7367.8,5894.24,1239.82,4959.28,934.96,15.86,STC Pay,E-commerce,Home Appliances,64971,,,,,Manual/source-system review required
T065316,2025-09-02 00:00:00.000000,C01214,P0296,S011,2,2316.22,231.62,4632.44,4400.82,1791.3,3582.6,818.22,18.59,Mada,Store,Electronics,65316,,,,,Manual/source-system review required
T065395,2024-11-22 00:00:00.000000,C01366,P0099,S018,2,4629.81,462.98,9259.62,8796.64,2923.26,5846.52,2950.12,33.54,Card,Store,Beauty,65395,,,,,Manual/source-system review required
T065398,2024-06-23 00:00:00.000000,C00975,P0110,S018,3,2054.67,308.2,6164.01,5855.81,1594.54,4783.62,1072.19,18.31,Mada,Store,Grocery,65398,,,,,Manual/source-system review required
T065446,2025-05-26 00:00:00.000000,C03948,P0279,S018,4,4396.97,2638.18,17587.88,14949.7,2685.55,10742.2,4207.5,28.14,Card,Store,Home Appliances,65446,,,,,Manual/source-system review required
T065457,2025-12-12 00:00:00.000000,C04887,P0430,S019,4,2055.47,0.0,8221.88,8221.88,1590.58,6362.32,1859.56,22.62,Card,Store,Home & Living,65457,,,,,Manual/source-system review required
T066291,2025-11-03 00:00:00.000000,C01954,P0432,S004,2,3656.77,731.35,7313.54,6582.19,2486.06,4972.12,1610.07,24.46,Cash,Store,Home Appliances,66291,,,,,Manual/source-system review required
T066358,2025-04-01 00:00:00.000000,C03474,P0031,S010,4,879.98,176.0,3519.92,3343.92,733.89,2935.56,408.36,12.21,Card,Store,Home Appliances,66358,,,,,Manual/source-system review required
T066614,2024-03-29 00:00:00.000000,C03344,P0409,S001,5,1815.59,907.8,9077.95,8170.15,1530.38,7651.9,518.25,6.34,Card,Store,Electronics,66614,,,,,Manual/source-system review required
T066703,2024-02-13 00:00:00.000000,C01780,P0231,S009,1,2558.34,255.83,2558.34,2302.51,1906.63,1906.63,395.88,17.19,Mada,Store,Fashion,66703,,,,,Manual/source-system review required
T066740,2025-06-24 00:00:00.000000,C01383,P0481,S017,2,2356.28,706.88,4712.56,4005.68,1934.13,3868.26,137.42,3.43,Card,Store,Home Appliances,66740,,,,,Manual/source-system review required
T066947,2025-10-02 00:00:00.000000,C00297,P0427,S001,4,379.59,75.92,1518.36,1442.44,242.4,969.6,472.84,32.78,STC Pay,E-commerce,Grocery,66947,,,,,Manual/source-system review required
T066950,2025-01-20 00:00:00.000000,C01275,P0011,S018,3,738.26,0.0,2214.78,2214.78,612.17,1836.51,378.27,17.08,Apple Pay,E-commerce,Home Appliances,66950,,,,,Manual/source-system review required
T067219,2024-01-09 00:00:00.000000,C02728,P0365,S009,4,3714.05,742.81,14856.2,14113.39,2427.38,9709.52,4403.87,31.2,STC Pay,E-commerce,Electronics,67219,,,,,Manual/source-system review required
T067266,2024-09-10 00:00:00.000000,C02723,P0326,S006,3,2015.36,604.61,6046.08,5441.47,1448.25,4344.75,1096.72,20.15,Mada,Store,Beauty,67266,,,,,Manual/source-system review required
T067373,2024-07-26 00:00:00.000000,C03890,P0496,S011,2,391.27,0.0,782.54,782.54,260.19,520.38,262.16,33.5,Cash,E-commerce,Electronics,67373,,,,,Manual/source-system review required
T067532,2024-04-22 00:00:00.000000,C03860,P0009,S017,3,3166.76,0.0,9500.28,9500.28,2247.01,6741.03,2759.25,29.04,Apple Pay,Store,Fashion,67532,,,,,Manual/source-system review required
T067816,2025-12-26 00:00:00.000000,C04128,P0380,S012,4,4389.87,877.97,17559.48,16681.51,2930.64,11722.56,4958.95,29.73,Apple Pay,Store,Grocery,67816,,,,,Manual/source-system review required
T067823,2025-02-09 00:00:00.000000,C04107,P0393,S012,3,560.15,0.0,1680.45,1680.45,442.49,1327.47,352.98,21.01,Mada,Store,Sports,67823,,,,,Manual/source-system review required
T067931,2025-12-01 00:00:00.000000,C01015,P0424,S016,2,2454.7,0.0,4909.4,4909.4,1815.61,3631.22,1278.18,26.04,Card,Store,Home Appliances,67931,,,,,Manual/source-system review required
T068266,2024-08-03 00:00:00.000000,C03511,P0222,S017,3,3131.19,469.68,9393.57,8923.89,2585.98,7757.94,1165.95,13.07,Card,E-commerce,Home Appliances,68266,,,,,Manual/source-system review required
T068509,2025-07-21 00:00:00.000000,C03494,P0067,S006,6,537.52,0.0,3225.12,3225.12,398.64,2391.84,833.28,25.84,STC Pay,Store,Home Appliances,68509,,,,,Manual/source-system review required
T068617,2024-08-03 00:00:00.000000,C03808,P0292,S007,2,830.66,0.0,1661.32,1661.32,537.79,1075.58,585.74,35.26,Mada,Store,Home Appliances,68617,,,,,Manual/source-system review required
T068726,2025-08-15 00:00:00.000000,C02914,P0120,S011,4,406.1,81.22,1624.4,1543.18,266.59,1066.36,476.82,30.9,Apple Pay,E-commerce,Home Appliances,68726,,,,,Manual/source-system review required
T069086,2025-07-07 00:00:00.000000,C01799,P0370,S004,1,2883.07,432.46,2883.07,2450.61,1934.88,1934.88,515.73,21.04,Mada,Store,Electronics,69086,,,,,Manual/source-system review required
T069131,2024-10-17 00:00:00.000000,C01725,P0280,S016,2,2116.62,211.66,4233.24,4021.58,1452.15,2904.3,1117.28,27.78,Apple Pay,Store,Grocery,69131,,,,,Manual/source-system review required
T069350,2025-12-05 00:00:00.000000,C02674,P0337,S012,1,3259.5,162.98,3259.5,3096.52,2332.48,2332.48,764.04,24.67,Apple Pay,E-commerce,Sports,69350,,,,,Manual/source-system review required
T069384,2024-03-29 00:00:00.000000,C02179,P0104,S009,4,1730.92,0.0,6923.68,6923.68,1124.51,4498.04,2425.64,35.03,Card,Store,Home Appliances,69384,,,,,Manual/source-system review required
T069603,2025-10-11 00:00:00.000000,C03747,P0231,S008,1,2636.52,0.0,2636.52,2636.52,1906.63,1906.63,729.89,27.68,STC Pay,Store,Fashion,69603,,,,,Manual/source-system review required
T069945,2024-08-03 00:00:00.000000,C03901,P0421,S010,5,2485.51,0.0,12427.55,12427.55,2005.59,10027.95,2399.6,19.31,Card,E-commerce,Fashion,69945,,,,,Manual/source-system review required
T069991,2024-09-02 00:00:00.000000,C02539,P0245,S010,2,3298.02,0.0,6596.04,6596.04,2202.03,4404.06,2191.98,33.23,Cash,Store,Beauty,69991,,,,,Manual/source-system review required
T070148,2025-08-12 00:00:00.000000,C04319,P0250,S008,1,3466.83,0.0,3466.83,3466.83,2390.12,2390.12,1076.71,31.06,Mada,E-commerce,Grocery,70148,,,,,Manual/source-system review required
T070158,2024-10-15 00:00:00.000000,C02156,P0330,S007,3,1587.91,952.75,4763.73,3810.98,1221.72,3665.16,145.82,3.83,STC Pay,Store,Electronics,70158,,,,,Manual/source-system review required
T070184,2024-06-21 00:00:00.000000,C03215,P0473,S002,1,3214.87,482.23,3214.87,2732.64,2355.7,2355.7,376.94,13.79,Card,E-commerce,Electronics,70184,,,,,Manual/source-system review required
T070209,2025-09-01 00:00:00.000000,C02360,P0387,S017,2,2135.04,0.0,4270.08,4270.08,1678.78,3357.56,912.52,21.37,Mada,Store,Fashion,70209,,,,,Manual/source-system review required
T070398,2025-10-13 00:00:00.000000,C00899,P0088,S019,2,2294.17,0.0,4588.34,4588.34,1498.19,2996.38,1591.96,34.7,Apple Pay,Store,Electronics,70398,,,,,Manual/source-system review required
T070716,2025-06-28 00:00:00.000000,C04653,P0325,S011,3,2047.95,614.39,6143.85,5529.46,1327.05,3981.15,1548.31,28.0,Card,E-commerce,Fashion,70716,,,,,Manual/source-system review required
T070899,2024-02-21 00:00:00.000000,C04965,P0082,S019,4,139.38,0.0,557.52,557.52,99.0,396.0,161.52,28.97,Apple Pay,Store,Sports,70899,,,,,Manual/source-system review required
T070980,2025-01-10 00:00:00.000000,C01299,P0318,S009,1,347.66,0.0,347.66,347.66,254.16,254.16,93.5,26.89,Apple Pay,Store,Beauty,70980,,,,,Manual/source-system review required
T071052,2024-09-17 00:00:00.000000,C02542,P0141,S010,3,3488.48,0.0,10465.44,10465.44,2692.43,8077.29,2388.15,22.82,Apple Pay,Store,Electronics,71052,,,,,Manual/source-system review required
T071185,2025-10-04 00:00:00.000000,C02466,P0064,S003,3,1361.15,204.17,4083.45,3879.28,1027.23,3081.69,797.59,20.56,Cash,Store,Sports,71185,,,,,Manual/source-system review required
T071366,2025-04-11 00:00:00.000000,C02781,P0076,S009,6,499.1,0.0,2994.6,2994.6,378.09,2268.54,726.06,24.25,Card,E-commerce,Sports,71366,,,,,Manual/source-system review required
T071372,2024-06-04 00:00:00.000000,C02216,P0308,S018,1,2751.83,0.0,2751.83,2751.83,1857.62,1857.62,894.21,32.5,Card,E-commerce,Beauty,71372,,,,,Manual/source-system review required
T071385,2024-02-05 00:00:00.000000,C00446,P0385,S008,2,3426.2,685.24,6852.4,6167.16,2654.94,5309.88,857.28,13.9,Card,Store,Home & Living,71385,,,,,Manual/source-system review required
T071418,2025-02-12 00:00:00.000000,C01245,P0364,S012,2,3014.33,301.43,6028.66,5727.23,1958.52,3917.04,1810.19,31.61,STC Pay,Store,Fashion,71418,,,,,Manual/source-system review required
T071517,2024-08-29 00:00:00.000000,C04126,P0500,S020,4,167.83,0.0,671.32,671.32,128.14,512.56,158.76,23.65,Mada,Store,Beauty,71517,,,,,Manual/source-system review required
T071788,2025-10-30 00:00:00.000000,C02848,P0417,S018,3,800.74,120.11,2402.22,2282.11,537.1,1611.3,670.81,29.39,STC Pay,Store,Fashion,71788,,,,,Manual/source-system review required
T072126,2024-08-07 00:00:00.000000,C04028,P0272,S015,1,2320.72,0.0,2320.72,2320.72,1483.74,1483.74,836.98,36.07,Mada,E-commerce,Fashion,72126,,,,,Manual/source-system review required
T072637,2025-10-09 00:00:00.000000,C01140,P0054,S013,2,874.13,262.24,1748.26,1486.02,547.79,1095.58,390.44,26.27,Mada,Store,Electronics,72637,,,,,Manual/source-system review required
T072649,2024-03-21 00:00:00.000000,C04235,P0138,S018,3,4068.53,0.0,12205.59,12205.59,2940.5,8821.5,3384.09,27.73,Card,Store,Home & Living,72649,,,,,Manual/source-system review required
T073018,2025-05-16 00:00:00.000000,C01466,P0384,S016,1,3145.24,0.0,3145.24,3145.24,1906.79,1906.79,1238.45,39.38,Mada,Store,Beauty,73018,,,,,Manual/source-system review required
T073039,2025-08-05 00:00:00.000000,C02799,P0204,S014,5,86.06,21.52,430.3,408.78,59.02,295.1,113.68,27.81,Cash,Store,Beauty,73039,,,,,Manual/source-system review required
T073152,2025-09-01 00:00:00.000000,C03660,P0328,S018,2,2054.5,0.0,4109.0,4109.0,1504.62,3009.24,1099.76,26.76,Card,Store,Home & Living,73152,,,,,Manual/source-system review required
T073304,2024-10-31 00:00:00.000000,C02773,P0088,S020,2,2190.93,0.0,4381.86,4381.86,1498.19,2996.38,1385.48,31.62,Apple Pay,E-commerce,Electronics,73304,,,,,Manual/source-system review required
T073413,2025-12-12 00:00:00.000000,C02530,P0205,S018,1,643.14,0.0,643.14,643.14,463.01,463.01,180.13,28.01,STC Pay,Store,Home Appliances,73413,,,,,Manual/source-system review required
T073901,2025-05-27 00:00:00.000000,C00061,P0371,S012,2,3604.61,720.92,7209.22,6488.3,2592.73,5185.46,1302.84,20.08,Mada,Store,Fashion,73901,,,,,Manual/source-system review required
T073954,2025-12-26 00:00:00.000000,C04683,P0141,S002,2,3628.28,725.66,7256.56,6530.9,2692.43,5384.86,1146.04,17.55,Cash,E-commerce,Electronics,73954,,,,,Manual/source-system review required
T074611,2024-09-23 00:00:00.000000,C03025,P0349,S004,4,815.35,489.21,3261.4,2772.19,708.77,2835.08,-62.89,-2.27,Cash,Store,Electronics,74611,,,,,Manual/source-system review required
T074821,2025-04-01 00:00:00.000000,C04965,P0167,S019,3,660.18,99.03,1980.54,1881.51,480.0,1440.0,441.51,23.47,Mada,Store,Home Appliances,74821,,,,,Manual/source-system review required
T075047,2025-06-10 00:00:00.000000,C04975,P0069,S010,2,2398.87,0.0,4797.74,4797.74,1631.09,3262.18,1535.56,32.01,Mada,E-commerce,Home Appliances,75047,,,,,Manual/source-system review required
T075511,2024-02-02 00:00:00.000000,C03591,P0181,S003,5,2114.32,1057.16,10571.6,9514.44,1637.69,8188.45,1325.99,13.94,Card,Store,Fashion,75511,,,,,Manual/source-system review required
T075640,2025-05-03 00:00:00.000000,C02251,P0462,S016,5,2258.65,0.0,11293.25,11293.25,1641.17,8205.85,3087.4,27.34,Cash,E-commerce,Home Appliances,75640,,,,,Manual/source-system review required
T075871,2025-12-16 00:00:00.000000,C03945,P0343,S005,3,1115.74,0.0,3347.22,3347.22,719.33,2157.99,1189.23,35.53,Mada,Store,Electronics,75871,,,,,Manual/source-system review required
T076010,2025-12-31 00:00:00.000000,C03045,P0091,S010,3,512.01,0.0,1536.03,1536.03,400.52,1201.56,334.47,21.77,Card,E-commerce,Grocery,76010,,,,,Manual/source-system review required
T076295,2025-03-27 00:00:00.000000,C01051,P0316,S019,2,2838.24,283.82,5676.48,5392.66,2113.35,4226.7,1165.96,21.62,Card,Store,Home & Living,76295,,,,,Manual/source-system review required
T076783,2025-10-14 00:00:00.000000,C04211,P0433,S016,3,877.39,263.22,2632.17,2368.95,760.77,2282.31,86.64,3.66,Apple Pay,E-commerce,Home & Living,76783,,,,,Manual/source-system review required
T076964,2025-12-03 00:00:00.000000,C03262,P0340,S018,3,1564.19,469.26,4692.57,4223.31,1090.52,3271.56,951.75,22.54,Cash,Store,Sports,76964,,,,,Manual/source-system review required
T076987,2025-03-16 00:00:00.000000,C03130,P0089,S002,3,183.98,0.0,551.94,551.94,136.78,410.34,141.6,25.65,Mada,Store,Grocery,76987,,,,,Manual/source-system review required
T077298,2025-08-22 00:00:00.000000,C03370,P0008,S014,3,694.31,208.29,2082.93,1874.64,604.03,1812.09,62.55,3.34,Apple Pay,Store,Sports,77298,,,,,Manual/source-system review required
T077309,2025-03-06 00:00:00.000000,C01668,P0051,S011,3,1792.73,0.0,5378.19,5378.19,1191.43,3574.29,1803.9,33.54,Apple Pay,Store,Home & Living,77309,,,,,Manual/source-system review required
T077346,2025-11-30 00:00:00.000000,C01385,P0460,S002,5,868.21,0.0,4341.05,4341.05,737.26,3686.3,654.75,15.08,Card,E-commerce,Grocery,77346,,,,,Manual/source-system review required
T077822,2024-01-04 00:00:00.000000,C01011,P0305,S020,2,1924.09,192.41,3848.18,3655.77,1425.17,2850.34,805.43,22.03,Apple Pay,Store,Beauty,77822,,,,,Manual/source-system review required
T077875,2024-09-20 00:00:00.000000,C01069,P0406,S010,3,3542.34,2125.4,10627.02,8501.62,2923.01,8769.03,-267.41,-3.15,Card,Store,Electronics,77875,,,,,Manual/source-system review required
T077952,2024-01-19 00:00:00.000000,C00517,P0177,S005,3,2521.91,1134.86,7565.73,6430.87,1773.15,5319.45,1111.42,17.28,Card,Store,Electronics,77952,,,,,Manual/source-system review required
T078076,2024-09-27 00:00:00.000000,C02591,P0080,S010,1,1659.02,0.0,1659.02,1659.02,1136.35,1136.35,522.67,31.5,STC Pay,Store,Electronics,78076,,,,,Manual/source-system review required
T078536,2025-07-11 00:00:00.000000,C04017,P0228,S007,2,1813.94,181.39,3627.88,3446.49,1504.31,3008.62,437.87,12.7,Card,Store,Home & Living,78536,,,,,Manual/source-system review required
T078764,2025-08-28 00:00:00.000000,C00786,P0052,S017,3,2714.85,407.23,8144.55,7737.32,1942.41,5827.23,1910.09,24.69,Card,Store,Electronics,78764,,,,,Manual/source-system review required
T078776,2025-01-10 00:00:00.000000,C02954,P0021,S018,3,4301.22,0.0,12903.66,12903.66,2790.5,8371.5,4532.16,35.12,Mada,Store,Grocery,78776,,,,,Manual/source-system review required
T079098,2025-05-25 00:00:00.000000,C03049,P0430,S005,2,2107.55,210.76,4215.1,4004.34,1590.58,3181.16,823.18,20.56,Card,E-commerce,Home & Living,79098,,,,,Manual/source-system review required
T079138,2025-05-11 00:00:00.000000,C00294,P0042,S001,4,3272.64,0.0,13090.56,13090.56,2650.26,10601.04,2489.52,19.02,Apple Pay,Store,Beauty,79138,,,,,Manual/source-system review required
T079630,2025-06-17 00:00:00.000000,C03494,P0004,S019,3,2774.76,0.0,8324.28,8324.28,1837.79,5513.37,2810.91,33.77,Card,Store,Sports,79630,,,,,Manual/source-system review required
T079749,2025-11-07 00:00:00.000000,C01844,P0419,S012,3,2227.11,334.07,6681.33,6347.26,1826.99,5480.97,866.29,13.65,Card,Store,Home & Living,79749,,,,,Manual/source-system review required
T079824,2024-03-24 00:00:00.000000,C00092,P0439,S011,2,1067.6,0.0,2135.2,2135.2,745.56,1491.12,644.08,30.16,Cash,Store,Electronics,79824,,,,,Manual/source-system review required
T079920,2025-10-19 00:00:00.000000,C01348,P0423,S001,4,4266.51,853.3,17066.04,16212.74,2810.62,11242.48,4970.26,30.66,Card,Store,Beauty,79920,,,,,Manual/source-system review required
T080076,2024-08-04 00:00:00.000000,C00850,P0349,S020,2,857.2,85.72,1714.4,1628.68,708.77,1417.54,211.14,12.96,Apple Pay,Store,Electronics,80076,,,,,Manual/source-system review required
T080146,2024-07-18 00:00:00.000000,C03623,P0495,S018,8,2037.25,814.9,16298.0,15483.1,1316.84,10534.72,4948.38,31.96,Card,E-commerce,Home Appliances,80146,,,,,Manual/source-system review required
T080332,2024-05-26 00:00:00.000000,C03977,P0297,S014,2,1770.1,177.01,3540.2,3363.19,1128.06,2256.12,1107.07,32.92,Card,Store,Beauty,80332,,,,,Manual/source-system review required
T081018,2025-04-05 00:00:00.000000,C02417,P0245,S007,5,3412.62,0.0,17063.1,17063.1,2202.03,11010.15,6052.95,35.47,STC Pay,Store,Beauty,81018,,,,,Manual/source-system review required
T081208,2024-04-30 00:00:00.000000,C04467,P0251,S011,3,1486.86,0.0,4460.58,4460.58,970.92,2912.76,1547.82,34.7,Card,Store,Home & Living,81208,,,,,Manual/source-system review required
T081292,2024-07-05 00:00:00.000000,C00935,P0289,S019,4,1286.4,257.28,5145.6,4888.32,1142.55,4570.2,318.12,6.51,Apple Pay,Store,Grocery,81292,,,,,Manual/source-system review required
T081445,2025-03-30 00:00:00.000000,C02891,P0118,S018,1,1420.27,213.04,1420.27,1207.23,942.39,942.39,264.84,21.94,Card,E-commerce,Home & Living,81445,,,,,Manual/source-system review required
T081624,2024-01-09 00:00:00.000000,C02521,P0210,S008,3,433.67,0.0,1301.01,1301.01,326.88,980.64,320.37,24.62,Mada,Store,Home Appliances,81624,,,,,Manual/source-system review required
T081748,2024-10-05 00:00:00.000000,C04986,P0110,S004,7,2076.82,2907.55,14537.74,11630.19,1594.54,11161.78,468.41,4.03,Mada,E-commerce,Grocery,81748,,,,,Manual/source-system review required
T081797,2024-09-15 00:00:00.000000,C00454,P0134,S006,3,2632.73,0.0,7898.19,7898.19,1917.2,5751.6,2146.59,27.18,Card,E-commerce,Home Appliances,81797,,,,,Manual/source-system review required
T081986,2025-06-17 00:00:00.000000,C04641,P0273,S001,2,2921.21,584.24,5842.42,5258.18,1876.35,3752.7,1505.48,28.63,Mada,E-commerce,Electronics,81986,,,,,Manual/source-system review required
T082020,2025-09-18 00:00:00.000000,C04005,P0074,S015,4,4400.52,0.0,17602.08,17602.08,2865.5,11462.0,6140.08,34.88,Card,E-commerce,Fashion,82020,,,,,Manual/source-system review required
T082107,2024-07-16 00:00:00.000000,C03993,P0043,S011,2,3388.35,677.67,6776.7,6099.03,2183.35,4366.7,1732.33,28.4,Card,E-commerce,Fashion,82107,,,,,Manual/source-system review required
T082402,2024-08-28 00:00:00.000000,C04286,P0496,S016,3,380.43,228.26,1141.29,913.03,260.19,780.57,132.46,14.51,Card,Store,Electronics,82402,,,,,Manual/source-system review required
T082569,2024-10-28 00:00:00.000000,C01456,P0434,S001,3,1206.86,362.06,3620.58,3258.52,794.24,2382.72,875.8,26.88,Mada,Store,Home & Living,82569,,,,,Manual/source-system review required
T082817,2024-05-17 00:00:00.000000,C01964,P0009,S020,1,3205.41,0.0,3205.41,3205.41,2247.01,2247.01,958.4,29.9,Card,Store,Fashion,82817,,,,,Manual/source-system review required
T083146,2025-03-26 00:00:00.000000,C04468,P0085,S003,1,830.62,166.12,830.62,664.5,635.92,635.92,28.58,4.3,Card,Store,Electronics,83146,,,,,Manual/source-system review required
T083334,2025-07-18 00:00:00.000000,C04927,P0323,S020,2,410.62,82.12,821.24,739.12,258.74,517.48,221.64,29.99,Mada,E-commerce,Home & Living,83334,,,,,Manual/source-system review required
T083815,2024-09-08 00:00:00.000000,C04715,P0284,S020,1,2817.15,563.43,2817.15,2253.72,2046.82,2046.82,206.9,9.18,Mada,Store,Beauty,83815,,,,,Manual/source-system review required
T083972,2025-12-09 00:00:00.000000,C04053,P0098,S003,4,3722.61,0.0,14890.44,14890.44,2378.91,9515.64,5374.8,36.1,STC Pay,Store,Home & Living,83972,,,,,Manual/source-system review required
T084373,2024-04-21 00:00:00.000000,C03950,P0210,S004,3,430.03,0.0,1290.09,1290.09,326.88,980.64,309.45,23.99,Mada,Store,Home Appliances,84373,,,,,Manual/source-system review required
T084383,2024-07-22 00:00:00.000000,C02243,P0410,S017,2,952.87,95.29,1905.74,1810.45,697.52,1395.04,415.41,22.95,Mada,E-commerce,Sports,84383,,,,,Manual/source-system review required
T084397,2025-06-27 00:00:00.000000,C01782,P0142,S017,5,170.42,170.42,852.1,681.68,141.79,708.95,-27.27,-4.0,Apple Pay,Store,Grocery,84397,,,,,Manual/source-system review required
T084448,2025-08-23 00:00:00.000000,C02151,P0421,S007,5,2478.4,0.0,12392.0,12392.0,2005.59,10027.95,2364.05,19.08,Card,E-commerce,Fashion,84448,,,,,Manual/source-system review required
T085020,2025-06-14 00:00:00.000000,C03645,P0213,S010,5,891.02,668.26,4455.1,3786.84,681.48,3407.4,379.44,10.02,Card,Store,Fashion,85020,,,,,Manual/source-system review required
T085127,2025-12-27 00:00:00.000000,C01719,P0239,S007,4,2547.55,0.0,10190.2,10190.2,1877.53,7510.12,2680.08,26.3,Card,Store,Beauty,85127,,,,,Manual/source-system review required
T085504,2025-11-27 00:00:00.000000,C03000,P0375,S019,5,2032.98,508.24,10164.9,9656.66,1303.97,6519.85,3136.81,32.48,Mada,Store,Beauty,85504,,,,,Manual/source-system review required
T085662,2024-02-26 00:00:00.000000,C00512,P0469,S012,2,691.67,138.33,1383.34,1245.01,497.01,994.02,250.99,20.16,Card,E-commerce,Sports,85662,,,,,Manual/source-system review required
T085744,2024-11-12 00:00:00.000000,,P0398,S002,2,1552.42,0.0,3104.84,3104.84,1043.81,2087.62,1017.22,32.76,Card,Store,Fashion,85744,,,,,Manual/source-system review required
T085853,2024-04-11 00:00:00.000000,C03231,P0444,S008,2,2010.32,201.03,4020.64,3819.61,1496.45,2992.9,826.71,21.64,STC Pay,Store,Home & Living,85853,,,,,Manual/source-system review required
T086165,2025-08-01 00:00:00.000000,C03429,P0398,S006,2,1564.17,0.0,3128.34,3128.34,1043.81,2087.62,1040.72,33.27,Cash,Store,Fashion,86165,,,,,Manual/source-system review required
T086465,2025-10-29 00:00:00.000000,C03918,P0131,S005,2,2393.64,239.36,4787.28,4547.92,1664.68,3329.36,1218.56,26.79,STC Pay,Store,Grocery,86465,,,,,Manual/source-system review required
T087176,2024-08-03 00:00:00.000000,C04403,P0001,S009,3,3627.49,1632.37,10882.47,9250.1,2582.62,7747.86,1502.24,16.24,Card,Store,Home & Living,87176,,,,,Manual/source-system review required
T087296,2024-08-11 00:00:00.000000,C04119,P0399,S014,3,2401.06,0.0,7203.18,7203.18,2015.42,6046.26,1156.92,16.06,Apple Pay,Store,Beauty,87296,,,,,Manual/source-system review required
T087365,2024-07-27 00:00:00.000000,C02835,P0168,S003,2,1488.87,297.77,2977.74,2679.97,1120.31,2240.62,439.35,16.39,Mada,Store,Beauty,87365,,,,,Manual/source-system review required
T087479,2025-06-16 00:00:00.000000,C01174,P0214,S012,1,2825.6,0.0,2825.6,2825.6,2403.75,2403.75,421.85,14.93,STC Pay,E-commerce,Fashion,87479,,,,,Manual/source-system review required
T087544,2024-09-12 00:00:00.000000,C03132,P0214,S019,3,3014.32,904.3,9042.96,8138.66,2403.75,7211.25,927.41,11.4,Apple Pay,Store,Fashion,87544,,,,,Manual/source-system review required
T087553,2025-04-22 00:00:00.000000,C02632,P0136,S016,3,2757.23,413.58,8271.69,7858.11,1873.82,5621.46,2236.65,28.46,Mada,Store,Sports,87553,,,,,Manual/source-system review required
T087738,2025-01-17 00:00:00.000000,C00374,P0300,S018,2,395.76,0.0,791.52,791.52,265.5,531.0,260.52,32.91,Mada,E-commerce,Beauty,87738,,,,,Manual/source-system review required
T087888,2024-07-28 00:00:00.000000,C00519,P0368,S004,3,1634.09,0.0,4902.27,4902.27,1177.9,3533.7,1368.57,27.92,Cash,E-commerce,Home Appliances,87888,,,,,Manual/source-system review required
T088039,2024-05-24 00:00:00.000000,C02262,P0325,S002,2,2002.01,200.2,4004.02,3803.82,1327.05,2654.1,1149.72,30.23,Mada,Store,Fashion,88039,,,,,Manual/source-system review required
T088168,2025-09-13 00:00:00.000000,C02100,P0162,S015,3,4101.38,0.0,12304.14,12304.14,2599.21,7797.63,4506.51,36.63,Cash,Store,Home & Living,88168,,,,,Manual/source-system review required
T088231,2024-10-06 00:00:00.000000,C01333,P0354,S019,4,1379.19,0.0,5516.76,5516.76,1041.11,4164.44,1352.32,24.51,Card,E-commerce,Sports,88231,,,,,Manual/source-system review required
T088289,2024-01-19 00:00:00.000000,C00646,P0305,S005,2,1897.92,0.0,3795.84,3795.84,1425.17,2850.34,945.5,24.91,Card,Store,Beauty,88289,,,,,Manual/source-system review required
T088317,2024-02-11 00:00:00.000000,C02892,P0298,S004,2,1703.54,170.35,3407.08,3236.73,1348.79,2697.58,539.15,16.66,Mada,Store,Beauty,88317,,,,,Manual/source-system review required
T088410,2025-06-23 00:00:00.000000,C01865,P0460,S002,4,871.61,0.0,3486.44,3486.44,737.26,2949.04,537.4,15.41,Card,E-commerce,Grocery,88410,,,,,Manual/source-system review required
T088549,2024-03-04 00:00:00.000000,C01544,P0170,S005,-6,505.22,0.0,3031.32,3031.32,433.7,2602.2,429.12,14.16,Mada,Store,Electronics,88549,,,,,Manual/source-system review required
T088611,2025-08-24 00:00:00.000000,C02218,P0280,S013,3,1987.29,596.19,5961.87,5365.68,1452.15,4356.45,1009.23,18.81,Cash,Store,Grocery,88611,,,,,Manual/source-system review required
T088809,2024-12-29 00:00:00.000000,C00269,P0115,S016,2,2032.06,0.0,4064.12,4064.12,1377.86,2755.72,1308.4,32.19,Apple Pay,Store,Beauty,88809,,,,,Manual/source-system review required
T088948,2025-03-09 00:00:00.000000,C02008,P0069,S017,8,2410.38,2892.46,19283.04,16390.58,1631.09,13048.72,3341.86,20.39,Cash,Store,Home Appliances,88948,,,,,Manual/source-system review required
T089613,2024-08-06 00:00:00.000000,C03091,P0304,S012,5,934.81,934.81,4674.05,3739.24,617.07,3085.35,653.89,17.49,Apple Pay,Store,Sports,89613,,,,,Manual/source-system review required
T089665,2024-03-04 00:00:00.000000,C03902,P0061,S016,3,1202.46,180.37,3607.38,3427.01,903.6,2710.8,716.21,20.9,Card,Store,Home & Living,89665,,,,,Manual/source-system review required
T089825,2024-05-17 00:00:00.000000,C04038,P0180,S017,3,1601.7,240.26,4805.1,4564.84,1164.0,3492.0,1072.84,23.5,Card,Store,Grocery,89825,,,,,Manual/source-system review required
T090038,2025-05-10 00:00:00.000000,C03744,P0045,S019,5,2738.94,0.0,13694.7,13694.7,2013.58,10067.9,3626.8,26.48,Apple Pay,E-commerce,Fashion,90038,,,,,Manual/source-system review required
T090210,2025-09-22 00:00:00.000000,C04760,P0413,S010,2,3890.74,778.15,7781.48,7003.33,2759.79,5519.58,1483.75,21.19,Mada,E-commerce,Grocery,90210,,,,,Manual/source-system review required
T090260,2024-09-30 00:00:00.000000,C02397,P0109,S013,2,923.34,277.0,1846.68,1569.68,727.77,1455.54,114.14,7.27,Card,Store,Electronics,90260,,,,,Manual/source-system review required
T090700,2024-11-30 00:00:00.000000,C00196,P0009,S004,2,3151.96,315.2,6303.92,5988.72,2247.01,4494.02,1494.7,24.96,Card,E-commerce,Fashion,90700,,,,,Manual/source-system review required
T091108,2025-10-31 00:00:00.000000,C03287,P0460,S004,1,880.92,88.09,880.92,792.83,737.26,737.26,55.57,7.01,Cash,E-commerce,Grocery,91108,,,,,Manual/source-system review required
T091896,2025-07-17 00:00:00.000000,C02325,P0186,S004,4,2894.66,578.93,11578.64,10999.71,2467.35,9869.4,1130.31,10.28,STC Pay,Store,Fashion,91896,,,,,Manual/source-system review required
T092178,2024-11-06 00:00:00.000000,C03883,P0058,S009,1,3290.0,164.5,3290.0,3125.5,2791.45,2791.45,334.05,10.69,STC Pay,Store,Fashion,92178,,,,,Manual/source-system review required
T092288,2024-04-22 00:00:00.000000,C01307,P0458,S020,2,1668.03,333.61,3336.06,3002.45,1028.04,2056.08,946.37,31.52,Cash,E-commerce,Electronics,92288,,,,,Manual/source-system review required
T092551,2024-07-05 00:00:00.000000,C00396,P0242,S009,2,2715.03,0.0,5430.06,5430.06,2090.2,4180.4,1249.66,23.01,Apple Pay,Store,Grocery,92551,,,,,Manual/source-system review required
T093023,2024-01-11 00:00:00.000000,C01740,P0006,S008,2,1904.69,0.0,3809.38,3809.38,1711.75,3423.5,385.88,10.13,Mada,E-commerce,Home Appliances,93023,,,,,Manual/source-system review required
T093346,2024-12-13 00:00:00.000000,C01381,P0342,S017,4,1477.86,1182.29,5911.44,4729.15,989.07,3956.28,772.87,16.34,Mada,Store,Electronics,93346,,,,,Manual/source-system review required
T093469,2025-11-11 00:00:00.000000,C03889,P0476,S011,4,1389.09,0.0,5556.36,5556.36,930.7,3722.8,1833.56,33.0,Card,Store,Sports,93469,,,,,Manual/source-system review required
T093604,2024-06-18 00:00:00.000000,C02620,P0329,S015,1,1453.75,72.69,1453.75,1381.06,1010.3,1010.3,370.76,26.85,Card,Store,Grocery,93604,,,,,Manual/source-system review required
T093687,2025-08-02 00:00:00.000000,C03285,P0195,S015,5,1315.35,328.84,6576.75,6247.91,1135.82,5679.1,568.81,9.1,Cash,Store,Fashion,93687,,,,,Manual/source-system review required
T093747,2024-02-06 00:00:00.000000,C02092,P0411,S001,1,4056.57,202.83,4056.57,3853.74,2812.13,2812.13,1041.61,27.03,Card,Store,Fashion,93747,,,,,Manual/source-system review required
T093818,2025-05-01 00:00:00.000000,C00732,P0340,S015,4,1481.32,0.0,5925.28,5925.28,1090.52,4362.08,1563.2,26.38,Card,Store,Sports,93818,,,,,Manual/source-system review required
T093840,2025-05-08 00:00:00.000000,C00410,P0290,S011,2,1036.46,0.0,2072.92,2072.92,864.36,1728.72,344.2,16.6,Cash,E-commerce,Beauty,93840,,,,,Manual/source-system review required
T093971,2025-11-07 00:00:00.000000,C03659,P0468,S016,4,3117.5,1247.0,12470.0,11223.0,2072.88,8291.52,2931.48,26.12,Cash,E-commerce,Home & Living,93971,,,,,Manual/source-system review required
T094278,2026-03-11 20:36:21.818181,C00559,P0158,S007,3,3186.32,1911.79,9558.96,7647.17,2802.4,8407.2,-760.03,-9.94,Card,Store,Beauty,94278,,,,,Manual/source-system review required
T094522,2025-01-27 00:00:00.000000,C03534,P0160,S002,1,2897.02,0.0,2897.02,2897.02,2530.1,2530.1,366.92,12.67,Card,Store,Beauty,94522,,,,,Manual/source-system review required
T094543,2025-03-18 00:00:00.000000,C01393,P0270,S008,3,2371.76,0.0,7115.28,7115.28,1896.74,5690.22,1425.06,20.03,Card,Store,Home Appliances,94543,,,,,Manual/source-system review required
T094546,2024-02-28 00:00:00.000000,C03479,P0051,S018,1,1812.51,90.63,1812.51,1721.88,1191.43,1191.43,530.45,30.81,Card,Store,Home & Living,94546,,,,,Manual/source-system review required
T094657,2024-09-13 00:00:00.000000,C02643,P0310,S001,3,1810.73,0.0,5432.19,5432.19,1484.95,4454.85,977.34,17.99,Cash,Store,Fashion,94657,,,,,Manual/source-system review required
T095105,2025-05-01 00:00:00.000000,C04052,P0247,S015,2,260.05,26.01,520.1,494.09,173.76,347.52,146.57,29.66,Cash,E-commerce,Beauty,95105,,,,,Manual/source-system review required
T095441,2025-09-04 00:00:00.000000,C02076,P0214,S001,2,2969.15,1187.66,5938.3,4750.64,2403.75,4807.5,-56.86,-1.2,Mada,Store,Fashion,95441,,,,,Manual/source-system review required
T095498,2024-01-06 00:00:00.000000,C00551,P0162,S020,2,4054.83,405.48,8109.66,7704.18,2599.21,5198.42,2505.76,32.52,Apple Pay,Store,Home & Living,95498,,,,,Manual/source-system review required
T095886,2024-09-24 00:00:00.000000,C04754,P0277,S017,3,1061.57,318.47,3184.71,2866.24,858.55,2575.65,290.59,10.14,Mada,Store,Home Appliances,95886,,,,,Manual/source-system review required
T096532,2024-06-26 00:00:00.000000,C04011,P0117,S016,2,1354.23,0.0,2708.46,2708.46,1093.83,2187.66,520.8,19.23,Cash,Store,Grocery,96532,,,,,Manual/source-system review required
T096611,2024-05-06 00:00:00.000000,C01833,P0229,S007,7,3115.98,1090.59,21811.86,20721.27,2492.63,17448.41,3272.86,15.79,Card,Store,Home Appliances,96611,,,,,Manual/source-system review required
T096738,2024-10-14 00:00:00.000000,,P0022,S013,4,2988.0,1792.8,11952.0,10159.2,2414.94,9659.76,499.44,4.92,Cash,E-commerce,Home & Living,96738,,,,,Manual/source-system review required
T096795,2025-10-18 00:00:00.000000,C04442,P0055,S011,3,1332.03,0.0,3996.09,3996.09,1123.07,3369.21,626.88,15.69,Card,Store,Sports,96795,,,,,Manual/source-system review required
T096844,2024-05-07 00:00:00.000000,C00678,P0059,S005,1,624.31,31.22,624.31,593.09,437.45,437.45,155.64,26.24,Cash,E-commerce,Grocery,96844,,,,,Manual/source-system review required
T096958,2024-06-05 00:00:00.000000,C03229,P0243,S004,5,1511.83,1133.87,7559.15,6425.28,957.5,4787.5,1637.78,25.49,STC Pay,Store,Electronics,96958,,,,,Manual/source-system review required
T096979,2025-03-05 00:00:00.000000,C01316,P0311,S010,3,2336.66,0.0,7009.98,7009.98,1778.99,5336.97,1673.01,23.87,Card,Store,Home & Living,96979,,,,,Manual/source-system review required
T097482,2024-11-23 00:00:00.000000,C04299,P0442,S003,5,2790.85,0.0,13954.25,13954.25,2430.47,12152.35,1801.9,12.91,Apple Pay,Store,Fashion,97482,,,,,Manual/source-system review required
T097542,2024-12-25 00:00:00.000000,C02145,P0290,S015,5,1035.98,0.0,5179.9,5179.9,864.36,4321.8,858.1,16.57,Card,Store,Beauty,97542,,,,,Manual/source-system review required
T097918,2025-01-31 00:00:00.000000,C01677,P0044,S016,1,2290.08,0.0,2290.08,2290.08,1933.25,1933.25,356.83,15.58,Card,Store,Home & Living,97918,,,,,Manual/source-system review required
T097999,2024-03-05 00:00:00.000000,C01956,P0150,S018,1,3562.49,356.25,3562.49,3206.24,2687.72,2687.72,518.52,16.17,Cash,Store,Grocery,97999,,,,,Manual/source-system review required
T098029,2024-01-11 00:00:00.000000,C03057,P0115,S004,1,2019.51,100.98,2019.51,1918.53,1377.86,1377.86,540.67,28.18,Card,Store,Beauty,98029,,,,,Manual/source-system review required
T098175,2025-11-21 00:00:00.000000,C02712,P0332,S006,2,3417.2,341.72,6834.4,6492.68,2211.34,4422.68,2070.0,31.88,STC Pay,Store,Home & Living,98175,,,,,Manual/source-system review required
T098306,2025-02-08 00:00:00.000000,C00701,P0204,S001,3,85.09,25.53,255.27,229.74,59.02,177.06,52.68,22.93,Card,Store,Beauty,98306,,,,,Manual/source-system review required
T098677,2025-12-08 00:00:00.000000,C01312,P0298,S012,2,1766.62,0.0,3533.24,3533.24,1348.79,2697.58,835.66,23.65,Apple Pay,E-commerce,Beauty,98677,,,,,Manual/source-system review required
T099634,2025-04-28 00:00:00.000000,C01467,P0333,S018,3,2374.58,712.37,7123.74,6411.37,1744.45,5233.35,1178.02,18.37,Apple Pay,Store,Grocery,99634,,,,,Manual/source-system review required
T100286,2025-06-01 00:00:00.000000,C04846,P0384,S011,3,2938.36,0.0,8815.08,8815.08,1906.79,5720.37,3094.71,35.11,Apple Pay,E-commerce,Beauty,100286,,,,,Manual/source-system review required
T100434,2025-03-06 00:00:00.000000,C03526,P0133,S017,2,511.51,51.15,1023.02,971.87,426.39,852.78,119.09,12.25,Apple Pay,Store,Beauty,100434,,,,,Manual/source-system review required
T100502,2025-10-25 00:00:00.000000,C01913,P0159,S007,3,909.59,136.44,2728.77,2592.33,752.95,2258.85,333.48,12.86,Cash,E-commerce,Home & Living,100502,,,,,Manual/source-system review required
T100909,2024-04-17 00:00:00.000000,C01692,P0188,S004,1,2648.89,132.44,2648.89,2516.45,2320.21,2320.21,196.24,7.8,Apple Pay,Store,Home Appliances,100909,,,,,Manual/source-system review required
T100943,2024-03-03 00:00:00.000000,C01242,P0096,S010,2,2682.64,268.26,5365.28,5097.02,2036.77,4073.54,1023.48,20.08,Cash,Store,Home Appliances,100943,,,,,Manual/source-system review required
T101426,2025-01-08 00:00:00.000000,C00854,P0188,S002,2,2640.01,0.0,5280.02,5280.02,2320.21,4640.42,639.6,12.11,Mada,Store,Home Appliances,101426,,,,,Manual/source-system review required
T101589,2025-03-14 00:00:00.000000,C00548,P0347,S016,3,3611.43,0.0,10834.29,10834.29,2349.74,7049.22,3785.07,34.94,Card,Store,Home Appliances,101589,,,,,Manual/source-system review required
T101727,2024-01-19 00:00:00.000000,C00184,P0232,S006,1,1843.95,92.2,1843.95,1751.75,1225.06,1225.06,526.69,30.07,Apple Pay,Store,Fashion,101727,,,,,Manual/source-system review required
T101798,2025-02-03 00:00:00.000000,C01169,P0327,S019,3,1275.36,0.0,3826.08,3826.08,1023.95,3071.85,754.23,19.71,Card,Store,Grocery,101798,,,,,Manual/source-system review required
T101819,2025-09-19 00:00:00.000000,C00148,P0025,S007,4,55.29,11.06,221.16,210.1,40.72,162.88,47.22,22.48,Mada,E-commerce,Beauty,101819,,,,,Manual/source-system review required
T102053,2024-06-18 00:00:00.000000,C00490,P0475,S006,3,3209.72,0.0,9629.16,9629.16,2280.86,6842.58,2786.58,28.94,STC Pay,Store,Sports,102053,,,,,Manual/source-system review required
T102312,2024-07-16 00:00:00.000000,C01266,P0170,S009,2,486.93,146.08,973.86,827.78,433.7,867.4,-39.62,-4.79,Card,Store,Electronics,102312,,,,,Manual/source-system review required
T102405,2025-11-06 00:00:00.000000,C03871,P0107,S014,6,1738.62,0.0,10431.72,10431.72,1488.02,8928.12,1503.6,14.41,Cash,E-commerce,Grocery,102405,,,,,Manual/source-system review required
T102551,2024-07-19 00:00:00.000000,C00064,P0271,S015,4,3724.03,744.81,14896.12,14151.31,2984.83,11939.32,2211.99,15.63,STC Pay,E-commerce,Fashion,102551,,,,,Manual/source-system review required
T102843,2025-03-14 00:00:00.000000,C02353,P0338,S011,3,3681.29,0.0,11043.87,11043.87,2914.76,8744.28,2299.59,20.82,Mada,Store,Fashion,102843,,,,,Manual/source-system review required
T102954,2024-06-15 00:00:00.000000,C02716,P0348,S015,2,463.16,0.0,926.32,926.32,353.52,707.04,219.28,23.67,Mada,E-commerce,Sports,102954,,,,,Manual/source-system review required
T103049,2024-10-08 00:00:00.000000,C04553,P0354,S002,1,1506.42,150.64,1506.42,1355.78,1041.11,1041.11,314.67,23.21,Mada,Store,Sports,103049,,,,,Manual/source-system review required
T103079,2025-09-15 00:00:00.000000,C00834,P0012,S014,3,3108.79,932.64,9326.37,8393.73,2139.8,6419.4,1974.33,23.52,Card,Store,Beauty,103079,,,,,Manual/source-system review required
T103220,2024-07-21 00:00:00.000000,C03363,P0032,S001,3,1057.48,0.0,3172.44,3172.44,741.32,2223.96,948.48,29.9,Mada,Store,Beauty,103220,,,,,Manual/source-system review required
T103718,2025-07-10 00:00:00.000000,C00382,P0496,S003,1,396.79,19.84,396.79,376.95,260.19,260.19,116.76,30.97,,Store,Electronics,103718,,,,,Manual/source-system review required
T103901,2024-04-20 00:00:00.000000,C02358,P0251,S013,2,1426.5,285.3,2853.0,2567.7,970.92,1941.84,625.86,24.37,Mada,Store,Home & Living,103901,,,,,Manual/source-system review required
T104010,2024-12-12 00:00:00.000000,C01184,P0168,S010,2,1560.95,312.19,3121.9,2809.71,1120.31,2240.62,569.09,20.25,Card,Store,Beauty,104010,,,,,Manual/source-system review required
T104315,2025-08-05 00:00:00.000000,C01897,P0128,S020,3,2199.58,0.0,6598.74,6598.74,1826.4,5479.2,1119.54,16.97,Apple Pay,Store,Electronics,104315,,,,,Manual/source-system review required
T104510,2024-02-17 00:00:00.000000,C03900,P0251,S010,2,1405.57,281.11,2811.14,2530.03,970.92,1941.84,588.19,23.25,STC Pay,Store,Home & Living,104510,,,,,Manual/source-system review required
T104662,2025-12-06 00:00:00.000000,C02384,P0428,S016,2,2388.94,238.89,4777.88,4538.99,2082.64,4165.28,373.71,8.23,Apple Pay,Store,Sports,104662,,,,,Manual/source-system review required
T104859,2025-09-27 00:00:00.000000,C01045,P0113,S009,1,1410.48,0.0,1410.48,1410.48,897.59,897.59,512.89,36.36,Card,Store,Fashion,104859,,,,,Manual/source-system review required
T104907,2025-11-17 00:00:00.000000,C04513,P0212,S016,3,735.28,0.0,2205.84,2205.84,485.33,1455.99,749.85,33.99,Apple Pay,Store,Electronics,104907,,,,,Manual/source-system review required
T105081,2024-11-28 00:00:00.000000,C04343,P0057,S004,4,1127.44,225.49,4509.76,4284.27,964.43,3857.72,426.55,9.96,Card,Store,Home & Living,105081,,,,,Manual/source-system review required
T105327,2025-02-26 00:00:00.000000,C00419,P0031,S012,1,855.41,0.0,855.41,855.41,733.89,733.89,121.52,14.21,Cash,Store,Home Appliances,105327,,,,,Manual/source-system review required
T105594,2024-12-01 00:00:00.000000,C03970,P0166,S007,2,522.89,156.87,1045.78,888.91,362.21,724.42,164.49,18.5,Mada,Store,Home & Living,105594,,,,,Manual/source-system review required
T105855,2025-05-28 00:00:00.000000,C04696,P0078,S009,2,2012.49,0.0,4024.98,4024.98,1485.02,2970.04,1054.94,26.21,Mada,Store,Beauty,105855,,,,,Manual/source-system review required
T105955,2025-09-27 00:00:00.000000,C01307,P0444,S007,2,1944.42,388.88,3888.84,3499.96,1496.45,2992.9,507.06,14.49,Card,E-commerce,Home & Living,105955,,,,,Manual/source-system review required
T106062,2025-04-08 00:00:00.000000,C03999,P0185,S011,3,2840.21,852.06,8520.63,7668.57,2147.91,6443.73,1224.84,15.97,Card,Store,Electronics,106062,,,,,Manual/source-system review required
T106254,2024-10-08 00:00:00.000000,C00174,P0054,S004,1,839.64,41.98,839.64,797.66,547.79,547.79,249.87,31.33,Apple Pay,Store,Electronics,106254,,,,,Manual/source-system review required
T106257,2024-02-01 00:00:00.000000,C02324,P0417,S009,3,816.56,122.48,2449.68,2327.2,537.1,1611.3,715.9,30.76,STC Pay,Store,Fashion,106257,,,,,Manual/source-system review required
T106441,2025-02-18 00:00:00.000000,C04123,P0099,S009,3,4752.2,2851.32,14256.6,11405.28,2923.26,8769.78,2635.5,23.11,Card,E-commerce,Beauty,106441,,,,,Manual/source-system review required
T106607,2025-04-24 00:00:00.000000,C01264,P0158,S012,3,3351.72,1508.27,10055.16,8546.89,2802.4,8407.2,139.69,1.63,Mada,Store,Beauty,106607,,,,,Manual/source-system review required
T106815,2024-11-10 00:00:00.000000,C00238,P0228,S004,2,1862.95,186.3,3725.9,3539.6,1504.31,3008.62,530.98,15.0,Apple Pay,Store,Home & Living,106815,,,,,Manual/source-system review required
T107201,2025-11-27 00:00:00.000000,C01298,P0213,S009,4,818.86,0.0,3275.44,3275.44,681.48,2725.92,549.52,16.78,Cash,Store,Fashion,107201,,,,,Manual/source-system review required
T107359,2025-02-23 00:00:00.000000,C00562,P0103,S008,3,649.92,97.49,1949.76,1852.27,456.88,1370.64,481.63,26.0,Card,Store,Grocery,107359,,,,,Manual/source-system review required
T107418,2025-10-14 00:00:00.000000,C03850,P0236,S008,1,2185.18,109.26,2185.18,2075.92,1438.63,1438.63,637.29,30.7,Cash,E-commerce,Fashion,107418,,,,,Manual/source-system review required
T107443,2025-12-07 00:00:00.000000,C04217,P0126,S016,4,3479.62,0.0,13918.48,13918.48,2311.58,9246.32,4672.16,33.57,Card,Store,Electronics,107443,,,,,Manual/source-system review required
T107660,2024-04-27 00:00:00.000000,C00712,P0188,S007,4,2693.51,0.0,10774.04,10774.04,2320.21,9280.84,1493.2,13.86,Cash,E-commerce,Home Appliances,107660,,,,,Manual/source-system review required
T107742,2025-04-29 00:00:00.000000,C01769,P0116,S017,1,2490.59,373.59,2490.59,2117.0,1947.61,1947.61,169.39,8.0,Apple Pay,Store,Fashion,107742,,,,,Manual/source-system review required
T108116,2025-05-07 00:00:00.000000,C01347,P0045,S019,5,2944.87,0.0,14724.35,14724.35,2013.58,10067.9,4656.45,31.62,Mada,Store,Fashion,108116,,,,,Manual/source-system review required
T108152,2025-07-04 00:00:00.000000,C03227,P0070,S010,2,2528.93,0.0,5057.86,5057.86,2149.49,4298.98,758.88,15.0,Card,Store,Home & Living,108152,,,,,Manual/source-system review required
T108477,2024-03-30 00:00:00.000000,C02966,P0281,S002,4,2881.89,0.0,11527.56,11527.56,2040.49,8161.96,3365.6,29.2,Cash,Store,Electronics,108477,,,,,Manual/source-system review required
T108754,2024-02-03 00:00:00.000000,C02381,P0344,S015,3,1599.33,0.0,4797.99,4797.99,1024.27,3072.81,1725.18,35.96,Mada,Store,Home & Living,108754,,,,,Manual/source-system review required
T109241,2025-09-18 00:00:00.000000,C04005,P0081,S012,2,2964.4,296.44,5928.8,5632.36,2058.21,4116.42,1515.94,26.91,Cash,E-commerce,Electronics,109241,,,,,Manual/source-system review required
T109344,2025-03-04 00:00:00.000000,C00060,P0080,S020,2,1673.89,334.78,3347.78,3013.0,1136.35,2272.7,740.3,24.57,Card,Store,Electronics,109344,,,,,Manual/source-system review required
T109439,2025-08-07 00:00:00.000000,C01253,P0124,S016,2,1012.09,202.42,2024.18,1821.76,834.75,1669.5,152.26,8.36,Mada,E-commerce,Fashion,109439,,,,,Manual/source-system review required
T109591,2025-02-13 00:00:00.000000,C00134,P0215,S006,3,3141.8,471.27,9425.4,8954.13,2168.02,6504.06,2450.07,27.36,Mada,E-commerce,Electronics,109591,,,,,Manual/source-system review required
T109611,2024-07-02 00:00:00.000000,C04865,P0436,S007,3,3715.13,0.0,11145.39,11145.39,2408.58,7225.74,3919.65,35.17,Apple Pay,Store,Beauty,109611,,,,,Manual/source-system review required
T110290,2024-12-20 00:00:00.000000,C04060,P0273,S017,1,2656.51,0.0,2656.51,2656.51,1876.35,1876.35,780.16,29.37,Apple Pay,Store,Electronics,110290,,,,,Manual/source-system review required
T110312,2025-08-01 00:00:00.000000,C03113,P0160,S002,1,3037.61,0.0,3037.61,3037.61,2530.1,2530.1,507.51,16.71,STC Pay,Store,Beauty,110312,,,,,Manual/source-system review required
T110403,2025-12-13 00:00:00.000000,C03509,P0404,S015,2,2012.54,0.0,4025.08,4025.08,1616.77,3233.54,791.54,19.67,Card,Store,Beauty,110403,,,,,Manual/source-system review required
T110474,2024-04-10 00:00:00.000000,C02801,P0364,S007,3,2917.73,0.0,8753.19,8753.19,1958.52,5875.56,2877.63,32.88,Mada,E-commerce,Fashion,110474,,,,,Manual/source-system review required
T110526,2025-06-20 00:00:00.000000,C00594,P0306,S007,2,346.87,69.37,693.74,624.37,291.67,583.34,41.03,6.57,Card,E-commerce,Sports,110526,,,,,Manual/source-system review required
T110809,2024-04-03 00:00:00.000000,C03082,P0430,S020,3,2109.26,632.78,6327.78,5695.0,1590.58,4771.74,923.26,16.21,Apple Pay,Store,Home & Living,110809,,,,,Manual/source-system review required
T110866,2025-11-18 00:00:00.000000,C01477,P0135,S009,2,2143.75,0.0,4287.5,4287.5,1651.39,3302.78,984.72,22.97,Mada,E-commerce,Grocery,110866,,,,,Manual/source-system review required
T111360,2025-12-24 00:00:00.000000,C00512,P0163,S020,4,3166.99,1900.19,12667.96,10767.77,2012.56,8050.24,2717.53,25.24,Card,Store,Grocery,111360,,,,,Manual/source-system review required
T111664,2025-05-26 00:00:00.000000,C03796,P0045,S010,1,2783.97,0.0,2783.97,2783.97,2013.58,2013.58,770.39,27.67,Card,Store,Fashion,111664,,,,,Manual/source-system review required
T111888,2025-08-11 00:00:00.000000,C03445,P0381,S011,7,4033.12,1411.59,28231.84,26820.25,2581.06,18067.42,8752.83,32.64,Apple Pay,E-commerce,Beauty,111888,,,,,Manual/source-system review required
T112182,2024-01-21 00:00:00.000000,C00404,P0294,S018,4,236.64,47.33,946.56,899.23,192.6,770.4,128.83,14.33,Mada,Store,Fashion,112182,,,,,Manual/source-system review required
T112443,2025-12-03 00:00:00.000000,C00724,P0321,S013,2,179.44,0.0,358.88,358.88,114.13,228.26,130.62,36.4,Apple Pay,Store,Beauty,112443,,,,,Manual/source-system review required
T112456,2024-01-16 00:00:00.000000,C02590,P0267,S015,1,1884.19,0.0,1884.19,1884.19,1216.71,1216.71,667.48,35.43,STC Pay,Store,Home Appliances,112456,,,,,Manual/source-system review required
T112590,2025-12-25 00:00:00.000000,C04784,P0017,S006,2,3059.57,611.91,6119.14,5507.23,2317.48,4634.96,872.27,15.84,Card,Store,Home Appliances,112590,,,,,Manual/source-system review required
T112632,2025-08-07 00:00:00.000000,C01052,P0026,S019,2,502.79,50.28,1005.58,955.3,377.2,754.4,200.9,21.03,Apple Pay,Store,Fashion,112632,,,,,Manual/source-system review required
T113160,2024-05-12 00:00:00.000000,C04199,P0093,S005,3,3879.82,0.0,11639.46,11639.46,2709.61,8128.83,3510.63,30.16,Cash,E-commerce,Electronics,113160,,,,,Manual/source-system review required
T113199,2024-12-11 00:00:00.000000,C02656,P0415,S006,2,3310.94,662.19,6621.88,5959.69,2456.0,4912.0,1047.69,17.58,Mada,Store,Grocery,113199,,,,,Manual/source-system review required
T113316,2025-12-22 00:00:00.000000,C01845,P0188,S018,1,2801.47,140.07,2801.47,2661.4,2320.21,2320.21,341.19,12.82,Cash,Store,Home Appliances,113316,,,,,Manual/source-system review required
T113393,2024-06-14 00:00:00.000000,C02281,P0465,S013,1,622.25,31.11,622.25,591.14,412.55,412.55,178.59,30.21,Card,E-commerce,Beauty,113393,,,,,Manual/source-system review required
T113561,2025-01-31 00:00:00.000000,C01424,P0070,S016,2,2621.24,0.0,5242.48,5242.48,2149.49,4298.98,943.5,18.0,Apple Pay,E-commerce,Home & Living,113561,,,,,Manual/source-system review required
T113692,2024-04-16 00:00:00.000000,C02467,P0423,S013,3,4341.57,0.0,13024.71,13024.71,2810.62,8431.86,4592.85,35.26,Card,Store,Beauty,113692,,,,,Manual/source-system review required
T113758,2025-08-22 00:00:00.000000,C02127,P0484,S008,2,3034.87,606.97,6069.74,5462.77,2092.34,4184.68,1278.09,23.4,Card,Store,Grocery,113758,,,,,Manual/source-system review required
T113824,2024-08-23 00:00:00.000000,C03333,P0062,S012,1,3748.34,374.83,3748.34,3373.51,2741.46,2741.46,632.05,18.74,Mada,Store,Grocery,113824,,,,,Manual/source-system review required
T113844,2025-09-14 00:00:00.000000,C00539,P0250,S006,3,3477.87,0.0,10433.61,10433.61,2390.12,7170.36,3263.25,31.28,Apple Pay,E-commerce,Grocery,113844,,,,,Manual/source-system review required
T114366,2025-07-15 00:00:00.000000,C00454,P0156,S006,1,2346.64,117.33,2346.64,2229.31,1702.09,1702.09,527.22,23.65,Card,Store,Sports,114366,,,,,Manual/source-system review required
T114542,2024-11-19 00:00:00.000000,C03519,P0163,S012,1,3094.4,0.0,3094.4,3094.4,2012.56,2012.56,1081.84,34.96,Cash,Store,Grocery,114542,,,,,Manual/source-system review required
T114560,2024-09-21 00:00:00.000000,C02436,P0471,S018,3,1880.02,0.0,5640.06,5640.06,1216.45,3649.35,1990.71,35.3,Cash,Store,Electronics,114560,,,,,Manual/source-system review required
T114610,2025-11-30 00:00:00.000000,C03391,P0473,S005,4,3358.68,2015.21,13434.72,11419.51,2355.7,9422.8,1996.71,17.49,Card,Store,Electronics,114610,,,,,Manual/source-system review required
T114631,2025-11-24 00:00:00.000000,C02506,P0372,S002,1,2913.75,0.0,2913.75,2913.75,2445.02,2445.02,468.73,16.09,Mada,Store,Home Appliances,114631,,,,,Manual/source-system review required
T114785,2024-05-25 00:00:00.000000,C02797,P0333,S013,2,2234.86,446.97,4469.72,4022.75,1744.45,3488.9,533.85,13.27,Card,Store,Grocery,114785,,,,,Manual/source-system review required
T115337,2025-03-02 00:00:00.000000,C02801,P0424,S015,2,2430.07,0.0,4860.14,4860.14,1815.61,3631.22,1228.92,25.29,Mada,Store,Home Appliances,115337,,,,,Manual/source-system review required
T115537,2024-11-22 00:00:00.000000,C04708,P0498,S011,3,2236.75,0.0,6710.25,6710.25,1838.47,5515.41,1194.84,17.81,Card,E-commerce,Fashion,115537,,,,,Manual/source-system review required
T115727,2024-03-04 00:00:00.000000,C02356,P0191,S006,2,2132.04,639.61,4264.08,3624.47,1396.78,2793.56,830.91,22.93,Card,Store,Home Appliances,115727,,,,,Manual/source-system review required
T116010,2025-10-04 00:00:00.000000,C03231,P0433,S001,2,940.81,0.0,1881.62,1881.62,760.77,1521.54,360.08,19.14,Apple Pay,Store,Home & Living,116010,,,,,Manual/source-system review required
T116168,2024-04-11 00:00:00.000000,C02223,P0233,S003,2,3591.09,718.22,7182.18,6463.96,2876.71,5753.42,710.54,10.99,Mada,Store,Sports,116168,,,,,Manual/source-system review required
T116223,2024-08-15 00:00:00.000000,C03087,P0191,S003,6,2297.77,1378.66,13786.62,12407.96,1396.78,8380.68,4027.28,32.46,Card,E-commerce,Home Appliances,116223,,,,,Manual/source-system review required
T116290,2024-01-07 00:00:00.000000,C03553,P0022,S016,5,2886.65,0.0,14433.25,14433.25,2414.94,12074.7,2358.55,16.34,Cash,Store,Home & Living,116290,,,,,Manual/source-system review required
T116452,2025-09-10 00:00:00.000000,C03726,P0054,S002,3,862.06,258.62,2586.18,2327.56,547.79,1643.37,684.19,29.4,Mada,E-commerce,Electronics,116452,,,,,Manual/source-system review required
T116884,2025-09-29 00:00:00.000000,C02619,P0161,S005,3,4853.67,728.05,14561.01,13832.96,2991.82,8975.46,4857.5,35.12,STC Pay,Store,Fashion,116884,,,,,Manual/source-system review required
T116889,2024-07-12 00:00:00.000000,C01812,P0375,S020,2,2058.42,0.0,4116.84,4116.84,1303.97,2607.94,1508.9,36.65,Cash,E-commerce,Beauty,116889,,,,,Manual/source-system review required
T116915,2024-09-22 00:00:00.000000,C03536,P0064,S020,2,1338.5,535.4,2677.0,2141.6,1027.23,2054.46,87.14,4.07,Card,E-commerce,Sports,116915,,,,,Manual/source-system review required
T117171,2025-07-01 00:00:00.000000,C04916,P0009,S008,3,3194.51,0.0,9583.53,9583.53,2247.01,6741.03,2842.5,29.66,Card,E-commerce,Fashion,117171,,,,,Manual/source-system review required
T117300,2025-08-08 00:00:00.000000,C01808,P0130,S013,4,2289.87,0.0,9159.48,9159.48,1570.52,6282.08,2877.4,31.41,Cash,Store,Home Appliances,117300,,,,,Manual/source-system review required
T117448,2024-05-07 00:00:00.000000,C02051,P0226,S015,2,4145.61,829.12,8291.22,7462.1,2508.09,5016.18,2445.92,32.78,Mada,Store,Fashion,117448,,,,,Manual/source-system review required
T117676,2024-02-20 00:00:00.000000,C00718,P0036,S005,1,2250.04,225.0,2250.04,2025.04,2039.14,2039.14,-14.1,-0.7,Card,Store,Electronics,117676,,,,,Manual/source-system review required
T117684,2024-02-13 00:00:00.000000,C03086,P0310,S016,3,1745.43,785.44,5236.29,4450.85,1484.95,4454.85,-4.0,-0.09,Apple Pay,E-commerce,Fashion,117684,,,,,Manual/source-system review required
T117742,2024-04-22 00:00:00.000000,C03713,P0174,S003,2,2437.68,0.0,4875.36,4875.36,2170.36,4340.72,534.64,10.97,Mada,E-commerce,Electronics,117742,,,,,Manual/source-system review required
T117837,2024-04-20 00:00:00.000000,C02673,P0081,S003,4,2793.13,0.0,11172.52,11172.52,2058.21,8232.84,2939.68,26.31,Card,Store,Electronics,117837,,,,,Manual/source-system review required
T117864,2024-01-20 00:00:00.000000,C04756,P0163,S007,4,3188.49,0.0,12753.96,12753.96,2012.56,8050.24,4703.72,36.88,Mada,Store,Grocery,117864,,,,,Manual/source-system review required
T117940,2024-04-17 00:00:00.000000,C02548,P0134,S020,2,2549.34,254.93,5098.68,4843.75,1917.2,3834.4,1009.35,20.84,Card,E-commerce,Home Appliances,117940,,,,,Manual/source-system review required
T118245,2025-03-04 00:00:00.000000,C04906,P0280,S011,4,2148.69,429.74,8594.76,8165.02,1452.15,5808.6,2356.42,28.86,Apple Pay,Store,Grocery,118245,,,,,Manual/source-system review required
T118484,2024-08-25 00:00:00.000000,C02961,P0119,S013,5,3677.37,0.0,18386.85,18386.85,2822.78,14113.9,4272.95,23.24,Card,Store,Sports,118484,,,,,Manual/source-system review required
T118642,2025-09-26 00:00:00.000000,C03772,P0318,S018,5,332.71,166.36,1663.55,1497.19,254.16,1270.8,226.39,15.12,Mada,Store,Beauty,118642,,,,,Manual/source-system review required
T118653,2024-02-26 00:00:00.000000,C00803,P0304,S015,4,944.6,0.0,3778.4,3778.4,617.07,2468.28,1310.12,34.67,Mada,Store,Sports,118653,,,,,Manual/source-system review required
T118938,2024-07-31 00:00:00.000000,C00974,P0295,S013,3,4760.14,1428.04,14280.42,12852.38,2921.0,8763.0,4089.38,31.82,Card,E-commerce,Grocery,118938,,,,,Manual/source-system review required
T119204,2024-09-07 00:00:00.000000,C02800,P0264,S016,1,2509.83,0.0,2509.83,2509.83,2045.35,2045.35,464.48,18.51,Card,Store,Fashion,119204,,,,,Manual/source-system review required
T119437,2024-01-28 00:00:00.000000,C03196,P0318,S019,6,338.15,0.0,2028.9,2028.9,254.16,1524.96,503.94,24.84,Apple Pay,Store,Beauty,119437,,,,,Manual/source-system review required
T119617,2024-02-27 00:00:00.000000,C01730,P0469,S018,3,700.39,0.0,2101.17,2101.17,497.01,1491.03,610.14,29.04,Card,E-commerce,Sports,119617,,,,,Manual/source-system review required
T119704,2024-04-22 00:00:00.000000,C04290,P0489,S013,1,496.34,0.0,496.34,496.34,372.64,372.64,123.7,24.92,Card,E-commerce,Home Appliances,119704,,,,,Manual/source-system review required
T119831,2024-01-09 00:00:00.000000,C03704,P0389,S002,2,2797.69,559.54,5595.38,5035.84,2304.64,4609.28,426.56,8.47,Card,Store,Fashion,119831,,,,,Manual/source-system review required
T119851,2025-05-18 00:00:00.000000,C02831,P0125,S003,4,2507.56,0.0,10030.24,10030.24,1612.35,6449.4,3580.84,35.7,Mada,E-commerce,Home Appliances,119851,,,,,Manual/source-system review required
T071788,2025-10-30 00:00:00.000000,C02848,P0417,S018,3,800.74,120.11,2402.22,2282.11,537.1,1611.3,670.81,29.39,STC Pay,Store,Fashion,120001,,,,,Manual/source-system review required
T067219,2024-01-09 00:00:00.000000,C02728,P0365,S009,4,3714.05,742.81,14856.2,14113.39,2427.38,9709.52,4403.87,31.2,STC Pay,E-commerce,Electronics,120002,,,,,Manual/source-system review required
T054067,2025-03-22 00:00:00.000000,C04386,P0019,S004,3,2482.3,0.0,7446.9,7446.9,1535.54,4606.62,2840.28,38.14,Mada,Store,Home Appliances,120003,,,,,Manual/source-system review required
T007169,2025-03-19 00:00:00.000000,C02441,P0174,S005,3,2652.05,795.62,7956.15,7160.53,2170.36,6511.08,649.45,9.07,Cash,Store,Electronics,120004,,,,,Manual/source-system review required
T029619,2025-09-15 00:00:00.000000,C04294,P0303,S002,3,1946.09,0.0,5838.27,5838.27,1239.82,3719.46,2118.81,36.29,Cash,E-commerce,Home Appliances,120005,,,,,Manual/source-system review required
T101426,2025-01-08 00:00:00.000000,C00854,P0188,S002,2,2640.01,0.0,5280.02,5280.02,2320.21,4640.42,639.6,12.11,Mada,Store,Home Appliances,120006,,,,,Manual/source-system review required
T020442,2024-12-02 00:00:00.000000,C04718,P0141,S008,2,3615.25,723.05,7230.5,6507.45,2692.43,5384.86,1122.59,17.25,Card,Store,Electronics,120007,,,,,Manual/source-system review required
T002663,2024-01-20 00:00:00.000000,C02326,P0329,S007,5,1355.29,0.0,6776.45,6776.45,1010.3,5051.5,1724.95,25.46,Card,E-commerce,Grocery,120008,,,,,Manual/source-system review required
T020372,2025-08-10 00:00:00.000000,C01843,P0352,S009,4,3184.26,1273.7,12737.04,11463.34,2896.05,11584.2,-120.86,-1.05,Card,Store,Home & Living,120009,,,,,Manual/source-system review required
T108152,2025-07-04 00:00:00.000000,C03227,P0070,S010,2,2528.93,0.0,5057.86,5057.86,2149.49,4298.98,758.88,15.0,Card,Store,Home & Living,120010,,,,,Manual/source-system review required
T015316,2024-06-21 00:00:00.000000,C03159,P0108,S013,4,511.35,0.0,2045.4,2045.4,370.23,1480.92,564.48,27.6,Card,Store,Home & Living,120011,,,,,Manual/source-system review required
T023539,2025-01-11 00:00:00.000000,C03306,P0406,S002,4,3458.7,0.0,13834.8,13834.8,2923.01,11692.04,2142.76,15.49,Mada,Store,Electronics,120012,,,,,Manual/source-system review required
T113199,2024-12-11 00:00:00.000000,C02656,P0415,S006,2,3310.94,662.19,6621.88,5959.69,2456.0,4912.0,1047.69,17.58,Mada,Store,Grocery,120013,,,,,Manual/source-system review required
T000202,2024-05-21 00:00:00.000000,C04453,P0052,S003,3,2884.67,0.0,8654.01,8654.01,1942.41,5827.23,2826.78,32.66,Card,E-commerce,Electronics,120014,,,,,Manual/source-system review required
T052091,2024-11-25 00:00:00.000000,C04132,P0202,S010,4,1584.24,633.7,6336.96,5703.26,1368.27,5473.08,230.18,4.04,Mada,Store,Grocery,120015,,,,,Manual/source-system review required
T015395,2024-11-27 00:00:00.000000,C02252,P0365,S007,1,3566.9,0.0,3566.9,3566.9,2427.38,2427.38,1139.52,31.95,Card,Store,Electronics,120016,,,,,Manual/source-system review required
T088289,2024-01-19 00:00:00.000000,C00646,P0305,S005,2,1897.92,0.0,3795.84,3795.84,1425.17,2850.34,945.5,24.91,Card,Store,Beauty,120017,,,,,Manual/source-system review required
T046591,2025-02-06 00:00:00.000000,C01508,P0445,S007,2,2241.28,448.26,4482.56,4034.3,1849.52,3699.04,335.26,8.31,Mada,E-commerce,Home & Living,120018,,,,,Manual/source-system review required
T014006,2024-05-06 00:00:00.000000,C01700,P0218,S011,4,350.54,0.0,1402.16,1402.16,274.82,1099.28,302.88,21.6,Mada,Store,Grocery,120019,,,,,Manual/source-system review required
T013753,2025-05-19 00:00:00.000000,C00392,P0471,S019,3,1832.53,824.64,5497.59,4672.95,1216.45,3649.35,1023.6,21.9,Card,Store,Electronics,120020,,,,,Manual/source-system review required
T119831,2024-01-09 00:00:00.000000,C03704,P0389,S002,2,2797.69,559.54,5595.38,5035.84,2304.64,4609.28,426.56,8.47,Card,Store,Fashion,120021,,,,,Manual/source-system review required
T082402,2024-08-28 00:00:00.000000,C04286,P0496,S016,3,380.43,228.26,1141.29,913.03,260.19,780.57,132.46,14.51,Card,Store,Electronics,120022,,,,,Manual/source-system review required
T001750,2024-10-28 00:00:00.000000,C03051,P0445,S011,3,2173.39,0.0,6520.17,6520.17,1849.52,5548.56,971.61,14.9,Cash,Store,Home & Living,120023,,,,,Manual/source-system review required
T114631,2025-11-24 00:00:00.000000,C02506,P0372,S002,1,2913.75,0.0,2913.75,2913.75,2445.02,2445.02,468.73,16.09,Mada,Store,Home Appliances,120024,,,,,Manual/source-system review required
T011204,2025-10-03 00:00:00.000000,C04886,P0149,S004,3,2715.11,0.0,8145.33,8145.33,2247.46,6742.38,1402.95,17.22,Cash,Store,Sports,120025,,,,,Manual/source-system review required
T059655,2024-02-19 00:00:00.000000,C03235,P0403,S009,2,2659.23,0.0,5318.46,5318.46,1695.64,3391.28,1927.18,36.24,Card,E-commerce,Home & Living,120026,,,,,Manual/source-system review required
T035528,2024-10-13 00:00:00.000000,C02544,P0303,S010,4,1961.51,1176.91,7846.04,6669.13,1239.82,4959.28,1709.85,25.64,Card,E-commerce,Home Appliances,120027,,,,,Manual/source-system review required
T101798,2025-02-03 00:00:00.000000,C01169,P0327,S019,3,1275.36,0.0,3826.08,3826.08,1023.95,3071.85,754.23,19.71,Card,Store,Grocery,120028,,,,,Manual/source-system review required
T011981,2024-02-20 00:00:00.000000,C04928,P0398,S001,5,1473.23,0.0,7366.15,7366.15,1043.81,5219.05,2147.1,29.15,Mada,Store,Fashion,120029,,,,,Manual/source-system review required
T061755,2025-02-25 00:00:00.000000,C02234,P0301,S003,1,4159.01,207.95,4159.01,3951.06,2606.8,2606.8,1344.26,34.02,STC Pay,E-commerce,Home & Living,120030,,,,,Manual/source-system review required
T093023,2024-01-11 00:00:00.000000,C01740,P0006,S008,2,1904.69,0.0,3809.38,3809.38,1711.75,3423.5,385.88,10.13,Mada,E-commerce,Home Appliances,120031,,,,,Manual/source-system review required
T013665,2025-07-03 00:00:00.000000,C00825,P0260,S003,5,371.07,0.0,1855.35,1855.35,293.26,1466.3,389.05,20.97,Card,Store,Sports,120032,,,,,Manual/source-system review required
T113758,2025-08-22 00:00:00.000000,C02127,P0484,S008,2,3034.87,606.97,6069.74,5462.77,2092.34,4184.68,1278.09,23.4,Card,Store,Grocery,120033,,,,,Manual/source-system review required
T059280,2024-09-29 00:00:00.000000,C02302,P0253,S009,3,1470.1,220.52,4410.3,4189.78,1032.83,3098.49,1091.29,26.05,STC Pay,Store,Electronics,120034,,,,,Manual/source-system review required
T061524,2024-06-01 00:00:00.000000,C02119,P0288,S015,3,3097.2,0.0,9291.6,9291.6,1858.44,5575.32,3716.28,40.0,Card,E-commerce,Home Appliances,120035,,,,,Manual/source-system review required
T031155,2024-03-01 00:00:00.000000,C03036,P0032,S010,5,1025.98,769.48,5129.9,4360.42,741.32,3706.6,653.82,14.99,Mada,Store,Beauty,120036,,,,,Manual/source-system review required
T075640,2025-05-03 00:00:00.000000,C02251,P0462,S016,5,2258.65,0.0,11293.25,11293.25,1641.17,8205.85,3087.4,27.34,Cash,E-commerce,Home Appliances,120037,,,,,Manual/source-system review required
T047218,2024-07-12 00:00:00.000000,C00381,P0443,S013,5,218.6,0.0,1093.0,1093.0,134.51,672.55,420.45,38.47,STC Pay,Store,Electronics,120038,,,,,Manual/source-system review required
T016529,2024-05-15 00:00:00.000000,C03924,P0028,S020,2,4807.78,961.56,9615.56,8654.0,2915.91,5831.82,2822.18,32.61,Card,Store,Home & Living,120039,,,,,Manual/source-system review required
T117742,2024-04-22 00:00:00.000000,C03713,P0174,S003,2,2437.68,0.0,4875.36,4875.36,2170.36,4340.72,534.64,10.97,Mada,E-commerce,Electronics,120040,,,,,Manual/source-system review required
T078536,2025-07-11 00:00:00.000000,C04017,P0228,S007,2,1813.94,181.39,3627.88,3446.49,1504.31,3008.62,437.87,12.7,Card,Store,Home & Living,120041,,,,,Manual/source-system review required
T114610,2025-11-30 00:00:00.000000,C03391,P0473,S005,4,3358.68,2015.21,13434.72,11419.51,2355.7,9422.8,1996.71,17.49,Card,Store,Electronics,120042,,,,,Manual/source-system review required
T103220,2024-07-21 00:00:00.000000,C03363,P0032,S001,3,1057.48,0.0,3172.44,3172.44,741.32,2223.96,948.48,29.9,Mada,Store,Beauty,120043,,,,,Manual/source-system review required
T002620,2025-11-11 00:00:00.000000,C04449,P0410,S007,1,948.22,94.82,948.22,853.4,697.52,697.52,155.88,18.27,Cash,Store,Sports,120044,,,,,Manual/source-system review required
T057663,2025-07-15 00:00:00.000000,C04067,P0262,S013,3,3626.65,2175.99,10879.95,8703.96,2561.41,7684.23,1019.73,11.72,Apple Pay,Store,Sports,120045,,,,,Manual/source-system review required
T019072,2025-07-21 00:00:00.000000,C02651,P0189,S002,2,1980.3,792.12,3960.6,3168.48,1637.32,3274.64,-106.16,-3.35,Card,E-commerce,Grocery,120046,,,,,Manual/source-system review required
T072649,2024-03-21 00:00:00.000000,C04235,P0138,S018,3,4068.53,0.0,12205.59,12205.59,2940.5,8821.5,3384.09,27.73,Card,Store,Home & Living,120047,,,,,Manual/source-system review required
T017793,2024-10-27 00:00:00.000000,C02339,P0369,S010,3,846.71,254.01,2540.13,2286.12,697.26,2091.78,194.34,8.5,Cash,Store,Grocery,120048,,,,,Manual/source-system review required
T027054,2024-11-26 00:00:00.000000,C04804,P0271,S007,4,3768.49,753.7,15073.96,14320.26,2984.83,11939.32,2380.94,16.63,Cash,Store,Fashion,120049,,,,,Manual/source-system review required
T110312,2025-08-01 00:00:00.000000,C03113,P0160,S002,1,3037.61,0.0,3037.61,3037.61,2530.1,2530.1,507.51,16.71,STC Pay,Store,Beauty,120050,,,,,Manual/source-system review required
T006092,2024-10-22 00:00:00.000000,C00006,P0071,S005,3,290.62,0.0,871.86,871.86,253.8,761.4,110.46,12.67,Card,Store,Grocery,120051,,,,,Manual/source-system review required
T010745,2024-12-14 00:00:00.000000,C02376,P0418,S019,3,2874.1,862.23,8622.3,7760.07,1930.1,5790.3,1969.77,25.38,Mada,Store,Grocery,120052,,,,,Manual/source-system review required
T101589,2025-03-14 00:00:00.000000,C00548,P0347,S016,3,3611.43,0.0,10834.29,10834.29,2349.74,7049.22,3785.07,34.94,Card,Store,Home Appliances,120053,,,,,Manual/source-system review required
T054159,2024-04-14 00:00:00.000000,C02709,P0209,S019,5,2295.95,573.99,11479.75,10905.76,1612.68,8063.4,2842.36,26.06,STC Pay,Store,Sports,120054,,,,,Manual/source-system review required
T038274,2025-05-20 00:00:00.000000,C02014,P0199,S004,1,1483.76,148.38,1483.76,1335.38,1018.89,1018.89,316.49,23.7,Apple Pay,Store,Sports,120055,,,,,Manual/source-system review required
T032115,2024-11-18 00:00:00.000000,C04784,P0224,S015,4,768.84,153.77,3075.36,2921.59,562.68,2250.72,670.87,22.96,Mada,Store,Sports,120056,,,,,Manual/source-system review required
T028228,2025-02-13 00:00:00.000000,C01238,P0432,S005,3,3596.17,0.0,10788.51,10788.51,2486.06,7458.18,3330.33,30.87,Card,Store,Home Appliances,120057,,,,,Manual/source-system review required
T052851,2025-04-08 00:00:00.000000,C02780,P0331,S019,3,2185.71,327.86,6557.13,6229.27,1398.62,4195.86,2033.41,32.64,Cash,Store,Home & Living,120058,,,,,Manual/source-system review required
T095498,2024-01-06 00:00:00.000000,C00551,P0162,S020,2,4054.83,405.48,8109.66,7704.18,2599.21,5198.42,2505.76,32.52,Apple Pay,Store,Home & Living,120059,,,,,Manual/source-system review required
T026303,2025-05-20 00:00:00.000000,C03800,P0333,S018,2,2316.05,0.0,4632.1,4632.1,1744.45,3488.9,1143.2,24.68,Apple Pay,Store,Grocery,120060,,,,,Manual/source-system review required
T048643,2025-08-18 00:00:00.000000,C00343,P0143,S013,1,2240.18,0.0,2240.18,2240.18,1655.17,1655.17,585.01,26.11,Card,E-commerce,Fashion,120061,,,,,Manual/source-system review required
T023719,2024-12-05 00:00:00.000000,C03823,P0451,S019,3,464.33,0.0,1392.99,1392.99,313.22,939.66,453.33,32.54,Card,Store,Grocery,120062,,,,,Manual/source-system review required
T053878,2024-08-02 00:00:00.000000,C03368,P0001,S004,2,3934.28,0.0,7868.56,7868.56,2582.62,5165.24,2703.32,34.36,Mada,E-commerce,Home & Living,120063,,,,,Manual/source-system review required
T066947,2025-10-02 00:00:00.000000,C00297,P0427,S001,4,379.59,75.92,1518.36,1442.44,242.4,969.6,472.84,32.78,STC Pay,E-commerce,Grocery,120064,,,,,Manual/source-system review required
T105327,2025-02-26 00:00:00.000000,C00419,P0031,S012,1,855.41,0.0,855.41,855.41,733.89,733.89,121.52,14.21,Cash,Store,Home Appliances,120065,,,,,Manual/source-system review required
T081445,2025-03-30 00:00:00.000000,C02891,P0118,S018,1,1420.27,213.04,1420.27,1207.23,942.39,942.39,264.84,21.94,Card,E-commerce,Home & Living,120066,,,,,Manual/source-system review required
T056220,2025-05-15 00:00:00.000000,C03898,P0218,S005,1,331.1,49.66,331.1,281.44,274.82,274.82,6.62,2.35,Mada,Store,Grocery,120067,,,,,Manual/source-system review required
T053450,2025-11-04 00:00:00.000000,C02337,P0238,S005,3,2208.48,0.0,6625.44,6625.44,1793.33,5379.99,1245.45,18.8,Apple Pay,Store,Sports,120068,,,,,Manual/source-system review required
T054209,2024-06-21 00:00:00.000000,C01272,P0211,S009,7,1162.82,0.0,8139.74,8139.74,826.82,5787.74,2352.0,28.9,Cash,E-commerce,Home Appliances,120069,,,,,Manual/source-system review required
T086165,2025-08-01 00:00:00.000000,C03429,P0398,S006,2,1564.17,0.0,3128.34,3128.34,1043.81,2087.62,1040.72,33.27,Cash,Store,Fashion,120070,,,,,Manual/source-system review required
T087738,2025-01-17 00:00:00.000000,C00374,P0300,S018,2,395.76,0.0,791.52,791.52,265.5,531.0,260.52,32.91,Mada,E-commerce,Beauty,120071,,,,,Manual/source-system review required
T116452,2025-09-10 00:00:00.000000,C03726,P0054,S002,3,862.06,258.62,2586.18,2327.56,547.79,1643.37,684.19,29.4,Mada,E-commerce,Electronics,120072,,,,,Manual/source-system review required
T035247,2024-10-02 00:00:00.000000,C04898,P0206,S013,4,2209.24,1325.54,8836.96,7511.42,1794.25,7177.0,334.42,4.45,Mada,Store,Fashion,120073,,,,,Manual/source-system review required
T000544,2025-11-03 00:00:00.000000,C01525,P0006,S018,1,2071.3,414.26,2071.3,1657.04,1711.75,1711.75,-54.71,-3.3,STC Pay,E-commerce,Home Appliances,120074,,,,,Manual/source-system review required
T102312,2024-07-16 00:00:00.000000,C01266,P0170,S009,2,486.93,146.08,973.86,827.78,433.7,867.4,-39.62,-4.79,Card,Store,Electronics,120075,,,,,Manual/source-system review required
T107418,2025-10-14 00:00:00.000000,C03850,P0236,S008,1,2185.18,109.26,2185.18,2075.92,1438.63,1438.63,637.29,30.7,Cash,E-commerce,Fashion,120076,,,,,Manual/source-system review required
T097482,2024-11-23 00:00:00.000000,C04299,P0442,S003,5,2790.85,0.0,13954.25,13954.25,2430.47,12152.35,1801.9,12.91,Apple Pay,Store,Fashion,120077,,,,,Manual/source-system review required
T036299,2025-06-20 00:00:00.000000,C00301,P0008,S004,3,685.24,0.0,2055.72,2055.72,604.03,1812.09,243.63,11.85,Mada,Store,Sports,120078,,,,,Manual/source-system review required
T055376,2025-02-28 00:00:00.000000,C04342,P0438,S019,2,417.35,0.0,834.7,834.7,312.29,624.58,210.12,25.17,Card,Store,Home & Living,120079,,,,,Manual/source-system review required
T002340,2025-09-11 00:00:00.000000,C03370,P0415,S018,1,3326.45,665.29,3326.45,2661.16,2456.0,2456.0,205.16,7.71,Card,Store,Grocery,120080,,,,,Manual/source-system review required
T024564,2024-08-05 00:00:00.000000,C02518,P0274,S009,2,3656.56,1462.62,7313.12,5850.5,2583.18,5166.36,684.14,11.69,Mada,E-commerce,Fashion,120081,,,,,Manual/source-system review required
T084383,2024-07-22 00:00:00.000000,C02243,P0410,S017,2,952.87,95.29,1905.74,1810.45,697.52,1395.04,415.41,22.95,Mada,E-commerce,Sports,120082,,,,,Manual/source-system review required
T095886,2024-09-24 00:00:00.000000,C04754,P0277,S017,0,1061.57,318.47,3184.71,2866.24,858.55,2575.65,290.59,10.14,Mada,Store,Home Appliances,120083,,,,,Manual/source-system review required
T018907,2024-05-06 00:00:00.000000,C04668,P0382,S014,2,2140.72,0.0,4281.44,4281.44,1710.59,3421.18,860.26,20.09,Mada,E-commerce,Home Appliances,120084,,,,,Manual/source-system review required
T060905,2024-09-18 00:00:00.000000,C03038,P0307,S006,2,107.26,32.18,214.52,182.34,73.23,146.46,35.88,19.68,Card,E-commerce,Sports,120085,,,,,Manual/source-system review required
T079138,2025-05-11 00:00:00.000000,C00294,P0042,S001,4,3272.64,0.0,13090.56,13090.56,2650.26,10601.04,2489.52,19.02,Apple Pay,Store,Beauty,120086,,,,,Manual/source-system review required
T055867,2024-08-31 00:00:00.000000,C04005,P0254,S018,3,3529.01,0.0,10587.03,10587.03,2415.85,7247.55,3339.48,31.54,Cash,E-commerce,Beauty,120087,,,,,Manual/source-system review required
T037916,2024-07-11 00:00:00.000000,C04364,P0083,S005,3,1649.65,0.0,4948.95,4948.95,1176.75,3530.25,1418.7,28.67,Mada,Store,Home & Living,120088,,,,,Manual/source-system review required
T069991,2024-09-02 00:00:00.000000,C02539,P0245,S010,2,3298.02,0.0,6596.04,6596.04,2202.03,4404.06,2191.98,33.23,Cash,Store,Beauty,120089,,,,,Manual/source-system review required
T022603,2025-02-28 00:00:00.000000,C03785,P0329,S007,2,1390.78,139.08,2781.56,2642.48,1010.3,2020.6,621.88,23.53,STC Pay,Store,Grocery,120090,,,,,Manual/source-system review required
T007434,2025-04-17 00:00:00.000000,C03609,P0177,S011,4,2651.91,530.38,10607.64,10077.26,1773.15,7092.6,2984.66,29.62,Cash,E-commerce,Electronics,120091,,,,,Manual/source-system review required
T094522,2025-01-27 00:00:00.000000,C03534,P0160,S002,1,2897.02,0.0,2897.02,2897.02,2530.1,2530.1,366.92,12.67,Card,Store,Beauty,120092,,,,,Manual/source-system review required
T046184,2024-01-28 00:00:00.000000,C00927,P0316,S001,2,2891.3,0.0,5782.6,5782.6,2113.35,4226.7,1555.9,26.91,Mada,E-commerce,Home & Living,120093,,,,,Manual/source-system review required
T029548,2025-11-08 00:00:00.000000,C02001,P0066,S020,5,130.9,0.0,654.5,654.5,110.89,554.45,100.05,15.29,Card,E-commerce,Home & Living,120094,,,,,Manual/source-system review required
T029212,2025-09-01 00:00:00.000000,C02016,P0185,S003,4,2909.46,1163.78,11637.84,10474.06,2147.91,8591.64,1882.42,17.97,STC Pay,E-commerce,Electronics,120095,,,,,Manual/source-system review required
T031099,2025-05-29 00:00:00.000000,C02302,P0340,S006,2,1601.72,0.0,3203.44,3203.44,1090.52,2181.04,1022.4,31.92,Card,E-commerce,Sports,120096,,,,,Manual/source-system review required
T063792,2024-10-29 00:00:00.000000,C00434,P0398,S003,6,1559.61,0.0,9357.66,9357.66,1043.81,6262.86,3094.8,33.07,Cash,Store,Fashion,120097,,,,,Manual/source-system review required
T067823,2025-02-09 00:00:00.000000,C04107,P0393,S012,3,560.15,0.0,1680.45,1680.45,442.49,1327.47,352.98,21.01,Mada,Store,Sports,120098,,,,,Manual/source-system review required
T030301,2024-06-10 00:00:00.000000,C03873,P0416,S006,2,3011.29,301.13,6022.58,5721.45,2374.29,4748.58,972.87,17.0,Cash,Store,Fashion,120099,,,,,Manual/source-system review required
T011467,2024-10-11 00:00:00.000000,C03010,P0190,S007,4,3680.28,1472.11,14721.12,13249.01,2878.04,11512.16,1736.85,13.11,Card,Store,Home Appliances,120100,,,,,Manual/source-system review required
T002889,2024-06-12 00:00:00.000000,C03185,P0326,S018,2,2104.41,210.44,4208.82,3998.38,1448.25,2896.5,1101.88,27.56,Cash,Store,Beauty,120101,,,,,Manual/source-system review required
T061086,2024-04-10 00:00:00.000000,C01710,P0040,S013,4,3010.44,602.09,12041.76,11439.67,1986.75,7947.0,3492.67,30.53,Cash,Store,Fashion,120102,,,,,Manual/source-system review required
T088410,2025-06-23 00:00:00.000000,C01865,P0460,S002,4,871.61,0.0,3486.44,3486.44,737.26,2949.04,537.4,15.41,Card,E-commerce,Grocery,120103,,,,,Manual/source-system review required
T020691,2025-11-30 00:00:00.000000,C04726,P0302,S016,3,4152.25,1245.68,12456.75,11211.07,2894.27,8682.81,2528.26,22.55,Card,Store,Home & Living,120104,,,,,Manual/source-system review required
T117837,2024-04-20 00:00:00.000000,C02673,P0081,S003,4,2793.13,0.0,11172.52,11172.52,2058.21,8232.84,2939.68,26.31,Card,Store,Electronics,120105,,,,,Manual/source-system review required
T021502,2025-09-07 00:00:00.000000,C04570,P0173,S012,2,3448.18,344.82,6896.36,6551.54,2816.25,5632.5,919.04,14.03,Card,Store,Home & Living,120106,,,,,Manual/source-system review required
T092178,2024-11-06 00:00:00.000000,C03883,P0058,S009,1,3290.0,164.5,3290.0,3125.5,2791.45,2791.45,334.05,10.69,STC Pay,Store,Fashion,120107,,,,,Manual/source-system review required
T037871,2024-09-10 00:00:00.000000,C02415,P0422,S003,3,662.43,99.36,1987.29,1887.93,422.8,1268.4,619.53,32.82,Card,Store,Home & Living,120108,,,,,Manual/source-system review required
T031979,2025-01-27 00:00:00.000000,C02888,P0391,S004,4,362.93,217.76,1451.72,1233.96,305.23,1220.92,13.04,1.06,Apple Pay,Store,Electronics,120109,,,,,Manual/source-system review required
T033297,2024-08-10 00:00:00.000000,C01533,P0203,S011,3,149.68,0.0,449.04,449.04,120.96,362.88,86.16,19.19,Mada,Store,Home Appliances,120110,,,,,Manual/source-system review required
T072637,2025-10-09 00:00:00.000000,C01140,P0054,S013,2,874.13,262.24,1748.26,1486.02,547.79,1095.58,390.44,26.27,Mada,Store,Electronics,120111,,,,,Manual/source-system review required
T003283,2024-07-14 00:00:00.000000,C00004,P0005,S015,2,878.33,0.0,1756.66,1756.66,563.06,1126.12,630.54,35.89,Cash,E-commerce,Electronics,120112,,,,,Manual/source-system review required
T067931,2025-12-01 00:00:00.000000,C01015,P0424,S016,2,2454.7,0.0,4909.4,4909.4,1815.61,3631.22,1278.18,26.04,Card,Store,Home Appliances,120113,,,,,Manual/source-system review required
T100434,2025-03-06 00:00:00.000000,C03526,P0133,S017,2,511.51,51.15,1023.02,971.87,426.39,852.78,119.09,12.25,Apple Pay,Store,Beauty,120114,,,,,Manual/source-system review required
T054418,2024-01-24 00:00:00.000000,C00689,P0195,S011,2,1300.92,0.0,2601.84,2601.84,1135.82,2271.64,330.2,12.69,Cash,Store,Fashion,120115,,,,,Manual/source-system review required
T070716,2025-06-28 00:00:00.000000,C04653,P0325,S011,3,2047.95,614.39,6143.85,5529.46,1327.05,3981.15,1548.31,28.0,Card,E-commerce,Fashion,120116,,,,,Manual/source-system review required
T013109,2024-10-18 00:00:00.000000,C03920,P0118,S009,4,1483.17,0.0,5932.68,5932.68,942.39,3769.56,2163.12,36.46,Card,Store,Home & Living,120117,,,,,Manual/source-system review required
T073413,2025-12-12 00:00:00.000000,C02530,P0205,S018,1,643.14,0.0,643.14,643.14,463.01,463.01,180.13,28.01,STC Pay,Store,Home Appliances,120118,,,,,Manual/source-system review required
T035633,2024-08-31 00:00:00.000000,C02966,P0269,S007,3,208.11,0.0,624.33,624.33,129.46,388.38,235.95,37.79,Mada,Store,Electronics,120119,,,,,Manual/source-system review required
T083815,2024-09-08 00:00:00.000000,C04715,P0284,S020,1,2817.15,563.43,2817.15,2253.72,2046.82,2046.82,206.9,9.18,Mada,Store,Beauty,120120,,,,,Manual/source-system review required
T105955,2025-09-27 00:00:00.000000,C01307,P0444,S007,2,1944.42,388.88,3888.84,3499.96,1496.45,2992.9,507.06,14.49,Card,E-commerce,Home & Living,120121,,,,,Manual/source-system review required
T093687,2025-08-02 00:00:00.000000,C03285,P0195,S015,5,1315.35,328.84,6576.75,6247.91,1135.82,5679.1,568.81,9.1,Cash,Store,Fashion,120122,,,,,Manual/source-system review required
T083146,2025-03-26 00:00:00.000000,C04468,P0085,S003,1,830.62,166.12,830.62,664.5,635.92,635.92,28.58,4.3,Card,Store,Electronics,120123,,,,,Manual/source-system review required
T029164,2025-06-15 00:00:00.000000,C02189,P0177,S011,3,2501.8,375.27,7505.4,7130.13,1773.15,5319.45,1810.68,25.39,Card,E-commerce,Electronics,120124,,,,,Manual/source-system review required
T114366,2025-07-15 00:00:00.000000,C00454,P0156,S006,1,2346.64,117.33,2346.64,2229.31,1702.09,1702.09,527.22,23.65,Card,Store,Sports,120125,,,,,Manual/source-system review required
T053883,2024-06-08 00:00:00.000000,C02924,P0312,S018,2,300.94,0.0,601.88,601.88,235.89,471.78,130.1,21.62,Mada,Store,Beauty,120126,,,,,Manual/source-system review required
T119851,2025-05-18 00:00:00.000000,C02831,P0125,S003,4,2507.56,0.0,10030.24,10030.24,1612.35,6449.4,3580.84,35.7,Mada,E-commerce,Home Appliances,120127,,,,,Manual/source-system review required
T004578,2025-07-15 00:00:00.000000,C00219,P0165,S004,2,2534.18,0.0,5068.36,5068.36,2138.64,4277.28,791.08,15.61,Cash,E-commerce,Home Appliances,120128,,,,,Manual/source-system review required
T081018,2025-04-05 00:00:00.000000,C02417,P0245,S007,5,3412.62,0.0,17063.1,17063.1,2202.03,11010.15,6052.95,35.47,STC Pay,Store,Beauty,120129,,,,,Manual/source-system review required
T007032,2025-05-18 00:00:00.000000,C03763,P0033,S013,5,1124.04,0.0,5620.2,5620.2,741.64,3708.2,1912.0,34.02,Apple Pay,Store,Beauty,120130,,,,,Manual/source-system review required
T020866,2025-10-21 00:00:00.000000,C00431,P0307,S016,4,105.28,21.06,421.12,400.06,73.23,292.92,107.14,26.78,Apple Pay,Store,Sports,120131,,,,,Manual/source-system review required
T089665,2024-03-04 00:00:00.000000,C03902,P0061,S016,3,1202.46,180.37,3607.38,3427.01,903.6,2710.8,716.21,20.9,Card,Store,Home & Living,120132,,,,,Manual/source-system review required
T025376,2024-09-12 00:00:00.000000,C02004,P0227,S003,3,3041.15,0.0,9123.45,9123.45,2055.89,6167.67,2955.78,32.4,Card,Store,Beauty,120133,,,,,Manual/source-system review required
T052688,2025-05-28 00:00:00.000000,C03943,P0009,S003,2,3105.87,0.0,6211.74,6211.74,2247.01,4494.02,1717.72,27.65,Card,E-commerce,Fashion,120134,,,,,Manual/source-system review required
T036073,2024-06-29 00:00:00.000000,C01094,P0458,S001,2,1617.6,323.52,3235.2,2911.68,1028.04,2056.08,855.6,29.39,Mada,E-commerce,Electronics,120135,,,,,Manual/source-system review required
T000675,2025-01-06 00:00:00.000000,C00264,P0429,S013,3,838.92,0.0,2516.76,2516.76,702.11,2106.33,410.43,16.31,Apple Pay,Store,Electronics,120136,,,,,Manual/source-system review required
T048400,2024-03-23 00:00:00.000000,C01369,P0145,S015,2,384.13,38.41,768.26,729.85,295.03,590.06,139.79,19.15,Mada,E-commerce,Beauty,120137,,,,,Manual/source-system review required
T003734,2024-08-07 00:00:00.000000,C04387,P0227,S014,3,3018.59,0.0,9055.77,9055.77,2055.89,6167.67,2888.1,31.89,Card,Store,Beauty,120138,,,,,Manual/source-system review required
T023445,2024-08-16 00:00:00.000000,C03583,P0355,S011,3,898.04,404.12,2694.12,2290.0,621.52,1864.56,425.44,18.58,Card,Store,Beauty,120139,,,,,Manual/source-system review required
T097542,2024-12-25 00:00:00.000000,C02145,P0290,S015,5,1035.98,0.0,5179.9,5179.9,864.36,4321.8,858.1,16.57,Card,Store,Beauty,120140,,,,,Manual/source-system review required
T110809,2024-04-03 00:00:00.000000,C03082,P0430,S020,3,2109.26,632.78,6327.78,5695.0,1590.58,4771.74,923.26,16.21,Apple Pay,Store,Home & Living,120141,,,,,Manual/source-system review required
T060584,2025-03-23 00:00:00.000000,C02981,P0201,S006,2,2000.75,800.3,4001.5,3201.2,1407.79,2815.58,385.62,12.05,Cash,Store,Beauty,120142,,,,,Manual/source-system review required
T077822,2024-01-04 00:00:00.000000,C01011,P0305,S020,2,1924.09,192.41,3848.18,3655.77,1425.17,2850.34,805.43,22.03,Apple Pay,Store,Beauty,120143,,,,,Manual/source-system review required
T053984,2024-04-07 00:00:00.000000,C04906,P0084,S004,4,3624.81,0.0,14499.24,14499.24,2825.57,11302.28,3196.96,22.05,Mada,Store,Electronics,120144,,,,,Manual/source-system review required
T016436,2024-03-20 00:00:00.000000,C03932,P0336,S011,5,2703.52,1351.76,13517.6,12165.84,1876.44,9382.2,2783.64,22.88,Mada,E-commerce,Home & Living,120145,,,,,Manual/source-system review required
T087365,2024-07-27 00:00:00.000000,C02835,P0168,S003,2,1488.87,297.77,2977.74,2679.97,1120.31,2240.62,439.35,16.39,Mada,Store,Beauty,120146,,,,,Manual/source-system review required
T048215,2024-03-05 00:00:00.000000,C00833,P0277,S015,3,1112.8,500.76,3338.4,2837.64,858.55,2575.65,261.99,9.23,Card,E-commerce,Home Appliances,120147,,,,,Manual/source-system review required
T014965,2025-04-08 00:00:00.000000,C04234,P0001,S012,4,3580.72,1432.29,14322.88,12890.59,2582.62,10330.48,2560.11,19.86,Mada,Store,Home & Living,120148,,,,,Manual/source-system review required
T044268,2024-04-10 00:00:00.000000,C02993,P0204,S011,2,87.52,8.75,175.04,166.29,59.02,118.04,48.25,29.02,Mada,E-commerce,Beauty,120149,,,,,Manual/source-system review required
T087888,2024-07-28 00:00:00.000000,C00519,P0368,S004,3,1634.09,0.0,4902.27,4902.27,1177.9,3533.7,1368.57,27.92,Cash,E-commerce,Home Appliances,120150,,,,,Manual/source-system review required
T113160,2024-05-12 00:00:00.000000,C04199,P0093,S005,3,3879.82,0.0,11639.46,11639.46,2709.61,8128.83,3510.63,30.16,Cash,E-commerce,Electronics,120151,,,,,Manual/source-system review required
T004976,2024-07-14 00:00:00.000000,C00109,P0258,S002,1,57.68,0.0,57.68,57.68,48.27,48.27,9.41,16.31,Card,Store,Electronics,120152,,,,,Manual/source-system review required
T119617,2024-02-27 00:00:00.000000,C01730,P0469,S018,3,700.39,0.0,2101.17,2101.17,497.01,1491.03,610.14,29.04,Card,E-commerce,Sports,120153,,,,,Manual/source-system review required
T109344,2025-03-04 00:00:00.000000,C00060,P0080,S020,2,1673.89,334.78,3347.78,3013.0,1136.35,2272.7,740.3,24.57,Card,Store,Electronics,120154,,,,,Manual/source-system review required
T111360,2025-12-24 00:00:00.000000,C00512,P0163,S020,4,3166.99,1900.19,12667.96,10767.77,2012.56,8050.24,2717.53,25.24,Card,Store,Grocery,120155,,,,,Manual/source-system review required
T040715,2025-02-23 00:00:00.000000,C04175,P0376,S009,5,1124.27,0.0,5621.35,5621.35,745.58,3727.9,1893.45,33.68,Card,E-commerce,Home & Living,120156,,,,,Manual/source-system review required
T016606,2024-05-23 00:00:00.000000,C01037,P0420,S015,3,777.56,233.27,2332.68,2099.41,541.02,1623.06,476.35,22.69,Cash,Store,Sports,120157,,,,,Manual/source-system review required
T115337,2025-03-02 00:00:00.000000,C02801,P0424,S015,2,2430.07,0.0,4860.14,4860.14,1815.61,3631.22,1228.92,25.29,Mada,Store,Home Appliances,120158,,,,,Manual/source-system review required
T085504,2025-11-27 00:00:00.000000,C03000,P0375,S019,5,2032.98,508.24,10164.9,9656.66,1303.97,6519.85,3136.81,32.48,Mada,Store,Beauty,120159,,,,,Manual/source-system review required
T082020,2025-09-18 00:00:00.000000,C04005,P0074,S015,4,4400.52,0.0,17602.08,17602.08,2865.5,11462.0,6140.08,34.88,Card,E-commerce,Fashion,120160,,,,,Manual/source-system review required
T008242,2024-08-14 00:00:00.000000,C01049,P0463,S002,1,3150.94,0.0,3150.94,3150.94,2190.9,2190.9,960.04,30.47,Card,Store,Home & Living,120161,,,,,Manual/source-system review required
T020206,2024-11-06 00:00:00.000000,C04130,P0091,S012,5,508.1,381.08,2540.5,2159.42,400.52,2002.6,156.82,7.26,Cash,Store,Grocery,120162,,,,,Manual/source-system review required
T085127,2025-12-27 00:00:00.000000,C01719,P0239,S007,4,2547.55,0.0,10190.2,10190.2,1877.53,7510.12,2680.08,26.3,Card,Store,Beauty,120163,,,,,Manual/source-system review required
T092288,2024-04-22 00:00:00.000000,C01307,P0458,S020,2,1668.03,333.61,3336.06,3002.45,1028.04,2056.08,946.37,31.52,Cash,E-commerce,Electronics,120164,,,,,Manual/source-system review required
T045567,2025-06-24 00:00:00.000000,C02601,P0124,S012,5,960.09,0.0,4800.45,4800.45,834.75,4173.75,626.7,13.06,Mada,Store,Fashion,120165,,,,,Manual/source-system review required
T104907,2025-11-17 00:00:00.000000,C04513,P0212,S016,3,735.28,0.0,2205.84,2205.84,485.33,1455.99,749.85,33.99,Apple Pay,Store,Electronics,120166,,,,,Manual/source-system review required
T026502,2025-07-11 00:00:00.000000,C01383,P0141,S005,6,3829.84,0.0,22979.04,22979.04,2692.43,16154.58,6824.46,29.7,STC Pay,Store,Electronics,120167,,,,,Manual/source-system review required
T061372,2025-04-02 00:00:00.000000,C03783,P0209,S001,2,2266.95,226.7,4533.9,4307.2,1612.68,3225.36,1081.84,25.12,Mada,Store,Sports,120168,,,,,Manual/source-system review required
T092551,2024-07-05 00:00:00.000000,C00396,P0242,S009,2,2715.03,0.0,5430.06,5430.06,2090.2,4180.4,1249.66,23.01,Apple Pay,Store,Grocery,120169,,,,,Manual/source-system review required
T106607,2025-04-24 00:00:00.000000,C01264,P0158,S012,3,3351.72,1508.27,10055.16,8546.89,2802.4,8407.2,139.69,1.63,Mada,Store,Beauty,120170,,,,,Manual/source-system review required
T033214,2024-02-19 00:00:00.000000,C04489,P0087,S018,2,1620.27,162.03,3240.54,3078.51,1168.48,2336.96,741.55,24.09,STC Pay,Store,Grocery,120171,,,,,Manual/source-system review required
T035807,2024-01-14 00:00:00.000000,C02797,P0071,S004,2,281.2,56.24,562.4,506.16,253.8,507.6,-1.44,-0.28,Card,E-commerce,Grocery,120172,,,,,Manual/source-system review required
T085853,2024-04-11 00:00:00.000000,C03231,P0444,S008,2,2010.32,201.03,4020.64,3819.61,1496.45,2992.9,826.71,21.64,STC Pay,Store,Home & Living,120173,,,,,Manual/source-system review required
T009483,2025-12-22 00:00:00.000000,C00867,P0190,S013,4,3902.13,1560.85,15608.52,14047.67,2878.04,11512.16,2535.51,18.05,Card,Store,Home Appliances,120174,,,,,Manual/source-system review required
T028261,2024-07-16 00:00:00.000000,C04000,P0251,S015,2,1518.55,0.0,3037.1,3037.1,970.92,1941.84,1095.26,36.06,Mada,Store,Home & Living,120175,,,,,Manual/source-system review required
T116884,2025-09-29 00:00:00.000000,C02619,P0161,S005,3,4853.67,728.05,14561.01,13832.96,2991.82,8975.46,4857.5,35.12,STC Pay,Store,Fashion,120176,,,,,Manual/source-system review required
T103901,2024-04-20 00:00:00.000000,C02358,P0251,S013,2,1426.5,285.3,2853.0,2567.7,970.92,1941.84,625.86,24.37,Mada,Store,Home & Living,120177,,,,,Manual/source-system review required
T117676,2024-02-20 00:00:00.000000,C00718,P0036,S005,1,2250.04,225.0,2250.04,2025.04,2039.14,2039.14,-14.1,-0.7,Card,Store,Electronics,120178,,,,,Manual/source-system review required
T002875,2025-02-25 00:00:00.000000,C00221,P0155,S020,3,2512.41,753.72,7537.23,6783.51,1760.91,5282.73,1500.78,22.12,Card,E-commerce,Beauty,120179,,,,,Manual/source-system review required
T117940,2024-04-17 00:00:00.000000,C02548,P0134,S020,2,2549.34,254.93,5098.68,4843.75,1917.2,3834.4,1009.35,20.84,Card,E-commerce,Home Appliances,120180,,,,,Manual/source-system review required
T077875,2024-09-20 00:00:00.000000,C01069,P0406,S010,3,3542.34,2125.4,10627.02,8501.62,2923.01,8769.03,-267.41,-3.15,Card,Store,Electronics,120181,,,,,Manual/source-system review required
T098677,2025-12-08 00:00:00.000000,C01312,P0298,S012,2,1766.62,0.0,3533.24,3533.24,1348.79,2697.58,835.66,23.65,Apple Pay,E-commerce,Beauty,120182,,,,,Manual/source-system review required
T039651,2024-07-12 00:00:00.000000,C04113,P0413,S019,2,3690.34,738.07,7380.68,6642.61,2759.79,5519.58,1123.03,16.91,Card,Store,Grocery,120183,,,,,Manual/source-system review required
T015867,2025-12-24 00:00:00.000000,C03059,P0269,S018,1,197.64,0.0,197.64,197.64,129.46,129.46,68.18,34.5,Card,E-commerce,Electronics,120184,,,,,Manual/source-system review required
T002757,2024-09-27 00:00:00.000000,C03938,P0313,S005,3,2855.22,856.57,8565.66,7709.09,1977.81,5933.43,1775.66,23.03,Card,Store,Sports,120185,,,,,Manual/source-system review required
T009275,2025-12-20 00:00:00.000000,C03189,P0225,S006,1,2935.86,293.59,2935.86,2642.27,2102.56,2102.56,539.71,20.43,Mada,Store,Grocery,120186,,,,,Manual/source-system review required
T019859,2024-06-16 00:00:00.000000,C00833,P0266,S016,5,4311.74,2155.87,21558.7,19402.83,2713.1,13565.5,5837.33,30.08,Apple Pay,Store,Sports,120187,,,,,Manual/source-system review required
T010818,2025-01-06 00:00:00.000000,C00269,P0162,S007,1,3763.66,0.0,3763.66,3763.66,2599.21,2599.21,1164.45,30.94,Cash,Store,Home & Living,120188,,,,,Manual/source-system review required
T101819,2025-09-19 00:00:00.000000,C00148,P0025,S007,4,55.29,11.06,221.16,210.1,40.72,162.88,47.22,22.48,Mada,E-commerce,Beauty,120189,,,,,Manual/source-system review required
T083334,2025-07-18 00:00:00.000000,C04927,P0323,S020,2,410.62,82.12,821.24,739.12,258.74,517.48,221.64,29.99,Mada,E-commerce,Home & Living,120190,,,,,Manual/source-system review required
T041184,2024-05-20 00:00:00.000000,C00538,P0088,S012,2,2166.3,216.63,4332.6,4115.97,1498.19,2996.38,1119.59,27.2,Card,Store,Electronics,120191,,,,,Manual/source-system review required
T061100,2025-01-17 00:00:00.000000,C04496,P0108,S012,1,531.39,26.57,531.39,504.82,370.23,370.23,134.59,26.66,Card,Store,Home & Living,120192,,,,,Manual/source-system review required
T026770,2025-04-08 00:00:00.000000,C02002,P0311,S016,2,2294.77,0.0,4589.54,4589.54,1778.99,3557.98,1031.56,22.48,Mada,Store,Home & Living,120193,,,,,Manual/source-system review required
T075871,2025-12-16 00:00:00.000000,C03945,P0343,S005,3,1115.74,0.0,3347.22,3347.22,719.33,2157.99,1189.23,35.53,Mada,Store,Electronics,120194,,,,,Manual/source-system review required
T007113,2024-09-04 00:00:00.000000,C03562,P0056,S002,2,4648.95,0.0,9297.9,9297.9,2891.59,5783.18,3514.72,37.8,Mada,Store,Grocery,120195,,,,,Manual/source-system review required
T096979,2025-03-05 00:00:00.000000,C01316,P0311,S010,3,2336.66,0.0,7009.98,7009.98,1778.99,5336.97,1673.01,23.87,Card,Store,Home & Living,120196,,,,,Manual/source-system review required
T069350,2025-12-05 00:00:00.000000,C02674,P0337,S012,1,3259.5,162.98,3259.5,3096.52,2332.48,2332.48,764.04,24.67,Apple Pay,E-commerce,Sports,120197,,,,,Manual/source-system review required
T003065,2025-04-06 00:00:00.000000,C02115,P0351,S018,5,2464.59,1232.3,12322.95,11090.65,1762.32,8811.6,2279.05,20.55,Apple Pay,Store,Home Appliances,120198,,,,,Manual/source-system review required
T028145,2025-11-07 00:00:00.000000,C00754,P0310,S019,3,1694.14,254.12,5082.42,4828.3,1484.95,4454.85,373.45,7.73,Apple Pay,E-commerce,Fashion,120199,,,,,Manual/source-system review required
T051387,2025-07-07 00:00:00.000000,C01290,P0239,S003,3,2643.69,0.0,7931.07,7931.07,1877.53,5632.59,2298.48,28.98,Card,Store,Beauty,120200,,,,,Manual/source-system review required
T069945,2024-08-03 00:00:00.000000,C03901,P0421,S010,5,2485.51,0.0,12427.55,12427.55,2005.59,10027.95,2399.6,19.31,Card,E-commerce,Fashion,120201,,,,,Manual/source-system review required
T036486,2024-09-02 00:00:00.000000,C02431,P0027,S001,4,957.75,191.55,3831.0,3639.45,671.92,2687.68,951.77,26.15,STC Pay,Store,Sports,120202,,,,,Manual/source-system review required
T044310,2025-09-19 00:00:00.000000,C04360,P0122,S017,5,2296.66,574.16,11483.3,10909.14,1790.51,8952.55,1956.59,17.94,Card,E-commerce,Grocery,120203,,,,,Manual/source-system review required
T011099,2024-03-07 00:00:00.000000,C04379,P0248,S010,5,786.76,393.38,3933.8,3540.42,558.11,2790.55,749.87,21.18,Card,Store,Fashion,120204,,,,,Manual/source-system review required
T011700,2025-11-26 00:00:00.000000,C03754,P0450,S004,3,4092.52,0.0,12277.56,12277.56,2828.1,8484.3,3793.26,30.9,Card,E-commerce,Beauty,120205,,,,,Manual/source-system review required
T002449,2024-08-08 00:00:00.000000,C04019,P0143,S002,1,2247.59,0.0,2247.59,2247.59,1655.17,1655.17,592.42,26.36,Mada,E-commerce,Fashion,120206,,,,,Manual/source-system review required
T071366,2025-04-11 00:00:00.000000,C02781,P0076,S009,6,499.1,0.0,2994.6,2994.6,378.09,2268.54,726.06,24.25,Card,E-commerce,Sports,120207,,,,,Manual/source-system review required
T003290,2024-02-21 00:00:00.000000,C04827,P0366,S018,1,3493.67,174.68,3493.67,3318.99,2609.32,2609.32,709.67,21.38,STC Pay,Store,Fashion,120208,,,,,Manual/source-system review required
T041390,2025-08-31 00:00:00.000000,C04723,P0454,S003,4,552.42,0.0,2209.68,2209.68,381.73,1526.92,682.76,30.9,Card,E-commerce,Sports,120209,,,,,Manual/source-system review required
T096958,2024-06-05 00:00:00.000000,C03229,P0243,S004,5,1511.83,1133.87,7559.15,6425.28,957.5,4787.5,1637.78,25.49,STC Pay,Store,Electronics,120210,,,,,Manual/source-system review required
T039403,2025-10-09 00:00:00.000000,C04955,P0216,S007,6,3395.69,1018.71,20374.14,19355.43,2494.06,14964.36,4391.07,22.69,Cash,Store,Sports,120211,,,,,Manual/source-system review required
T116223,2024-08-15 00:00:00.000000,C03087,P0191,S003,6,2297.77,1378.66,13786.62,12407.96,1396.78,8380.68,4027.28,32.46,Card,E-commerce,Home Appliances,120212,,,,,Manual/source-system review required
T093840,2025-05-08 00:00:00.000000,C00410,P0290,S011,2,1036.46,0.0,2072.92,2072.92,864.36,1728.72,344.2,16.6,Cash,E-commerce,Beauty,120213,,,,,Manual/source-system review required
T065457,2025-12-12 00:00:00.000000,C04887,P0430,S019,4,2055.47,0.0,8221.88,8221.88,1590.58,6362.32,1859.56,22.62,Card,Store,Home & Living,120214,,,,,Manual/source-system review required
T067816,2025-12-26 00:00:00.000000,C04128,P0380,S012,4,4389.87,877.97,17559.48,16681.51,2930.64,11722.56,4958.95,29.73,Apple Pay,Store,Grocery,120215,,,,,Manual/source-system review required
T012801,2024-09-21 00:00:00.000000,C02331,P0070,S019,5,2566.73,0.0,12833.65,12833.65,2149.49,10747.45,2086.2,16.26,Cash,E-commerce,Home & Living,120216,,,,,Manual/source-system review required
T053089,2025-08-07 00:00:00.000000,C01828,P0046,S016,3,3760.1,0.0,11280.3,11280.3,2921.52,8764.56,2515.74,22.3,Card,Store,Sports,120217,,,,,Manual/source-system review required
T038687,2025-03-15 00:00:00.000000,C04445,P0201,S017,1,1902.63,0.0,1902.63,1902.63,1407.79,1407.79,494.84,26.01,STC Pay,Store,Beauty,120218,,,,,Manual/source-system review required
T030657,2024-10-30 00:00:00.000000,C04547,P0195,S020,4,1351.86,0.0,5407.44,5407.44,1135.82,4543.28,864.16,15.98,Card,Store,Fashion,120219,,,,,Manual/source-system review required
T112632,2025-08-07 00:00:00.000000,C01052,P0026,S019,2,502.79,50.28,1005.58,955.3,377.2,754.4,200.9,21.03,Apple Pay,Store,Fashion,120220,,,,,Manual/source-system review required
T111888,2025-08-11 00:00:00.000000,C03445,P0381,S011,7,4033.12,1411.59,28231.84,26820.25,2581.06,18067.42,8752.83,32.64,Apple Pay,E-commerce,Beauty,120221,,,,,Manual/source-system review required
T048636,2025-10-16 00:00:00.000000,C03950,P0394,S009,3,1645.86,493.76,4937.58,4443.82,1224.87,3674.61,769.21,17.31,Cash,Store,Home Appliances,120222,,,,,Manual/source-system review required
T060861,2024-12-04 00:00:00.000000,C02600,P0257,S017,2,764.9,152.98,1529.8,1376.82,572.71,1145.42,231.4,16.81,Mada,Store,Electronics,120223,,,,,Manual/source-system review required
T066291,2025-11-03 00:00:00.000000,C01954,P0432,S004,2,3656.77,731.35,7313.54,6582.19,2486.06,4972.12,1610.07,24.46,Cash,Store,Home Appliances,120224,,,,,Manual/source-system review required
T085662,2024-02-26 00:00:00.000000,C00512,P0469,S012,2,691.67,138.33,1383.34,1245.01,497.01,994.02,250.99,20.16,Card,E-commerce,Sports,120225,,,,,Manual/source-system review required
T024022,2024-03-15 00:00:00.000000,C00631,P0272,S020,1,2329.4,0.0,2329.4,2329.4,1483.74,1483.74,845.66,36.3,Card,Store,Fashion,120226,,,,,Manual/source-system review required
T088948,2025-03-09 00:00:00.000000,C02008,P0069,S017,8,2410.38,2892.46,19283.04,16390.58,1631.09,13048.72,3341.86,20.39,Cash,Store,Home Appliances,120227,,,,,Manual/source-system review required
T058108,2025-10-28 00:00:00.000000,C03910,P0017,S017,3,3074.87,461.23,9224.61,8763.38,2317.48,6952.44,1810.94,20.66,STC Pay,E-commerce,Home Appliances,120228,,,,,Manual/source-system review required
T050777,2025-11-11 00:00:00.000000,C03233,P0330,S002,2,1525.09,152.51,3050.18,2897.67,1221.72,2443.44,454.23,15.68,Card,E-commerce,Electronics,120229,,,,,Manual/source-system review required
T050025,2025-09-05 00:00:00.000000,C00483,P0421,S015,5,2310.81,577.7,11554.05,10976.35,2005.59,10027.95,948.4,8.64,Cash,Store,Fashion,120230,,,,,Manual/source-system review required
T055939,2024-11-20 00:00:00.000000,C02915,P0096,S012,3,2792.27,1256.52,8376.81,7120.29,2036.77,6110.31,1009.98,14.18,Card,E-commerce,Home Appliances,120231,,,,,Manual/source-system review required
T031744,2025-03-20 00:00:00.000000,C00972,P0195,S001,3,1331.7,199.76,3995.1,3795.34,1135.82,3407.46,387.88,10.22,Apple Pay,E-commerce,Fashion,120232,,,,,Manual/source-system review required
T014472,2024-03-03 00:00:00.000000,C04929,P0481,S020,3,2193.02,328.95,6579.06,6250.11,1934.13,5802.39,447.72,7.16,Card,E-commerce,Home Appliances,120233,,,,,Manual/source-system review required
T056967,2024-06-16 00:00:00.000000,C00466,P0158,S014,4,3266.26,0.0,13065.04,13065.04,2802.4,11209.6,1855.44,14.2,Mada,Store,Beauty,120234,,,,,Manual/source-system review required
T102405,2025-11-06 00:00:00.000000,C03871,P0107,S014,6,1738.62,0.0,10431.72,10431.72,1488.02,8928.12,1503.6,14.41,Cash,E-commerce,Grocery,120235,,,,,Manual/source-system review required
T020476,2025-09-02 00:00:00.000000,C02395,P0461,S017,2,4432.5,0.0,8865.0,8865.0,2977.4,5954.8,2910.2,32.83,Cash,Store,Grocery,120236,,,,,Manual/source-system review required
T050419,2025-10-21 00:00:00.000000,C02970,P0049,S010,2,2984.41,298.44,5968.82,5670.38,1955.91,3911.82,1758.56,31.01,Mada,Store,Sports,120237,,,,,Manual/source-system review required
T036756,2024-04-27 00:00:00.000000,C04496,P0347,S004,4,3560.46,1424.18,14241.84,12817.66,2349.74,9398.96,3418.7,26.67,Mada,Store,Home Appliances,120238,,,,,Manual/source-system review required
T015636,2024-11-28 00:00:00.000000,C04495,P0232,S016,2,1790.17,0.0,3580.34,3580.34,1225.06,2450.12,1130.22,31.57,Cash,Store,Fashion,120239,,,,,Manual/source-system review required
T116010,2025-10-04 00:00:00.000000,C03231,P0433,S001,2,940.81,0.0,1881.62,1881.62,760.77,1521.54,360.08,19.14,Apple Pay,Store,Home & Living,120240,,,,,Manual/source-system review required
T005429,2025-10-29 00:00:00.000000,C00679,P0074,S001,1,4050.31,0.0,4050.31,4050.31,2865.5,2865.5,1184.81,29.25,Mada,E-commerce,Fashion,120241,,,,,Manual/source-system review required
T082569,2024-10-28 00:00:00.000000,C01456,P0434,S001,3,1206.86,362.06,3620.58,3258.52,794.24,2382.72,875.8,26.88,Mada,Store,Home & Living,120242,,,,,Manual/source-system review required
T063921,2025-01-25 00:00:00.000000,C01998,P0076,S012,-4,473.83,94.77,1895.32,1800.55,378.09,1512.36,288.19,16.01,Cash,Store,Sports,120243,,,,,Manual/source-system review required
T006144,2024-10-27 00:00:00.000000,C04920,P0100,S001,4,2503.03,1001.21,10012.12,9010.91,1646.83,6587.32,2423.59,26.9,Mada,Store,Home Appliances,120244,,,,,Manual/source-system review required
T029827,2025-10-19 00:00:00.000000,C00507,P0447,S019,4,205.96,41.19,823.84,782.65,133.31,533.24,249.41,31.87,Card,Store,Home Appliances,120245,,,,,Manual/source-system review required
T079749,2025-11-07 00:00:00.000000,C01844,P0419,S012,3,2227.11,334.07,6681.33,6347.26,1826.99,5480.97,866.29,13.65,Card,Store,Home & Living,120246,,,,,Manual/source-system review required
T032185,2025-02-22 00:00:00.000000,C02234,P0038,S017,2,2293.41,0.0,4586.82,4586.82,1562.9,3125.8,1461.02,31.85,Mada,Store,Electronics,120247,,,,,Manual/source-system review required
T069086,2025-07-07 00:00:00.000000,C01799,P0370,S004,1,2883.07,432.46,2883.07,2450.61,1934.88,1934.88,515.73,21.04,Mada,Store,Electronics,120248,,,,,Manual/source-system review required
T026840,2024-10-16 00:00:00.000000,C00454,P0414,S005,2,1658.0,0.0,3316.0,3316.0,1185.31,2370.62,945.38,28.51,Card,Store,Home & Living,120249,,,,,Manual/source-system review required
T095105,2025-05-01 00:00:00.000000,C04052,P0247,S015,2,260.05,26.01,520.1,494.09,173.76,347.52,146.57,29.66,Cash,E-commerce,Beauty,120250,,,,,Manual/source-system review required
T088611,2025-08-24 00:00:00.000000,C02218,P0280,S013,3,1987.29,596.19,5961.87,5365.68,1452.15,4356.45,1009.23,18.81,Cash,Store,Grocery,120251,,,,,Manual/source-system review required
T073901,2025-05-27 00:00:00.000000,C00061,P0371,S012,2,3604.61,720.92,7209.22,6488.3,2592.73,5185.46,1302.84,20.08,Mada,Store,Fashion,120252,,,,,Manual/source-system review required
T040472,2024-03-25 00:00:00.000000,C01472,P0284,S019,1,2799.73,0.0,2799.73,2799.73,2046.82,2046.82,752.91,26.89,STC Pay,Store,Beauty,120253,,,,,Manual/source-system review required
T016623,2025-06-03 00:00:00.000000,C04276,P0489,S009,1,516.9,0.0,516.9,516.9,372.64,372.64,144.26,27.91,Mada,Store,Home Appliances,120254,,,,,Manual/source-system review required
T062688,2024-07-09 00:00:00.000000,C04571,P0402,S019,3,2375.18,0.0,7125.54,7125.54,1682.19,5046.57,2078.97,29.18,Apple Pay,E-commerce,Beauty,120255,,,,,Manual/source-system review required
T056354,2024-12-24 00:00:00.000000,C01547,P0140,S005,3,2556.1,383.42,7668.3,7284.88,2099.05,6297.15,987.73,13.56,Mada,Store,Sports,120256,,,,,Manual/source-system review required
T034224,2024-05-31 00:00:00.000000,C04836,P0082,S001,3,143.06,21.46,429.18,407.72,99.0,297.0,110.72,27.16,Cash,Store,Sports,120257,,,,,Manual/source-system review required
T054403,2025-04-16 00:00:00.000000,C02372,P0154,S010,2,2997.63,0.0,5995.26,5995.26,2043.72,4087.44,1907.82,31.82,Apple Pay,Store,Grocery,120258,,,,,Manual/source-system review required
T009287,2024-08-26 00:00:00.000000,C00047,P0363,S003,2,2820.21,282.02,5640.42,5358.4,2262.23,4524.46,833.94,15.56,Mada,E-commerce,Fashion,120259,,,,,Manual/source-system review required
T068266,2024-08-03 00:00:00.000000,C03511,P0222,S017,3,3131.19,469.68,9393.57,8923.89,2585.98,7757.94,1165.95,13.07,Card,E-commerce,Home Appliances,120260,,,,,Manual/source-system review required
T046438,2025-03-07 00:00:00.000000,C02270,P0464,S009,2,2893.41,1157.36,5786.82,4629.46,2264.5,4529.0,100.46,2.17,Card,Store,Beauty,120261,,,,,Manual/source-system review required
T061000,2024-02-20 00:00:00.000000,C01461,P0449,S020,3,1318.02,395.41,3954.06,3558.65,1072.69,3218.07,340.58,9.57,Apple Pay,Store,Home & Living,120262,,,,,Manual/source-system review required
T107742,2025-04-29 00:00:00.000000,C01769,P0116,S017,1,2490.59,373.59,2490.59,2117.0,1947.61,1947.61,169.39,8.0,Apple Pay,Store,Fashion,120263,,,,,Manual/source-system review required
T109439,2025-08-07 00:00:00.000000,C01253,P0124,S016,2,1012.09,202.42,2024.18,1821.76,834.75,1669.5,152.26,8.36,Mada,E-commerce,Fashion,120264,,,,,Manual/source-system review required
T000506,2024-01-24 00:00:00.000000,C00927,P0243,S013,2,1416.09,0.0,2832.18,2832.18,957.5,1915.0,917.18,32.38,STC Pay,Store,Electronics,120265,,,,,Manual/source-system review required
T036494,2025-08-23 00:00:00.000000,C03602,P0172,S019,2,3012.53,0.0,6025.06,6025.06,2243.0,4486.0,1539.06,25.54,Card,Store,Grocery,120266,,,,,Manual/source-system review required
T077298,2025-08-22 00:00:00.000000,C03370,P0008,S014,3,694.31,208.29,2082.93,1874.64,604.03,1812.09,62.55,3.34,Apple Pay,Store,Sports,120267,,,,,Manual/source-system review required
T062327,2025-05-14 00:00:00.000000,C04574,P0105,S013,3,3007.91,0.0,9023.73,9023.73,2265.07,6795.21,2228.52,24.7,Card,Store,Home Appliances,120268,,,,,Manual/source-system review required
T016399,2024-12-14 00:00:00.000000,C04826,P0195,S011,3,1341.95,0.0,4025.85,4025.85,1135.82,3407.46,618.39,15.36,Cash,Store,Fashion,120269,,,,,Manual/source-system review required
T041066,2024-04-16 00:00:00.000000,C00096,P0311,S007,2,2447.45,0.0,4894.9,4894.9,1778.99,3557.98,1336.92,27.31,Card,E-commerce,Home & Living,120270,,,,,Manual/source-system review required
T028276,2024-07-31 00:00:00.000000,C02795,P0459,S018,3,1796.09,269.41,5388.27,5118.86,1307.59,3922.77,1196.09,23.37,STC Pay,E-commerce,Fashion,120271,,,,,Manual/source-system review required
T118245,2025-03-04 00:00:00.000000,C04906,P0280,S011,4,2148.69,429.74,8594.76,8165.02,1452.15,5808.6,2356.42,28.86,Apple Pay,Store,Grocery,120272,,,,,Manual/source-system review required
T102053,2024-06-18 00:00:00.000000,C00490,P0475,S006,3,3209.72,0.0,9629.16,9629.16,2280.86,6842.58,2786.58,28.94,STC Pay,Store,Sports,120273,,,,,Manual/source-system review required
T108477,2024-03-30 00:00:00.000000,C02966,P0281,S002,4,2881.89,0.0,11527.56,11527.56,2040.49,8161.96,3365.6,29.2,Cash,Store,Electronics,120274,,,,,Manual/source-system review required
T075511,2024-02-02 00:00:00.000000,C03591,P0181,S003,5,2114.32,1057.16,10571.6,9514.44,1637.69,8188.45,1325.99,13.94,Card,Store,Fashion,120275,,,,,Manual/source-system review required
T005060,2025-01-05 00:00:00.000000,C02913,P0463,S014,1,3253.81,0.0,3253.81,3253.81,2190.9,2190.9,1062.91,32.67,Apple Pay,Store,Home & Living,120276,,,,,Manual/source-system review required
T052053,2024-03-18 00:00:00.000000,C00512,P0284,S002,2,2934.33,0.0,5868.66,5868.66,2046.82,4093.64,1775.02,30.25,Card,E-commerce,Beauty,120277,,,,,Manual/source-system review required
T050154,2025-12-04 00:00:00.000000,C02718,P0449,S009,4,1416.05,0.0,5664.2,5664.2,1072.69,4290.76,1373.44,24.25,Mada,Store,Home & Living,120278,,,,,Manual/source-system review required
T114542,2024-11-19 00:00:00.000000,C03519,P0163,S012,1,3094.4,0.0,3094.4,3094.4,2012.56,2012.56,1081.84,34.96,Cash,Store,Grocery,120279,,,,,Manual/source-system review required
T056646,2024-11-20 00:00:00.000000,C01871,P0341,S017,2,1290.95,0.0,2581.9,2581.9,950.2,1900.4,681.5,26.4,Apple Pay,Store,Home Appliances,120280,,,,,Manual/source-system review required
T048174,2025-11-18 00:00:00.000000,C02398,P0112,S013,4,4172.13,0.0,16688.52,16688.52,2908.52,11634.08,5054.44,30.29,STC Pay,Store,Electronics,120281,,,,,Manual/source-system review required
T032058,2025-08-01 00:00:00.000000,C04671,P0231,S006,5,2515.83,0.0,12579.15,12579.15,1906.63,9533.15,3046.0,24.21,Card,E-commerce,fashion,120282,,,,,Manual/source-system review required
T021055,2024-03-13 00:00:00.000000,C02235,P0258,S018,4,56.35,33.81,225.4,191.59,48.27,193.08,-1.49,-0.78,Card,Store,Electronics,120283,,,,,Manual/source-system review required
T069131,2024-10-17 00:00:00.000000,C01725,P0280,S016,2,2116.62,211.66,4233.24,4021.58,1452.15,2904.3,1117.28,27.78,Apple Pay,Store,Grocery,120284,,,,,Manual/source-system review required
T057634,2024-07-06 00:00:00.000000,C02410,P0434,S002,4,1196.84,0.0,4787.36,4787.36,794.24,3176.96,1610.4,33.64,Card,E-commerce,Home & Living,120285,,,,,Manual/source-system review required
T033803,2024-05-15 00:00:00.000000,C00361,P0308,S013,2,2701.72,0.0,5403.44,5403.44,1857.62,3715.24,1688.2,31.24,Cash,Store,Beauty,120286,,,,,Manual/source-system review required
T004130,2025-02-11 00:00:00.000000,C03521,P0290,S005,6,1008.67,302.6,6052.02,5749.42,864.36,5186.16,563.26,9.8,Apple Pay,E-commerce,Beauty,120287,,,,,Manual/source-system review required
T074611,2024-09-23 00:00:00.000000,C03025,P0349,S004,4,815.35,489.21,3261.4,2772.19,708.77,2835.08,-62.89,-2.27,Cash,Store,Electronics,120288,,,,,Manual/source-system review required
T046727,2024-05-05 00:00:00.000000,C00175,P0438,S012,3,411.26,61.69,1233.78,1172.09,312.29,936.87,235.22,20.07,Card,Store,Home & Living,120289,,,,,Manual/source-system review required
T027887,2024-04-29 00:00:00.000000,C03606,P0201,S010,2,1938.87,193.89,3877.74,3683.85,1407.79,2815.58,868.27,23.57,Card,Store,Beauty,120290,,,,,Manual/source-system review required
T065316,2025-09-02 00:00:00.000000,C01214,P0296,S011,2,2316.22,231.62,4632.44,4400.82,1791.3,3582.6,818.22,18.59,Mada,Store,Electronics,120291,,,,,Manual/source-system review required
T003916,2024-07-13 00:00:00.000000,C03445,P0328,S019,2,2037.39,0.0,4074.78,4074.78,1504.62,3009.24,1065.54,26.15,STC Pay,Store,Home & Living,120292,,,,,Manual/source-system review required
T002111,2025-01-14 00:00:00.000000,C02190,P0475,S006,2,3311.66,0.0,6623.32,6623.32,2280.86,4561.72,2061.6,31.13,STC Pay,Store,Sports,120293,,,,,Manual/source-system review required
T055647,2024-03-05 00:00:00.000000,C04586,P0490,S006,5,3469.58,867.4,17347.9,16480.5,2225.16,11125.8,5354.7,32.49,STC Pay,Store,Sports,120294,,,,,Manual/source-system review required
T001200,2024-07-09 00:00:00.000000,C01163,P0266,S001,4,4206.82,0.0,16827.28,16827.28,2713.1,10852.4,5974.88,35.51,Apple Pay,Store,Sports,120295,,,,,Manual/source-system review required
T104859,2025-09-27 00:00:00.000000,C01045,P0113,S009,1,1410.48,0.0,1410.48,1410.48,897.59,897.59,512.89,36.36,Card,Store,Fashion,120296,,,,,Manual/source-system review required
T108754,2024-02-03 00:00:00.000000,C02381,P0344,S015,3,1599.33,0.0,4797.99,4797.99,1024.27,3072.81,1725.18,35.96,Mada,Store,Home & Living,120297,,,,,Manual/source-system review required
T006360,2024-06-22 00:00:00.000000,C01800,P0256,S012,4,1664.04,998.42,6656.16,5657.74,1264.17,5056.68,601.06,10.62,Apple Pay,Store,Fashion,120298,,,,,Manual/source-system review required
T064765,2024-11-23 00:00:00.000000,C01548,P0272,S004,1,2435.52,121.78,2435.52,2313.74,1483.74,1483.74,830.0,35.87,STC Pay,Store,Fashion,120299,,,,,Manual/source-system review required
T043707,2024-05-10 00:00:00.000000,C00314,P0018,S012,3,1682.7,0.0,5048.1,5048.1,1329.22,3987.66,1060.44,21.01,Mada,Store,Fashion,120300,,,,,Manual/source-system review required
T094657,2024-09-13 00:00:00.000000,C02643,P0310,S001,3,1810.73,0.0,5432.19,5432.19,1484.95,4454.85,977.34,17.99,Cash,Store,Fashion,120301,,,,,Manual/source-system review required
T056129,2025-03-14 00:00:00.000000,C03022,P0146,S013,2,645.62,64.56,1291.24,1226.68,487.79,975.58,251.1,20.47,Mada,Store,Home & Living,120302,,,,,Manual/source-system review required
T099634,2025-04-28 00:00:00.000000,C01467,P0333,S018,3,2374.58,712.37,7123.74,6411.37,1744.45,5233.35,1178.02,18.37,Apple Pay,Store,Grocery,120303,,,,,Manual/source-system review required
T001257,2024-12-25 00:00:00.000000,C02814,P0079,S019,1,254.18,0.0,254.18,254.18,163.22,163.22,90.96,35.79,Mada,Store,Electronics,120304,,,,,Manual/source-system review required
T096738,2024-10-14 00:00:00.000000,,P0022,S013,4,2988.0,1792.8,11952.0,10159.2,2414.94,9659.76,499.44,4.92,Cash,E-commerce,Home & Living,120305,,,,,Manual/source-system review required
T039687,2025-01-04 00:00:00.000000,,P0293,S004,3,2459.26,0.0,7377.78,7377.78,2130.35,6391.05,986.73,13.37,Card,Store,Electronics,120306,,,,,Manual/source-system review required
T065446,2025-05-26 00:00:00.000000,C03948,P0279,S018,4,4396.97,2638.18,17587.88,14949.7,2685.55,10742.2,4207.5,28.14,Card,Store,Home Appliances,120307,,,,,Manual/source-system review required
T093604,2024-06-18 00:00:00.000000,C02620,P0329,S015,1,1453.75,72.69,1453.75,1381.06,1010.3,1010.3,370.76,26.85,Card,Store,Grocery,120308,,,,,Manual/source-system review required
T081797,2024-09-15 00:00:00.000000,C00454,P0134,S006,3,2632.73,0.0,7898.19,7898.19,1917.2,5751.6,2146.59,27.18,Card,E-commerce,Home Appliances,120309,,,,,Manual/source-system review required
T036824,2024-11-12 00:00:00.000000,C02163,P0329,S012,4,1371.06,822.64,5484.24,4661.6,1010.3,4041.2,620.4,13.31,Card,Store,Grocery,120310,,,,,Manual/source-system review required
T052502,2025-04-07 00:00:00.000000,C02666,P0130,S003,1,2377.72,237.77,2377.72,2139.95,1570.52,1570.52,569.43,26.61,Mada,E-commerce,Home Appliances,120311,,,,,Manual/source-system review required
T072126,2024-08-07 00:00:00.000000,C04028,P0272,S015,1,2320.72,0.0,2320.72,2320.72,1483.74,1483.74,836.98,36.07,Mada,E-commerce,Fashion,120312,,,,,Manual/source-system review required
T000887,2024-02-06 00:00:00.000000,C00414,P0269,S006,4,197.36,78.94,789.44,710.5,129.46,517.84,192.66,27.12,Cash,E-commerce,Electronics,120313,,,,,Manual/source-system review required
T021749,2025-01-09 00:00:00.000000,C03781,P0093,S019,2,3802.47,760.49,7604.94,6844.45,2709.61,5419.22,1425.23,20.82,Card,Store,Electronics,120314,,,,,Manual/source-system review required
T064471,2024-02-06 00:00:00.000000,C03450,P0460,S019,3,853.26,0.0,2559.78,2559.78,737.26,2211.78,348.0,13.59,Mada,Store,Grocery,120315,,,,,Manual/source-system review required
T067266,2024-09-10 00:00:00.000000,C02723,P0326,S006,3,2015.36,604.61,6046.08,5441.47,1448.25,4344.75,1096.72,20.15,Mada,Store,Beauty,120316,,,,,Manual/source-system review required
T047070,2025-11-24 00:00:00.000000,C02486,P0103,S006,2,607.96,0.0,1215.92,1215.92,456.88,913.76,302.16,24.85,Mada,Store,Grocery,120317,,,,,Manual/source-system review required
T107443,2025-12-07 00:00:00.000000,C04217,P0126,S016,4,3479.62,0.0,13918.48,13918.48,2311.58,9246.32,4672.16,33.57,Card,Store,Electronics,120318,,,,,Manual/source-system review required
T087479,2025-06-16 00:00:00.000000,C01174,P0214,S012,1,2825.6,0.0,2825.6,2825.6,2403.75,2403.75,421.85,14.93,STC Pay,E-commerce,Fashion,120319,,,,,Manual/source-system review required
T105081,2024-11-28 00:00:00.000000,C04343,P0057,S004,4,1127.44,225.49,4509.76,4284.27,964.43,3857.72,426.55,9.96,Card,Store,Home & Living,120320,,,,,Manual/source-system review required
T104662,2025-12-06 00:00:00.000000,C02384,P0428,S016,2,2388.94,238.89,4777.88,4538.99,2082.64,4165.28,373.71,8.23,Apple Pay,Store,Sports,120321,,,,,Manual/source-system review required
T088549,2024-03-04 00:00:00.000000,C01544,P0170,S005,6,505.22,0.0,3031.32,3031.32,433.7,2602.2,429.12,14.16,Mada,Store,Electronics,120322,,,,,Manual/source-system review required
T001388,2024-12-18 00:00:00.000000,C04291,P0230,S004,1,1026.3,51.32,1026.3,974.98,805.78,805.78,169.2,17.35,Mada,E-commerce,Fashion,120323,,,,,Manual/source-system review required
T049882,2025-04-09 00:00:00.000000,C03362,P0046,S002,3,3904.49,585.67,11713.47,11127.8,2921.52,8764.56,2363.24,21.24,Cash,Store,Sports,120324,,,,,Manual/source-system review required
T065395,2024-11-22 00:00:00.000000,C01366,P0099,S018,2,4629.81,462.98,9259.62,8796.64,2923.26,5846.52,2950.12,33.54,Card,Store,Beauty,120325,,,,,Manual/source-system review required
T100286,2025-06-01 00:00:00.000000,C04846,P0384,S011,3,2938.36,0.0,8815.08,8815.08,1906.79,5720.37,3094.71,35.11,Apple Pay,E-commerce,Beauty,120326,,,,,Manual/source-system review required
T071517,2024-08-29 00:00:00.000000,C04126,P0500,S020,4,167.83,0.0,671.32,671.32,128.14,512.56,158.76,23.65,Mada,Store,Beauty,120327,,,,,Manual/source-system review required
T049313,2025-07-02 00:00:00.000000,C02440,P0387,S019,4,2185.47,0.0,8741.88,8741.88,1678.78,6715.12,2026.76,23.18,Apple Pay,E-commerce,Fashion,120328,,,,,Manual/source-system review required
T089613,2024-08-06 00:00:00.000000,C03091,P0304,S012,5,934.81,934.81,4674.05,3739.24,617.07,3085.35,653.89,17.49,Apple Pay,Store,Sports,120329,,,,,Manual/source-system review required
T014806,2024-07-26 00:00:00.000000,C01441,P0475,S011,2,3458.66,0.0,6917.32,6917.32,2280.86,4561.72,2355.6,34.05,Mada,E-commerce,Sports,120330,,,,,Manual/source-system review required
T096795,2025-10-18 00:00:00.000000,C04442,P0055,S011,3,1332.03,0.0,3996.09,3996.09,1123.07,3369.21,626.88,15.69,Card,Store,Sports,120331,,,,,Manual/source-system review required
T030401,2024-03-31 00:00:00.000000,C03949,P0181,S020,1,2274.92,113.75,2274.92,2161.17,1637.69,1637.69,523.48,24.22,Apple Pay,Store,Fashion,120332,,,,,Manual/source-system review required
T052460,2024-11-17 00:00:00.000000,C02576,P0489,S006,4,493.89,98.78,1975.56,1876.78,372.64,1490.56,386.22,20.58,Card,Store,Home Appliances,120333,,,,,Manual/source-system review required
T042498,2024-05-18 00:00:00.000000,C01104,P0457,S019,4,2486.41,0.0,9945.64,9945.64,1755.62,7022.48,2923.16,29.39,STC Pay,Store,Electronics,120334,,,,,Manual/source-system review required
T007330,2024-06-21 00:00:00.000000,C02831,P0164,S010,1,1340.82,0.0,1340.82,1340.82,854.34,854.34,486.48,36.28,Cash,Store,Sports,120335,,,,,Manual/source-system review required
T037201,2024-10-06 00:00:00.000000,C01338,P0157,S015,4,2728.53,1091.41,10914.12,9822.71,1944.83,7779.32,2043.39,20.8,Cash,Store,Home Appliances,120336,,,,,Manual/source-system review required
T007697,2025-10-25 00:00:00.000000,C01412,P0130,S004,2,2259.98,452.0,4519.96,4067.96,1570.52,3141.04,926.92,22.79,Card,E-commerce,Home Appliances,120337,,,,,Manual/source-system review required
T053322,2025-08-16 00:00:00.000000,C04125,P0472,S012,2,3538.6,0.0,7077.2,7077.2,2232.2,4464.4,2612.8,36.92,Apple Pay,Store,Beauty,120338,,,,,Manual/source-system review required
T017214,2024-02-17 00:00:00.000000,C03123,P0072,S009,3,2720.68,408.1,8162.04,7753.94,2094.0,6282.0,1471.94,18.98,Apple Pay,Store,Home & Living,120339,,,,,Manual/source-system review required
T038432,2024-03-31 00:00:00.000000,C03724,P0450,S016,4,4252.54,0.0,17010.16,17010.16,2828.1,11312.4,5697.76,33.5,Cash,E-commerce,Beauty,120340,,,,,Manual/source-system review required
T081292,2024-07-05 00:00:00.000000,C00935,P0289,S019,4,1286.4,257.28,5145.6,4888.32,1142.55,4570.2,318.12,6.51,Apple Pay,Store,Grocery,120341,,,,,Manual/source-system review required
T054898,2024-05-10 00:00:00.000000,C04849,P0420,S016,2,727.93,72.79,1455.86,1383.07,541.02,1082.04,301.03,21.77,Apple Pay,Store,Sports,120342,,,,,Manual/source-system review required
T094546,2024-02-28 00:00:00.000000,C03479,P0051,S018,1,1812.51,90.63,1812.51,1721.88,1191.43,1191.43,530.45,30.81,Card,Store,Home & Living,120343,,,,,Manual/source-system review required
T095441,2025-09-04 00:00:00.000000,C02076,P0214,S001,2,2969.15,1187.66,5938.3,4750.64,2403.75,4807.5,-56.86,-1.2,Mada,Store,Fashion,120344,,,,,Manual/source-system review required
T018821,2024-03-17 00:00:00.000000,C04021,P0373,S006,3,2487.35,746.2,7462.05,6715.85,1748.91,5246.73,1469.12,21.88,Card,Store,Home Appliances,120345,,,,,Manual/source-system review required
T079098,2025-05-25 00:00:00.000000,C03049,P0430,S005,2,2107.55,210.76,4215.1,4004.34,1590.58,3181.16,823.18,20.56,Card,E-commerce,Home & Living,120346,,,,,Manual/source-system review required
T059207,2024-02-27 00:00:00.000000,C00332,P0481,S002,3,2240.09,672.03,6720.27,6048.24,1934.13,5802.39,245.85,4.06,Cash,Store,Home Appliances,120347,,,,,Manual/source-system review required
T088168,2025-09-13 00:00:00.000000,C02100,P0162,S015,3,4101.38,0.0,12304.14,12304.14,2599.21,7797.63,4506.51,36.63,Cash,Store,Home & Living,120348,,,,,Manual/source-system review required
T014626,2024-03-11 00:00:00.000000,C04134,P0386,S018,1,1843.21,0.0,1843.21,1843.21,1244.86,1244.86,598.35,32.46,Cash,Store,Fashion,120349,,,,,Manual/source-system review required
T107359,2025-02-23 00:00:00.000000,C00562,P0103,S008,3,649.92,97.49,1949.76,1852.27,456.88,1370.64,481.63,26.0,Card,Store,Grocery,120350,,,,,Manual/source-system review required
T019738,2024-07-18 00:00:00.000000,C03885,P0293,S015,3,2472.22,370.83,7416.66,7045.83,2130.35,6391.05,654.78,9.29,Mada,Store,Electronics,120351,,,,,Manual/source-system review required
T067373,2024-07-26 00:00:00.000000,C03890,P0496,S011,2,391.27,0.0,782.54,782.54,260.19,520.38,262.16,33.5,Cash,E-commerce,Electronics,120352,,,,,Manual/source-system review required
T032074,2025-02-04 00:00:00.000000,C03634,P0369,S019,4,860.89,0.0,3443.56,3443.56,697.26,2789.04,654.52,19.01,Mada,Store,Grocery,120353,,,,,Manual/source-system review required
T087544,2024-09-12 00:00:00.000000,C03132,P0214,S019,3,3014.32,904.3,9042.96,8138.66,2403.75,7211.25,927.41,11.4,Apple Pay,Store,Fashion,120354,,,,,Manual/source-system review required
T067532,2024-04-22 00:00:00.000000,C03860,P0009,S017,3,3166.76,0.0,9500.28,9500.28,2247.01,6741.03,2759.25,29.04,Apple Pay,Store,Fashion,120355,,,,,Manual/source-system review required
T021885,2024-06-01 00:00:00.000000,C03388,P0155,S009,4,2726.77,0.0,10907.08,10907.08,1760.91,7043.64,3863.44,35.42,Card,Store,Beauty,120356,,,,,Manual/source-system review required
T076987,2025-03-16 00:00:00.000000,C03130,P0089,S002,3,183.98,0.0,551.94,551.94,136.78,410.34,141.6,25.65,Mada,Store,Grocery,120357,,,,,Manual/source-system review required
T057816,2025-06-16 00:00:00.000000,C00792,P0244,S016,2,2741.45,0.0,5482.9,5482.9,2077.87,4155.74,1327.16,24.21,Mada,E-commerce,Grocery,120358,,,,,Manual/source-system review required
T116168,2024-04-11 00:00:00.000000,C02223,P0233,S003,2,3591.09,718.22,7182.18,6463.96,2876.71,5753.42,710.54,10.99,Mada,Store,Sports,120359,,,,,Manual/source-system review required
T104315,2025-08-05 00:00:00.000000,C01897,P0128,S020,3,2199.58,0.0,6598.74,6598.74,1826.4,5479.2,1119.54,16.97,Apple Pay,Store,Electronics,120360,,,,,Manual/source-system review required
T006813,2025-05-31 00:00:00.000000,C01438,P0106,S006,5,2696.06,674.02,13480.3,12806.28,2121.15,10605.75,2200.53,17.18,Card,Store,Grocery,120361,,,,,Manual/source-system review required
T020474,2024-10-16 00:00:00.000000,C03857,P0082,S008,4,134.64,0.0,538.56,538.56,99.0,396.0,142.56,26.47,Cash,Store,Sports,120362,,,,,Manual/source-system review required
T049025,2024-11-25 00:00:00.000000,C00237,P0255,S018,3,2790.38,418.56,8371.14,7952.58,1885.16,5655.48,2297.1,28.88,Mada,Store,Home & Living,120363,,,,,Manual/source-system review required
T051763,2024-09-11 00:00:00.000000,C00894,P0222,S002,3,3099.9,464.99,9299.7,8834.71,2585.98,7757.94,1076.77,12.19,Cash,Store,Home Appliances,120364,,,,,Manual/source-system review required
T064572,2025-09-11 00:00:00.000000,C00931,P0478,S012,1,2258.87,112.94,2258.87,2145.93,1787.27,1787.27,358.66,16.71,Card,Store,Fashion,120365,,,,,Manual/source-system review required
T024411,2025-01-06 00:00:00.000000,C03313,P0147,S013,1,3490.36,174.52,3490.36,3315.84,2422.48,2422.48,893.36,26.94,Mada,E-commerce,Grocery,120366,,,,,Manual/source-system review required
T041695,2025-04-23 00:00:00.000000,C04966,P0051,S013,5,1760.1,1320.08,8800.5,7480.42,1191.43,5957.15,1523.27,20.36,STC Pay,Store,Home & Living,120367,,,,,Manual/source-system review required
T040027,2025-06-10 00:00:00.000000,C04211,P0175,S006,2,3280.6,328.06,6561.2,6233.14,2256.5,4513.0,1720.14,27.6,Card,Store,Fashion,120368,,,,,Manual/source-system review required
T073039,2025-08-05 00:00:00.000000,C02799,P0204,S014,5,86.06,21.52,430.3,408.78,59.02,295.1,113.68,27.81,Cash,Store,Beauty,120369,,,,,Manual/source-system review required
T109241,2025-09-18 00:00:00.000000,C04005,P0081,S012,2,2964.4,296.44,5928.8,5632.36,2058.21,4116.42,1515.94,26.91,Cash,E-commerce,Electronics,120370,,,,,Manual/source-system review required
T042339,2025-08-01 00:00:00.000000,C02164,P0407,S002,2,2582.46,516.49,5164.92,4648.43,1629.07,3258.14,1390.29,29.91,Mada,Store,Home & Living,120371,,,,,Manual/source-system review required
T040197,2025-03-04 00:00:00.000000,C00755,P0125,S010,3,2328.94,0.0,6986.82,6986.82,1612.35,4837.05,2149.77,30.77,Apple Pay,Store,Home Appliances,120372,,,,,Manual/source-system review required
T019241,2025-05-09 00:00:00.000000,C00106,P0221,S006,2,1207.96,120.8,2415.92,2295.12,818.83,1637.66,657.46,28.65,Mada,E-commerce,Electronics,120373,,,,,Manual/source-system review required
T058209,2025-07-24 00:00:00.000000,C04241,P0252,S002,6,2213.79,1992.41,13282.74,11290.33,1690.82,10144.92,1145.41,10.15,Card,Store,Grocery,120374,,,,,Manual/source-system review required
T048059,2024-05-03 00:00:00.000000,C03232,P0040,S003,3,2907.05,1308.17,8721.15,7412.98,1986.75,5960.25,1452.73,19.6,STC Pay,E-commerce,Fashion,120375,,,,,Manual/source-system review required
T013023,2024-07-15 00:00:00.000000,C02360,P0204,S004,1,81.38,0.0,81.38,81.38,59.02,59.02,22.36,27.48,Apple Pay,Store,Beauty,120376,,,,,Manual/source-system review required
T110866,2025-11-18 00:00:00.000000,C01477,P0135,S009,2,2143.75,0.0,4287.5,4287.5,1651.39,3302.78,984.72,22.97,Mada,E-commerce,Grocery,120377,,,,,Manual/source-system review required
T066358,2025-04-01 00:00:00.000000,C03474,P0031,S010,4,879.98,176.0,3519.92,3343.92,733.89,2935.56,408.36,12.21,Card,Store,Home Appliances,120378,,,,,Manual/source-system review required
T048247,2025-11-01 00:00:00.000000,C00394,P0368,S016,2,1618.85,0.0,3237.7,3237.7,1177.9,2355.8,881.9,27.24,Cash,Store,Home Appliances,120379,,,,,Manual/source-system review required
T024954,2024-08-16 00:00:00.000000,C03874,P0456,S002,2,512.71,0.0,1025.42,1025.42,393.2,786.4,239.02,23.31,Apple Pay,Store,Grocery,120380,,,,,Manual/source-system review required
T070899,2024-02-21 00:00:00.000000,C04965,P0082,S019,4,139.38,0.0,557.52,557.52,99.0,396.0,161.52,28.97,Apple Pay,Store,Sports,120381,,,,,Manual/source-system review required
T066740,2025-06-24 00:00:00.000000,C01383,P0481,S017,2,2356.28,706.88,4712.56,4005.68,1934.13,3868.26,137.42,3.43,Card,Store,Home Appliances,120382,,,,,Manual/source-system review required
T119704,2024-04-22 00:00:00.000000,C04290,P0489,S013,1,496.34,0.0,496.34,496.34,372.64,372.64,123.7,24.92,Card,E-commerce,Home Appliances,120383,,,,,Manual/source-system review required
T119204,2024-09-07 00:00:00.000000,C02800,P0264,S016,1,2509.83,0.0,2509.83,2509.83,2045.35,2045.35,464.48,18.51,Card,Store,Fashion,120384,,,,,Manual/source-system review required
T093747,2024-02-06 00:00:00.000000,C02092,P0411,S001,1,4056.57,202.83,4056.57,3853.74,2812.13,2812.13,1041.61,27.03,Card,Store,Fashion,120385,,,,,Manual/source-system review required
T087296,2024-08-11 00:00:00.000000,C04119,P0399,S014,3,2401.06,0.0,7203.18,7203.18,2015.42,6046.26,1156.92,16.06,Apple Pay,Store,Beauty,120386,,,,,Manual/source-system review required
T109591,2025-02-13 00:00:00.000000,C00134,P0215,S006,3,3141.8,471.27,9425.4,8954.13,2168.02,6504.06,2450.07,27.36,Mada,E-commerce,Electronics,120387,,,,,Manual/source-system review required
T110403,2025-12-13 00:00:00.000000,C03509,P0404,S015,2,2012.54,0.0,4025.08,4025.08,1616.77,3233.54,791.54,19.67,Card,Store,Beauty,120388,,,,,Manual/source-system review required
T113561,2025-01-31 00:00:00.000000,C01424,P0070,S016,2,2621.24,0.0,5242.48,5242.48,2149.49,4298.98,943.5,18.0,Apple Pay,E-commerce,Home & Living,120389,,,,,Manual/source-system review required
T017568,2024-12-03 00:00:00.000000,C04137,P0243,S008,2,1519.3,151.93,3038.6,2886.67,957.5,1915.0,971.67,33.66,Card,Store,Electronics,120390,,,,,Manual/source-system review required
T100909,2024-04-17 00:00:00.000000,C01692,P0188,S004,1,2648.89,132.44,2648.89,2516.45,2320.21,2320.21,196.24,7.8,Apple Pay,Store,Home Appliances,120391,,,,,Manual/source-system review required
T054538,2024-06-12 00:00:00.000000,C03603,P0452,S013,4,363.96,0.0,1455.84,1455.84,266.2,1064.8,391.04,26.86,Apple Pay,Store,Fashion,120392,,,,,Manual/source-system review required
T066950,2025-01-20 00:00:00.000000,C01275,P0011,S018,3,738.26,0.0,2214.78,2214.78,612.17,1836.51,378.27,17.08,Apple Pay,E-commerce,Home Appliances,120393,,,,,Manual/source-system review required
T048338,2024-05-02 00:00:00.000000,C04506,P0388,S001,3,3247.13,0.0,9741.39,9741.39,2471.39,7414.17,2327.22,23.89,Apple Pay,Store,Electronics,120394,,,,,Manual/source-system review required
T009870,2024-11-15 00:00:00.000000,C00627,P0124,S010,4,1004.46,0.0,4017.84,4017.84,834.75,3339.0,678.84,16.9,Mada,Store,Fashion,120395,,,,,Manual/source-system review required
T081748,2024-10-05 00:00:00.000000,C04986,P0110,S004,7,2076.82,2907.55,14537.74,11630.19,1594.54,11161.78,468.41,4.03,Mada,E-commerce,Grocery,120396,,,,,Manual/source-system review required
T026585,2025-03-31 00:00:00.000000,C03976,P0354,S001,4,1426.33,570.53,5705.32,5134.79,1041.11,4164.44,970.35,18.9,Card,Store,Sports,120397,,,,,Manual/source-system review required
T016579,2025-04-07 00:00:00.000000,C02586,P0108,S019,4,541.79,108.36,2167.16,2058.8,370.23,1480.92,577.88,28.07,STC Pay,Store,Home & Living,120398,,,,,Manual/source-system review required
T013431,2024-12-17 00:00:00.000000,C03717,P0056,S011,3,4311.87,0.0,12935.61,12935.61,2891.59,8674.77,4260.84,32.94,Cash,Store,Grocery,120399,,,,,Manual/source-system review required
T012809,2024-06-22 00:00:00.000000,C04681,P0166,S012,3,507.85,76.18,1523.55,1447.37,362.21,1086.63,360.74,24.92,Mada,Store,Home & Living,120400,,,,,Manual/source-system review required
T010006,2024-01-02 00:00:00.000000,C04667,P0475,S003,4,3340.48,668.1,13361.92,12693.82,2280.86,9123.44,3570.38,28.13,Card,Store,Sports,120401,,,,,Manual/source-system review required
T096611,2024-05-06 00:00:00.000000,C01833,P0229,S007,7,3115.98,1090.59,21811.86,20721.27,2492.63,17448.41,3272.86,15.79,Card,Store,Home Appliances,120402,,,,,Manual/source-system review required
T003924,2025-10-15 00:00:00.000000,C02547,P0330,S006,2,1584.82,158.48,3169.64,3011.16,1221.72,2443.44,567.72,18.85,Apple Pay,Store,Electronics,120403,,,,,Manual/source-system review required
T052896,2024-11-20 00:00:00.000000,C00525,P0390,S001,2,1093.74,218.75,2187.48,1968.73,721.0,1442.0,526.73,26.75,STC Pay,Store,Grocery,120404,,,,,Manual/source-system review required
T117448,2024-05-07 00:00:00.000000,C02051,P0226,S015,2,4145.61,829.12,8291.22,7462.1,2508.09,5016.18,2445.92,32.78,Mada,Store,Fashion,120405,,,,,Manual/source-system review required
T042561,2024-11-09 00:00:00.000000,C02349,P0273,S004,5,2873.88,0.0,14369.4,14369.4,1876.35,9381.75,4987.65,34.71,Mada,Store,Electronics,120406,,,,,Manual/source-system review required
T105594,2024-12-01 00:00:00.000000,C03970,P0166,S007,2,522.89,156.87,1045.78,888.91,362.21,724.42,164.49,18.5,Mada,Store,Home & Living,120407,,,,,Manual/source-system review required
T083972,2025-12-09 00:00:00.000000,C04053,P0098,S003,4,3722.61,0.0,14890.44,14890.44,2378.91,9515.64,5374.8,36.1,STC Pay,Store,Home & Living,120408,,,,,Manual/source-system review required
T054264,2024-01-09 00:00:00.000000,C01012,P9268,S016,4,1500.81,600.32,6003.24,5402.92,1018.89,4075.56,1327.36,24.57,Mada,Store,,120409,,,,,Manual/source-system review required
T090700,2024-11-30 00:00:00.000000,C00196,P0009,S004,2,3151.96,315.2,6303.92,5988.72,2247.01,4494.02,1494.7,24.96,Card,E-commerce,Fashion,120410,,,,,Manual/source-system review required
T116889,2024-07-12 00:00:00.000000,C01812,P0375,S020,2,2058.42,0.0,4116.84,4116.84,1303.97,2607.94,1508.9,36.65,Cash,E-commerce,Beauty,120411,,,,,Manual/source-system review required
T057502,2024-02-13 00:00:00.000000,C00627,P0201,S017,3,1944.73,0.0,5834.19,5834.19,1407.79,4223.37,1610.82,27.61,Cash,Store,Beauty,120412,,,,,Manual/source-system review required
T080076,2024-08-04 00:00:00.000000,C00850,P0349,S020,2,857.2,85.72,1714.4,1628.68,708.77,1417.54,211.14,12.96,Apple Pay,Store,Electronics,120413,,,,,Manual/source-system review required
T110474,2024-04-10 00:00:00.000000,C02801,P0364,S007,3,2917.73,0.0,8753.19,8753.19,1958.52,5875.56,2877.63,32.88,Mada,E-commerce,Fashion,120414,,,,,Manual/source-system review required
T086465,2025-10-29 00:00:00.000000,C03918,P0131,S005,2,2393.64,239.36,4787.28,4547.92,1664.68,3329.36,1218.56,26.79,STC Pay,Store,Grocery,120415,,,,,Manual/source-system review required
T114560,2024-09-21 00:00:00.000000,C02436,P0471,S018,3,1880.02,0.0,5640.06,5640.06,1216.45,3649.35,1990.71,35.3,Cash,Store,Electronics,120416,,,,,Manual/source-system review required
T090260,2024-09-30 00:00:00.000000,C02397,P0109,S013,2,923.34,277.0,1846.68,1569.68,727.77,1455.54,114.14,7.27,Card,Store,Electronics,120417,,,,,Manual/source-system review required
T032565,2024-12-17 00:00:00.000000,,P0249,S011,6,1362.26,817.36,8173.56,7356.2,906.1,5436.6,1919.6,26.09,Mada,E-commerce,Home Appliances,120418,,,,,Manual/source-system review required
T025372,2024-08-23 00:00:00.000000,C02935,P0070,S013,2,2526.41,1010.56,5052.82,4042.26,2149.49,4298.98,-256.72,-6.35,Card,Store,Home & Living,120419,,,,,Manual/source-system review required
T077952,2024-01-19 00:00:00.000000,C00517,P0177,S005,3,2521.91,1134.86,7565.73,6430.87,1773.15,5319.45,1111.42,17.28,Card,Store,Electronics,120420,,,,,Manual/source-system review required
T035589,2025-06-01 00:00:00.000000,C00225,P0020,S004,1,823.85,41.19,823.85,782.66,701.82,701.82,80.84,10.33,Card,Store,Home Appliances,120421,,,,,Manual/source-system review required
T078776,2025-01-10 00:00:00.000000,C02954,P0021,S018,3,4301.22,0.0,12903.66,12903.66,2790.5,8371.5,4532.16,35.12,Mada,Store,Grocery,120422,,,,,Manual/source-system review required
T078076,2024-09-27 00:00:00.000000,C02591,P0080,S010,1,1659.02,0.0,1659.02,1659.02,1136.35,1136.35,522.67,31.5,STC Pay,Store,Electronics,120423,,,,,Manual/source-system review required
T066614,2024-03-29 00:00:00.000000,C03344,P0409,S001,5,1815.59,907.8,9077.95,8170.15,1530.38,7651.9,518.25,6.34,Card,Store,Electronics,120424,,,,,Manual/source-system review required
T093971,2025-11-07 00:00:00.000000,C03659,P0468,S016,4,3117.5,1247.0,12470.0,11223.0,2072.88,8291.52,2931.48,26.12,Cash,E-commerce,Home & Living,120425,,,,,Manual/source-system review required
T021786,2025-10-31 00:00:00.000000,C02946,P0224,S012,4,747.58,149.52,2990.32,2840.8,562.68,2250.72,590.08,20.77,Mada,E-commerce,Sports,120426,,,,,Manual/source-system review required
T077309,2025-03-06 00:00:00.000000,C01668,P0051,S011,3,1792.73,0.0,5378.19,5378.19,1191.43,3574.29,1803.9,33.54,Apple Pay,Store,Home & Living,120427,,,,,Manual/source-system review required
T016265,2024-07-29 00:00:00.000000,C04866,P0003,S015,5,84.87,42.44,424.35,381.91,67.58,337.9,44.01,11.52,Apple Pay,Store,Grocery,120428,,,,,Manual/source-system review required
T082817,2024-05-17 00:00:00.000000,C01964,P0009,S020,1,3205.41,0.0,3205.41,3205.41,2247.01,2247.01,958.4,29.9,Card,Store,Fashion,120429,,,,,Manual/source-system review required
T012071,2024-05-15 00:00:00.000000,C03402,P0348,S008,1,467.53,46.75,467.53,420.78,353.52,353.52,67.26,15.98,STC Pay,Store,Sports,120430,,,,,Manual/source-system review required
T118484,2024-08-25 00:00:00.000000,C02961,P0119,S013,5,3677.37,0.0,18386.85,18386.85,2822.78,14113.9,4272.95,23.24,Card,Store,Sports,120431,,,,,Manual/source-system review required
T063960,2024-03-10 00:00:00.000000,C03001,P0245,S020,3,3412.89,0.0,10238.67,10238.67,2202.03,6606.09,3632.58,35.48,STC Pay,E-commerce,Beauty,120432,,,,,Manual/source-system review required
T106441,2025-02-18 00:00:00.000000,C04123,P0099,S009,3,4752.2,2851.32,14256.6,11405.28,2923.26,8769.78,2635.5,23.11,Card,E-commerce,Beauty,120433,,,,,Manual/source-system review required
T052725,2025-01-04 00:00:00.000000,C02783,P0382,S006,4,2091.29,0.0,8365.16,8365.16,1710.59,6842.36,1522.8,18.2,Mada,Store,Home Appliances,120434,,,,,Manual/source-system review required
T071372,2024-06-04 00:00:00.000000,C02216,P0308,S018,1,2751.83,0.0,2751.83,2751.83,1857.62,1857.62,894.21,32.5,Card,E-commerce,Beauty,120435,,,,,Manual/source-system review required
T001518,2025-05-13 00:00:00.000000,C02317,P0103,S002,1,653.47,32.67,653.47,620.8,456.88,456.88,163.92,26.4,Mada,Store,Grocery,120436,,,,,Manual/source-system review required
T065398,2024-06-23 00:00:00.000000,C00975,P0110,S018,3,2054.67,308.2,6164.01,5855.81,1594.54,4783.62,1072.19,18.31,Mada,Store,Grocery,120437,,,,,Manual/source-system review required
T064525,2025-07-27 00:00:00.000000,C03489,P0033,S013,3,1071.34,0.0,3214.02,3214.02,741.64,2224.92,989.1,30.77,Card,Store,Beauty,120438,,,,,Manual/source-system review required
T043691,2024-03-21 00:00:00.000000,C03446,P0460,S014,4,865.67,519.4,3462.68,2943.28,737.26,2949.04,-5.76,-0.2,Card,Store,Grocery,120439,,,,,Manual/source-system review required
T050406,2025-08-22 00:00:00.000000,C04570,P0127,S018,2,898.49,0.0,1796.98,1796.98,738.43,1476.86,320.12,17.81,STC Pay,Store,Fashion,120440,,,,,Manual/source-system review required
T063263,2025-12-10 00:00:00.000000,C00434,P0165,S008,4,2750.13,0.0,11000.52,11000.52,2138.64,8554.56,2445.96,22.23,Apple Pay,E-commerce,Home Appliances,120441,,,,,Manual/source-system review required
T113316,2025-12-22 00:00:00.000000,C01845,P0188,S018,1,2801.47,140.07,2801.47,2661.4,2320.21,2320.21,341.19,12.82,Cash,Store,Home Appliances,120442,,,,,Manual/source-system review required
T004473,2025-06-07 00:00:00.000000,C03613,P0482,S015,3,2560.22,768.07,7680.66,6912.59,2114.77,6344.31,568.28,8.22,Mada,E-commerce,Sports,120443,,,,,Manual/source-system review required
T098175,2025-11-21 00:00:00.000000,C02712,P0332,S006,2,3417.2,341.72,6834.4,6492.68,2211.34,4422.68,2070.0,31.88,STC Pay,Store,Home & Living,120444,,,,,Manual/source-system review required
T033943,2024-04-10 00:00:00.000000,C01345,P0207,S009,3,3437.31,0.0,10311.93,10311.93,2696.2,8088.6,2223.33,21.56,Mada,E-commerce,Grocery,120445,,,,,Manual/source-system review required
T038557,2024-11-03 00:00:00.000000,C04913,P0030,S018,4,3978.37,0.0,15913.48,15913.48,2930.31,11721.24,4192.24,26.34,Card,Store,Grocery,120446,,,,,Manual/source-system review required
T044146,2025-06-22 00:00:00.000000,C04493,P0428,S010,3,2370.76,0.0,7112.28,7112.28,2082.64,6247.92,864.36,12.15,Card,E-commerce,Sports,120447,,,,,Manual/source-system review required
T000714,2025-10-01 00:00:00.000000,C02794,P0408,S010,3,1174.8,0.0,3524.4,3524.4,786.0,2358.0,1166.4,33.09,Card,Store,Home & Living,120448,,,,,Manual/source-system review required
T085744,2024-11-12 00:00:00.000000,,P0398,S002,2,1552.42,0.0,3104.84,3104.84,1043.81,2087.62,1017.22,32.76,Card,Store,Fashion,120449,,,,,Manual/source-system review required
T103049,2024-10-08 00:00:00.000000,C04553,P0354,S002,1,1506.42,150.64,1506.42,1355.78,1041.11,1041.11,314.67,23.21,Mada,Store,Sports,120450,,,,,Manual/source-system review required
T041495,2024-10-15 00:00:00.000000,C00719,P0450,S011,3,4150.46,622.57,12451.38,11828.81,2828.1,8484.3,3344.51,28.27,Apple Pay,Store,Beauty,120451,,,,,Manual/source-system review required
T062296,2024-10-29 00:00:00.000000,C03574,P0252,S013,3,2335.57,0.0,7006.71,7006.71,1690.82,5072.46,1934.25,27.61,Cash,Store,Grocery,120452,,,,,Manual/source-system review required
T074821,2025-04-01 00:00:00.000000,C04965,P0167,S019,3,660.18,99.03,1980.54,1881.51,480.0,1440.0,441.51,23.47,Mada,Store,Home Appliances,120453,,,,,Manual/source-system review required
T087176,2024-08-03 00:00:00.000000,C04403,P0001,S009,3,3627.49,1632.37,10882.47,9250.1,2582.62,7747.86,1502.24,16.24,Card,Store,Home & Living,120454,,,,,Manual/source-system review required
T000116,2025-01-12 00:00:00.000000,C04209,P0241,S017,3,1603.57,962.14,4810.71,3848.57,1389.85,4169.55,-320.98,-8.34,Mada,Store,Beauty,120455,,,,,Manual/source-system review required
T037487,2024-07-18 00:00:00.000000,C01616,P0431,S005,3,1750.53,262.58,5251.59,4989.01,1360.36,4081.08,907.93,18.2,Card,E-commerce,Home Appliances,120456,,,,,Manual/source-system review required
T043608,2024-12-30 00:00:00.000000,C00492,P0240,S018,3,2875.55,0.0,8626.65,8626.65,2190.0,6570.0,2056.65,23.84,Mada,E-commerce,Fashion,120457,,,,,Manual/source-system review required
T046398,2025-01-18 00:00:00.000000,C00181,P0336,S005,3,2716.11,0.0,8148.33,8148.33,1876.44,5629.32,2519.01,30.91,Apple Pay,Store,Home & Living,120458,,,,,Manual/source-system review required
T012540,2024-11-16 00:00:00.000000,C02716,P0407,S013,2,2565.01,0.0,5130.02,5130.02,1629.07,3258.14,1871.88,36.49,Card,Store,Home & Living,120459,,,,,Manual/source-system review required
T118642,2025-09-26 00:00:00.000000,C03772,P0318,S018,5,332.71,166.36,1663.55,1497.19,254.16,1270.8,226.39,15.12,Mada,Store,Beauty,120460,,,,,Manual/source-system review required
T113393,2024-06-14 00:00:00.000000,C02281,P0465,S013,1,622.25,31.11,622.25,591.14,412.55,412.55,178.59,30.21,Card,E-commerce,Beauty,120461,,,,,Manual/source-system review required
T011969,2024-05-09 00:00:00.000000,C00608,P0454,S006,5,531.42,0.0,2657.1,2657.1,381.73,1908.65,748.45,28.17,Cash,Store,Sports,120462,,,,,Manual/source-system review required
T100502,2025-10-25 00:00:00.000000,C01913,P0159,S007,3,909.59,136.44,2728.77,2592.33,752.95,2258.85,333.48,12.86,Cash,E-commerce,Home & Living,120463,,,,,Manual/source-system review required
T009106,2024-02-27 00:00:00.000000,C04223,P0178,S003,4,1529.5,305.9,6118.0,5812.1,1143.29,4573.16,1238.94,21.32,STC Pay,Store,Fashion,120464,,,,,Manual/source-system review required
T039546,2024-09-12 00:00:00.000000,C04406,P0012,S019,3,3195.57,479.34,9586.71,9107.37,2139.8,6419.4,2687.97,29.51,Card,Store,Beauty,120465,,,,,Manual/source-system review required
T032225,2025-12-14 00:00:00.000000,C03205,P0340,S019,4,1555.5,1244.4,6222.0,4977.6,1090.52,4362.08,615.52,12.37,Mada,Store,Sports,120466,,,,,Manual/source-system review required
T073152,2025-09-01 00:00:00.000000,C03660,P0328,S018,2,2054.5,0.0,4109.0,4109.0,1504.62,3009.24,1099.76,26.76,Card,Store,Home & Living,120467,,,,,Manual/source-system review required
T077346,2025-11-30 00:00:00.000000,C01385,P0460,S002,5,868.21,0.0,4341.05,4341.05,737.26,3686.3,654.75,15.08,Card,E-commerce,Grocery,120468,,,,,Manual/source-system review required
T036353,2024-03-18 00:00:00.000000,C00356,P0490,S005,4,3363.34,0.0,13453.36,13453.36,2225.16,8900.64,4552.72,33.84,Card,Store,Sports,120469,,,,,Manual/source-system review required
T062067,2024-02-17 00:00:00.000000,C00079,P0485,S018,1,3517.93,703.59,3517.93,2814.34,2478.89,2478.89,335.45,11.92,Apple Pay,Store,Home Appliances,120470,,,,,Manual/source-system review required
T028853,2025-11-10 00:00:00.000000,C03334,P0465,S014,6,619.84,185.95,3719.04,3533.09,412.55,2475.3,1057.79,29.94,Mada,Store,Beauty,120471,,,,,Manual/source-system review required
T052121,2024-11-23 00:00:00.000000,C03917,P0239,S015,3,2460.87,0.0,7382.61,7382.61,1877.53,5632.59,1750.02,23.7,Card,E-commerce,Beauty,120472,,,,,Manual/source-system review required
T111664,2025-05-26 00:00:00.000000,C03796,P0045,S010,1,2783.97,0.0,2783.97,2783.97,2013.58,2013.58,770.39,27.67,Card,Store,Fashion,120473,,,,,Manual/source-system review required
T093818,2025-05-01 00:00:00.000000,C00732,P0340,S015,4,1481.32,0.0,5925.28,5925.28,1090.52,4362.08,1563.2,26.38,Card,Store,Sports,120474,,,,,Manual/source-system review required
T068726,2025-08-15 00:00:00.000000,C02914,P0120,S011,4,406.1,81.22,1624.4,1543.18,266.59,1066.36,476.82,30.9,Apple Pay,E-commerce,Home Appliances,120475,,,,,Manual/source-system review required
T069384,2024-03-29 00:00:00.000000,C02179,P0104,S009,4,1730.92,0.0,6923.68,6923.68,1124.51,4498.04,2425.64,35.03,Card,Store,Home Appliances,120476,,,,,Manual/source-system review required
T032686,2024-06-01 00:00:00.000000,C00953,P0359,S001,3,182.02,0.0,546.06,546.06,110.55,331.65,214.41,39.26,Apple Pay,E-commerce,Fashion,120477,,,,,Manual/source-system review required
T009701,2025-06-21 00:00:00.000000,C00593,P0436,S018,2,3788.35,378.84,7576.7,7197.86,2408.58,4817.16,2380.7,33.08,Mada,Store,Beauty,120478,,,,,Manual/source-system review required
T107660,2024-04-27 00:00:00.000000,C00712,P0188,S007,4,2693.51,0.0,10774.04,10774.04,2320.21,9280.84,1493.2,13.86,Cash,E-commerce,Home Appliances,120479,,,,,Manual/source-system review required
T053749,2025-01-21 00:00:00.000000,C02502,P0438,S016,3,410.82,123.25,1232.46,1109.21,312.29,936.87,172.34,15.54,Mada,Store,Home & Living,120480,,,,,Manual/source-system review required
T112182,2024-01-21 00:00:00.000000,C00404,P0294,S018,5,236.64,47.33,1183.2,1135.87,192.6,963.0,172.87,14.33,Mada,Store,Fashion,120481,,,,,Manual/source-system review required
T085020,2025-06-14 00:00:00.000000,C03645,P0213,S010,6,891.02,668.26,5346.12,4677.86,681.48,4088.88,588.98,10.02,Card,Store,Fashion,120482,,,,,Manual/source-system review required
T009993,2025-10-15 00:00:00.000000,C04666,P0271,S017,3,3575.04,357.5,10725.12,10367.62,2984.83,8954.49,1413.13,12.11,Apple Pay,Store,Fashion,120483,,,,,Manual/source-system review required
T077822,2024-01-04 00:00:00.000000,C01011,P0305,S020,3,1924.09,192.41,5772.27,5579.86,1425.17,4275.51,1304.35,22.03,Apple Pay,Store,Beauty,120484,,,,,Manual/source-system review required
T015623,2024-10-27 00:00:00.000000,C04014,P0478,S016,2,2425.78,242.58,4851.56,4608.98,1787.27,3574.54,1034.44,18.14,Apple Pay,E-commerce,Fashion,120485,,,,,Manual/source-system review required
T116915,2024-09-22 00:00:00.000000,C03536,P0064,S020,3,1338.5,535.4,4015.5,3480.1,1027.23,3081.69,398.41,4.07,Card,E-commerce,Sports,120486,,,,,Manual/source-system review required
T004378,2024-11-09 00:00:00.000000,C01539,P0179,S014,5,1803.07,0.0,9015.35,9015.35,1327.46,6637.3,2378.05,26.38,Card,E-commerce,Home Appliances,120487,,,,,Manual/source-system review required
T073304,2024-10-31 00:00:00.000000,C02773,P0088,S020,3,2190.93,0.0,6572.79,6572.79,1498.19,4494.57,2078.22,31.62,Apple Pay,E-commerce,Electronics,120488,,,,,Manual/source-system review required
T113844,2025-09-14 00:00:00.000000,C00539,P0250,S006,4,3477.87,0.0,13911.48,13911.48,2390.12,9560.48,4351.0,31.28,Apple Pay,E-commerce,Grocery,120489,,,,,Manual/source-system review required
T008108,2024-07-16 00:00:00.000000,C02642,P0335,S004,3,1152.92,0.0,3458.76,3458.76,844.95,2534.85,923.91,26.71,Card,Store,Electronics,120490,,,,,Manual/source-system review required
T051271,2024-12-10 00:00:00.000000,C02169,P0272,S001,5,2474.72,989.89,12373.6,11383.71,1483.74,7418.7,3965.01,33.38,Mada,Store,Fashion,120491,,,,,Manual/source-system review required
T094657,2024-09-13 00:00:00.000000,C02643,P0310,S001,4,1810.73,0.0,7242.92,7242.92,1484.95,5939.8,1303.12,17.99,Cash,Store,Fashion,120492,,,,,Manual/source-system review required
T051121,2024-03-15 00:00:00.000000,C01063,P0211,S003,3,1224.18,0.0,3672.54,3672.54,826.82,2480.46,1192.08,32.46,STC Pay,E-commerce,Home Appliances,120493,,,,,Manual/source-system review required
T033819,2024-05-08 00:00:00.000000,C01831,P0406,S018,4,3275.81,491.37,13103.24,12611.87,2923.01,11692.04,919.83,6.07,Card,Store,Electronics,120494,,,,,Manual/source-system review required
T006993,2024-09-20 00:00:00.000000,C04089,P0014,S009,4,1172.02,175.8,4688.08,4512.28,1006.08,4024.32,487.96,9.64,STC Pay,E-commerce,Fashion,120495,,,,,Manual/source-system review required
T030229,2025-12-04 00:00:00.000000,C00523,P0412,S009,3,1345.14,403.54,4035.42,3631.88,853.52,2560.56,1071.32,25.35,Mada,Store,Beauty,120496,,,,,Manual/source-system review required
T066703,2024-02-13 00:00:00.000000,C01780,P0231,S009,2,2558.34,255.83,5116.68,4860.85,1906.63,3813.26,1047.59,17.19,Mada,Store,Fashion,120497,,,,,Manual/source-system review required
T113824,2024-08-23 00:00:00.000000,C03333,P0062,S012,2,3748.34,374.83,7496.68,7121.85,2741.46,5482.92,1638.93,18.74,Mada,Store,Grocery,120498,,,,,Manual/source-system review required
T112590,2025-12-25 00:00:00.000000,C04784,P0017,S006,3,3059.57,611.91,9178.71,8566.8,2317.48,6952.44,1614.36,15.84,Card,Store,Home Appliances,120499,,,,,Manual/source-system review required
T023763,2025-10-18 00:00:00.000000,C02282,P0054,S012,5,891.19,178.24,4455.95,4277.71,547.79,2738.95,1538.76,35.3,Card,Store,Electronics,120500,,,,,Manual/source-system review required
T071052,2024-09-17 00:00:00.000000,C02542,P0141,S010,-4,3488.48,0.0,13953.92,13953.92,2692.43,10769.72,3184.2,22.82,Apple Pay,Store,Electronics,120501,,,,,Manual/source-system review required
T076964,2025-12-03 00:00:00.000000,C03262,P0340,S018,4,1564.19,469.26,6256.76,5787.5,1090.52,4362.08,1425.42,22.54,Cash,Store,Sports,120502,,,,,Manual/source-system review required
T003586,2024-11-26 00:00:00.000000,C04410,P0175,S019,3,3434.94,0.0,10304.82,10304.82,2256.5,6769.5,3535.32,34.31,Cash,Store,Fashion,120503,,,,,Manual/source-system review required
T094543,2025-03-18 00:00:00.000000,C01393,P0270,S008,4,2371.76,0.0,9487.04,9487.04,1896.74,7586.96,1900.08,20.03,Card,Store,Home Appliances,120504,,,,,Manual/source-system review required
T105855,2025-05-28 00:00:00.000000,C04696,P0078,S009,3,2012.49,0.0,6037.47,6037.47,1485.02,4455.06,1582.41,26.21,Mada,Store,Beauty,120505,,,,,Manual/source-system review required
T013139,2024-11-15 00:00:00.000000,C00391,P0196,S020,4,3679.89,0.0,14719.56,14719.56,2778.19,11112.76,3606.8,24.5,Apple Pay,Store,Grocery,120506,,,,,Manual/source-system review required
T104510,2024-02-17 00:00:00.000000,C03900,P0251,S010,3,1405.57,281.11,4216.71,3935.6,970.92,2912.76,1022.84,23.25,STC Pay,Store,Home & Living,120507,,,,,Manual/source-system review required
T103079,2025-09-15 00:00:00.000000,C00834,P0012,S014,4,3108.79,932.64,12435.16,11502.52,2139.8,8559.2,2943.32,23.52,Card,Store,Beauty,120508,,,,,Manual/source-system review required
T027956,2025-03-26 00:00:00.000000,C04417,P0406,S017,5,3436.88,687.38,17184.4,16497.02,2923.01,14615.05,1881.97,10.48,Card,E-commerce,Electronics,120509,,,,,Manual/source-system review required
T057985,2024-05-06 00:00:00.000000,C01869,P0091,S011,5,493.22,295.93,2466.1,2170.17,400.52,2002.6,167.57,4.46,Apple Pay,Store,Grocery,120510,,,,,Manual/source-system review required
T110290,2024-12-20 00:00:00.000000,C04060,P0273,S017,2,2656.51,0.0,5313.02,5313.02,1876.35,3752.7,1560.32,29.37,Apple Pay,Store,Electronics,120511,,,,,Manual/source-system review required
T003983,2024-05-01 00:00:00.000000,C01278,P0039,S002,4,575.15,0.0,2300.6,2300.6,358.15,1432.6,868.0,37.73,Mada,Store,Beauty,120512,,,,,Manual/source-system review required
T071385,2024-02-05 00:00:00.000000,C00446,P0385,S008,-3,3426.2,685.24,10278.6,9593.36,2654.94,7964.82,1628.54,13.9,Card,Store,Home & Living,120513,,,,,Manual/source-system review required
T070209,2025-09-01 00:00:00.000000,C02360,P0387,S017,3,2135.04,0.0,6405.12,6405.12,1678.78,5036.34,1368.78,21.37,Mada,Store,Fashion,120514,,,,,Manual/source-system review required
T070184,2024-06-21 00:00:00.000000,C03215,P0473,S002,2,3214.87,482.23,6429.74,5947.51,2355.7,4711.4,1236.11,13.79,Card,E-commerce,Electronics,120515,,,,,Manual/source-system review required
T039883,2024-07-08 00:00:00.000000,C00135,P0270,S015,4,2388.82,358.32,9555.28,9196.96,1896.74,7586.96,1610.0,16.42,Card,Store,Home Appliances,120516,,,,,Manual/source-system review required
T100943,2024-03-03 00:00:00.000000,C01242,P0096,S010,3,2682.64,268.26,8047.92,7779.66,2036.77,6110.31,1669.35,20.08,Cash,Store,Home Appliances,120517,,,,,Manual/source-system review required
T081208,2024-04-30 00:00:00.000000,C04467,P0251,S011,4,1486.86,0.0,5947.44,5947.44,970.92,3883.68,2063.76,34.7,Card,Store,Home & Living,120518,,,,,Manual/source-system review required
T019971,2025-02-16 00:00:00.000000,C02505,P0311,S005,3,2450.99,0.0,7352.97,7352.97,1778.99,5336.97,2016.0,27.42,Mada,E-commerce,Home & Living,120519,,,,,Manual/source-system review required
T061851,2024-01-26 00:00:00.000000,C00824,P0445,S013,3,2264.39,0.0,6793.17,6793.17,1849.52,5548.56,1244.61,18.32,Card,Store,Home & Living,120520,,,,,Manual/source-system review required
T032437,2025-05-04 00:00:00.000000,C01992,P0052,S005,6,2688.5,672.12,16131.0,15458.88,1942.41,11654.46,3804.42,23.95,Cash,E-commerce,Electronics,120521,,,,,Manual/source-system review required
T110526,2025-06-20 00:00:00.000000,C00594,P0306,S007,3,346.87,69.37,1040.61,971.24,291.67,875.01,96.23,6.57,Card,E-commerce,Sports,120522,,,,,Manual/source-system review required
T007237,2025-08-09 00:00:00.000000,C04959,P0400,S005,4,2557.04,767.11,10228.16,9461.05,1786.58,7146.32,2314.73,22.37,Cash,Store,Home & Living,120523,,,,,Manual/source-system review required
T079824,2024-03-24 00:00:00.000000,C00092,P0439,S011,3,1067.6,0.0,3202.8,3202.8,745.56,2236.68,966.12,30.16,Cash,Store,Electronics,120524,,,,,Manual/source-system review required
T106254,2024-10-08 00:00:00.000000,C00174,P0054,S004,2,839.64,41.98,1679.28,1637.3,547.79,1095.58,541.72,31.33,Apple Pay,Store,Electronics,120525,,,,,Manual/source-system review required
T001699,2025-02-14 00:00:00.000000,C01204,P0025,S015,3,57.02,5.7,171.06,165.36,40.72,122.16,43.2,24.83,Card,Store,Beauty,120526,,,,,Manual/source-system review required
T036218,2024-02-18 00:00:00.000000,C03562,P0034,S003,3,2632.44,263.24,7897.32,7634.08,1907.92,5723.76,1910.32,23.71,Mada,Store,Home Appliances,120527,,,,,Manual/source-system review required
T027847,2024-03-09 00:00:00.000000,C04945,P0095,S016,3,3162.6,316.26,9487.8,9171.54,2718.04,8154.12,1017.42,9.53,Card,Store,Electronics,120528,,,,,Manual/source-system review required
T079630,2025-06-17 00:00:00.000000,C03494,P0004,S019,4,2774.76,0.0,11099.04,11099.04,1837.79,7351.16,3747.88,33.77,Card,Store,Sports,120529,,,,,Manual/source-system review required
T026827,2024-02-16 00:00:00.000000,C03706,P0018,S011,3,1578.48,473.54,4735.44,4261.9,1329.22,3987.66,274.24,0.93,Card,E-commerce,Fashion,120530,,,,,Manual/source-system review required
T103718,2025-07-10 00:00:00.000000,C00382,P0496,S003,2,396.79,19.84,793.58,773.74,260.19,520.38,253.36,30.97,,Store,Electronics,120531,,,,,Manual/source-system review required
T059570,2025-11-07 00:00:00.000000,C01024,P0220,S010,4,1623.8,243.57,6495.2,6251.63,1020.88,4083.52,2168.11,33.82,Cash,E-commerce,Electronics,120532,,,,,Manual/source-system review required
T038508,2024-07-25 00:00:00.000000,C03909,P0222,S014,2,3157.32,0.0,6314.64,6314.64,2585.98,5171.96,1142.68,18.1,Mada,E-commerce,Home Appliances,120533,,,,,Manual/source-system review required
T026872,2024-12-25 00:00:00.000000,C03638,P0096,S012,6,2856.71,714.18,17140.26,16426.08,2036.77,12220.62,4205.46,24.95,Card,E-commerce,Home Appliances,120534,,,,,Manual/source-system review required
T116290,2024-01-07 00:00:00.000000,C03553,P0022,S016,6,2886.65,0.0,17319.9,17319.9,2414.94,14489.64,2830.26,16.34,Cash,Store,Home & Living,120535,,,,,Manual/source-system review required
T117171,2025-07-01 00:00:00.000000,C04916,P0009,S008,4,3194.51,0.0,12778.04,12778.04,2247.01,8988.04,3790.0,29.66,Card,E-commerce,Fashion,120536,,,,,Manual/source-system review required
T050652,2024-04-30 00:00:00.000000,C00030,P0052,S020,3,2810.9,0.0,8432.7,8432.7,1942.41,5827.23,2605.47,30.9,Card,Store,Electronics,120537,,,,,Manual/source-system review required
T010868,2024-07-30 00:00:00.000000,C01035,P0138,S018,2,4101.16,410.12,8202.32,7792.2,2940.5,5881.0,1911.2,20.33,Card,Store,Home & Living,120538,,,,,Manual/source-system review required
T049736,2024-09-20 00:00:00.000000,C00042,P0474,S007,5,3997.99,0.0,19989.95,19989.95,2523.09,12615.45,7374.5,36.89,Card,Store,Home & Living,120539,,,,,Manual/source-system review required
T073018,2025-05-16 00:00:00.000000,C01466,P0384,S016,2,3145.24,0.0,6290.48,6290.48,1906.79,3813.58,2476.9,39.38,Mada,Store,Beauty,120540,,,,,Manual/source-system review required
T024358,2024-01-13 00:00:00.000000,C00544,P0112,S005,3,3864.74,0.0,11594.22,11594.22,2908.52,8725.56,2868.66,24.74,STC Pay,Store,Electronics,120541,,,,,Manual/source-system review required
T045895,2025-12-17 00:00:00.000000,C01696,P0126,S020,4,3542.47,1062.74,14169.88,13107.14,2311.58,9246.32,3860.82,27.5,Card,Store,Electronics,120542,,,,,Manual/source-system review required
T080146,2024-07-18 00:00:00.000000,C03623,P0495,S018,9,2037.25,814.9,18335.25,17520.35,1316.84,11851.56,5668.79,31.96,Card,E-commerce,Home Appliances,120543,,,,,Manual/source-system review required
T109611,2024-07-02 00:00:00.000000,C04865,P0436,S007,4,3715.13,0.0,14860.52,14860.52,2408.58,9634.32,5226.2,35.17,Apple Pay,Store,Beauty,120544,,,,,Manual/source-system review required
T117300,2025-08-08 00:00:00.000000,C01808,P0130,S013,5,2289.87,0.0,11449.35,11449.35,1570.52,7852.6,3596.75,31.41,Cash,Store,Home Appliances,120545,,,,,Manual/source-system review required
T055626,2024-10-22 00:00:00.000000,C00722,P0313,S018,5,2807.01,561.4,14035.05,13473.65,1977.81,9889.05,3584.6,25.83,Mada,E-commerce,Sports,120546,,,,,Manual/source-system review required
T036657,2025-04-19 00:00:00.000000,C04633,P0197,S004,2,646.75,0.0,1293.5,1293.5,513.25,1026.5,267.0,20.64,Card,E-commerce,Sports,120547,,,,,Manual/source-system review required
T096532,2024-06-26 00:00:00.000000,C04011,P0117,S016,3,1354.23,0.0,4062.69,4062.69,1093.83,3281.49,781.2,19.23,Cash,Store,Grocery,120548,,,,,Manual/source-system review required
T114785,2024-05-25 00:00:00.000000,C02797,P0333,S013,3,2234.86,446.97,6704.58,6257.61,1744.45,5233.35,1024.26,13.27,Card,Store,Grocery,120549,,,,,Manual/source-system review required
T088317,2024-02-11 00:00:00.000000,C02892,P0298,S004,3,1703.54,170.35,5110.62,4940.27,1348.79,4046.37,893.9,16.66,Mada,Store,Beauty,120550,,,,,Manual/source-system review required
T108116,2025-05-07 00:00:00.000000,C01347,P0045,S019,6,2944.87,0.0,17669.22,17669.22,2013.58,12081.48,5587.74,31.62,Mada,Store,Fashion,120551,,,,,Manual/source-system review required
T081624,2024-01-09 00:00:00.000000,C02521,P0210,S008,4,433.67,0.0,1734.68,1734.68,326.88,1307.52,427.16,24.62,Mada,Store,Home Appliances,120552,,,,,Manual/source-system review required
T059155,2025-03-05 00:00:00.000000,C04536,P0149,S020,4,2559.6,767.88,10238.4,9470.52,2247.46,8989.84,480.68,2.44,Card,Store,Sports,120553,,,,,Manual/source-system review required
T068509,2025-07-21 00:00:00.000000,C03494,P0067,S006,7,537.52,0.0,3762.64,3762.64,398.64,2790.48,972.16,25.84,STC Pay,Store,Home Appliances,120554,,,,,Manual/source-system review required
T048197,2024-06-21 00:00:00.000000,C02049,P0400,S004,8,2550.92,1785.64,20407.36,18621.72,1786.58,14292.64,4329.08,22.18,Cash,E-commerce,Home & Living,120555,,,,,Manual/source-system review required
T068617,2024-08-03 00:00:00.000000,C03808,P0292,S007,3,830.66,0.0,2491.98,2491.98,537.79,1613.37,878.61,35.26,Mada,Store,Home Appliances,120556,,,,,Manual/source-system review required
T104010,2024-12-12 00:00:00.000000,C01184,P0168,S010,3,1560.95,312.19,4682.85,4370.66,1120.31,3360.93,1009.73,20.25,Card,Store,Beauty,120557,,,,,Manual/source-system review required
T088231,2024-10-06 00:00:00.000000,C01333,P0354,S019,5,1379.19,0.0,6895.95,6895.95,1041.11,5205.55,1690.4,24.51,Card,E-commerce,Sports,120558,,,,,Manual/source-system review required
T046550,2025-08-26 00:00:00.000000,C00300,P0265,S011,2,2889.22,0.0,5778.44,5778.44,1773.89,3547.78,2230.66,38.6,Apple Pay,E-commerce,Home Appliances,120559,,,,,Manual/source-system review required
T088039,2024-05-24 00:00:00.000000,C02262,P0325,S002,3,2002.01,200.2,6006.03,5805.83,1327.05,3981.15,1824.68,30.23,Mada,Store,Fashion,120560,,,,,Manual/source-system review required
T056889,2024-05-27 00:00:00.000000,C04111,P0443,S020,3,211.98,0.0,635.94,635.94,134.51,403.53,232.41,36.55,Mada,Store,Electronics,120561,,,,,Manual/source-system review required
T022051,2025-05-16 00:00:00.000000,C03033,P0135,S008,5,2281.46,912.58,11407.3,10494.72,1651.39,8256.95,2237.77,19.57,STC Pay,Store,Grocery,120562,,,,,Manual/source-system review required
T076295,2025-03-27 00:00:00.000000,C01051,P0316,S019,3,2838.24,283.82,8514.72,8230.9,2113.35,6340.05,1890.85,21.62,Card,Store,Home & Living,120563,,,,,Manual/source-system review required
T101727,2024-01-19 00:00:00.000000,C00184,P0232,S006,2,1843.95,92.2,3687.9,3595.7,1225.06,2450.12,1145.58,30.07,Apple Pay,Store,Fashion,120564,,,,,Manual/source-system review required
T042248,2024-10-18 00:00:00.000000,C00008,P0210,S003,2,436.44,0.0,872.88,872.88,326.88,653.76,219.12,25.1,Card,Store,Home Appliances,120565,,,,,Manual/source-system review required
T047215,2024-01-14 00:00:00.000000,C03101,P0285,S009,4,4251.35,637.7,17005.4,16367.7,2647.28,10589.12,5778.58,34.45,Mada,Store,Home Appliances,120566,,,,,Manual/source-system review required
T017065,2024-11-22 00:00:00.000000,C00915,P0138,S016,5,4015.6,0.0,20078.0,20078.0,2940.5,14702.5,5375.5,26.77,Cash,Store,Home & Living,120567,,,,,Manual/source-system review required
T049164,2025-05-15 00:00:00.000000,C01436,P0362,S010,2,250.07,12.5,500.14,487.64,163.67,327.34,160.3,31.11,Card,E-commerce,Electronics,120568,,,,,Manual/source-system review required
T090038,2025-05-10 00:00:00.000000,C03744,P0045,S019,6,2738.94,0.0,16433.64,16433.64,2013.58,12081.48,4352.16,26.48,Apple Pay,E-commerce,Fashion,120569,,,,,Manual/source-system review required
T016469,2025-03-09 00:00:00.000000,C03892,P0299,S007,4,1713.35,514.0,6853.4,6339.4,1365.13,5460.52,878.88,11.47,Mada,E-commerce,Electronics,120570,,,,,Manual/source-system review required
T006615,2024-07-17 00:00:00.000000,C04826,P0466,S015,2,3870.15,193.51,7740.3,7546.79,2525.3,5050.6,2496.19,31.32,Apple Pay,Store,Grocery,120571,,,,,Manual/source-system review required
T017312,2025-10-01 00:00:00.000000,C02802,P0204,S010,2,85.1,4.26,170.2,165.94,59.02,118.04,47.9,26.99,Card,E-commerce,Beauty,120572,,,,,Manual/source-system review required
T000328,2025-08-16 00:00:00.000000,C01576,P0134,S002,4,2806.55,841.96,11226.2,10384.24,1917.2,7668.8,2715.44,24.1,Mada,Store,Home Appliances,120573,,,,,Manual/source-system review required
T119437,2024-01-28 00:00:00.000000,C03196,P0318,S019,7,338.15,0.0,2367.05,2367.05,254.16,1779.12,587.93,24.84,Apple Pay,Store,Beauty,120574,,,,,Manual/source-system review required
T014766,2025-10-31 00:00:00.000000,C01247,P0106,S001,7,2751.93,0.0,19263.51,19263.51,2121.15,14848.05,4415.46,22.92,Card,Store,Grocery,120575,,,,,Manual/source-system review required
T025976,2024-11-27 00:00:00.000000,C02027,P0109,S018,7,979.64,293.89,6857.48,6563.59,727.77,5094.39,1469.2,21.8,Card,Store,Electronics,120576,,,,,Manual/source-system review required
T079920,2025-10-19 00:00:00.000000,C01348,P0423,S001,5,4266.51,853.3,21332.55,20479.25,2810.62,14053.1,6426.15,30.66,Card,Store,Beauty,120577,,,,,Manual/source-system review required
T029015,2024-11-24 00:00:00.000000,C01646,P0036,S014,2,2346.86,117.34,4693.72,4576.38,2039.14,4078.28,498.1,8.54,Apple Pay,E-commerce,Electronics,120578,,,,,Manual/source-system review required
T076010,2025-12-31 00:00:00.000000,C03045,P0091,S010,4,512.01,0.0,2048.04,2048.04,400.52,1602.08,445.96,21.77,Card,E-commerce,Grocery,120579,,,,,Manual/source-system review required
T106062,2025-04-08 00:00:00.000000,C03999,P0185,S011,4,2840.21,852.06,11360.84,10508.78,2147.91,8591.64,1917.14,15.97,Card,Store,Electronics,120580,,,,,Manual/source-system review required
T064971,2024-01-04 00:00:00.000000,C03688,P0303,S002,5,1841.95,1473.56,9209.75,7736.19,1239.82,6199.1,1537.09,15.86,STC Pay,E-commerce,Home Appliances,120581,,,,,Manual/source-system review required
T016734,2025-07-03 00:00:00.000000,C03367,P0067,S013,2,532.76,0.0,1065.52,1065.52,398.64,797.28,268.24,25.17,Apple Pay,E-commerce,Home Appliances,120582,,,,,Manual/source-system review required
T090210,2025-09-22 00:00:00.000000,C04760,P0413,S010,3,3890.74,778.15,11672.22,10894.07,2759.79,8279.37,2614.7,21.19,Mada,E-commerce,Grocery,120583,,,,,Manual/source-system review required
T013806,2025-01-24 00:00:00.000000,C02110,P0342,S017,6,1492.43,0.0,8954.58,8954.58,989.07,5934.42,3020.16,33.73,Card,Store,Electronics,120584,,,,,Manual/source-system review required
T091108,2025-10-31 00:00:00.000000,C03287,P0460,S004,2,880.92,88.09,1761.84,1673.75,737.26,1474.52,199.23,7.01,Cash,E-commerce,Grocery,120585,,,,,Manual/source-system review required
T091896,2025-07-17 00:00:00.000000,C02325,P0186,S004,5,2894.66,578.93,14473.3,13894.37,2467.35,12336.75,1557.62,10.28,STC Pay,Store,Fashion,120586,,,,,Manual/source-system review required
T087553,2025-04-22 00:00:00.000000,C02632,P0136,S016,4,2757.23,413.58,11028.92,10615.34,1873.82,7495.28,3120.06,28.46,Mada,Store,Sports,120587,,,,,Manual/source-system review required
T012854,2025-03-20 00:00:00.000000,C00101,P0412,S019,4,1282.06,192.31,5128.24,4935.93,853.52,3414.08,1521.85,29.92,Card,Store,Beauty,120588,,,,,Manual/source-system review required
T082107,2024-07-16 00:00:00.000000,C03993,P0043,S011,3,3388.35,677.67,10165.05,9487.38,2183.35,6550.05,2937.33,28.4,Card,E-commerce,Fashion,120589,,,,,Manual/source-system review required
T070980,2025-01-10 00:00:00.000000,C01299,P0318,S009,2,347.66,0.0,695.32,695.32,254.16,508.32,187.0,26.89,Apple Pay,Store,Beauty,120590,,,,,Manual/source-system review required
T107201,2025-11-27 00:00:00.000000,C01298,P0213,S009,5,818.86,0.0,4094.3,4094.3,681.48,3407.4,686.9,16.78,Cash,Store,Fashion,120591,,,,,Manual/source-system review required
T004529,2024-01-03 00:00:00.000000,C04042,P0239,S015,4,2598.78,0.0,10395.12,10395.12,1877.53,7510.12,2885.0,27.75,Card,Store,Beauty,120592,,,,,Manual/source-system review required
T004615,2024-08-17 00:00:00.000000,C03812,P0155,S005,4,2481.5,0.0,9926.0,9926.0,1760.91,7043.64,2882.36,29.04,Card,Store,Beauty,120593,,,,,Manual/source-system review required
T094278,2024-11-07 00:00:00.000000,C00559,P0158,S007,4,3186.32,1911.79,12745.28,10833.49,2802.4,11209.6,-376.11,-9.94,Card,Store,Beauty,120594,,,,,Manual/source-system review required
T118653,2024-02-26 00:00:00.000000,C00803,P0304,S015,5,944.6,0.0,4723.0,4723.0,617.07,3085.35,1637.65,34.67,Mada,Store,Sports,120595,,,,,Manual/source-system review required
T051717,2024-03-03 00:00:00.000000,C02863,P0471,S005,4,1750.94,787.92,7003.76,6215.84,1216.45,4865.8,1350.04,18.27,Apple Pay,E-commerce,Electronics,120596,,,,,Manual/source-system review required
T084373,2024-04-21 00:00:00.000000,C03950,P0210,S004,4,430.03,0.0,1720.12,1720.12,326.88,1307.52,412.6,23.99,Mada,Store,Home Appliances,120597,,,,,Manual/source-system review required
T057725,2025-05-30 00:00:00.000000,C02569,P0318,S005,5,344.57,206.74,1722.85,1516.11,254.16,1270.8,245.31,13.22,Cash,E-commerce,Beauty,120598,,,,,Manual/source-system review required
T096844,2024-05-07 00:00:00.000000,C00678,P0059,S005,2,624.31,31.22,1248.62,1217.4,437.45,874.9,342.5,26.24,Cash,E-commerce,Grocery,120599,,,,,Manual/source-system review required
T035395,2024-03-16 00:00:00.000000,C02046,P0417,S016,4,814.37,122.16,3257.48,3135.32,537.1,2148.4,986.92,30.58,Card,Store,Fashion,120600,,,,,Manual/source-system review required
T056185,2024-07-10 00:00:00.000000,C01903,P0193,S002,5,2156.06,0.0,10780.3,10780.3,1787.03,8935.15,1476.12,17.12,Mada,Store,Electronics,120601,,,,,Manual/source-system review required
T007862,2024-09-04 00:00:00.000000,C04902,P0194,S005,3,4241.46,1272.44,12724.38,11451.94,2769.05,8307.15,3144.79,23.19,Card,Store,Sports,120602,,,,,Manual/source-system review required
T002277,2024-07-31 00:00:00.000000,C01187,P0138,S007,3,3871.77,0.0,11615.31,11615.31,2940.5,8821.5,2793.81,24.05,Apple Pay,Store,Home & Living,120603,,,,,Manual/source-system review required
T061702,2024-02-19 00:00:00.000000,C00066,P0352,S012,5,3311.01,662.2,16555.05,15892.85,2896.05,14480.25,1412.6,7.93,Cash,Store,Home & Living,120604,,,,,Manual/source-system review required
T020892,2024-04-28 00:00:00.000000,C00557,P0378,S011,6,2294.01,2294.01,13764.06,11470.05,1578.79,9472.74,1997.31,13.97,Apple Pay,Store,Sports,120605,,,,,Manual/source-system review required
T084448,2025-08-23 00:00:00.000000,C02151,P0421,S007,6,2478.4,0.0,14870.4,14870.4,2005.59,12033.54,2836.86,19.08,Card,E-commerce,Fashion,120606,,,,,Manual/source-system review required
T118938,2024-07-31 00:00:00.000000,C00974,P0295,S013,4,4760.14,1428.04,19040.56,17612.52,2921.0,11684.0,5928.52,31.82,Card,E-commerce,Grocery,120607,,,,,Manual/source-system review required
T056545,2024-04-23 00:00:00.000000,C02610,P0126,S006,6,3470.14,3470.14,20820.84,17350.7,2311.58,13869.48,3481.22,16.73,STC Pay,Store,Electronics,120608,,,,,Manual/source-system review required
T097999,2024-03-05 00:00:00.000000,C01956,P0150,S018,2,3562.49,356.25,7124.98,6768.73,2687.72,5375.44,1393.29,16.17,Cash,Store,Grocery,120609,,,,,Manual/source-system review required
T053651,2025-07-06 00:00:00.000000,C03370,P0090,S019,3,3560.56,712.11,10681.68,9969.57,2256.83,6770.49,3199.08,29.57,Cash,Store,Electronics,120610,,,,,Manual/source-system review required
T102954,2024-06-15 00:00:00.000000,C02716,P0348,S015,3,463.16,0.0,1389.48,1389.48,353.52,1060.56,328.92,23.67,Mada,E-commerce,Sports,120611,,,,,Manual/source-system review required
T019844,2024-01-24 00:00:00.000000,C00582,P0311,S003,4,2298.21,344.73,9192.84,8848.11,1778.99,7115.96,1732.15,18.52,Apple Pay,Store,Home & Living,120612,,,,,Manual/source-system review required
T098306,2025-02-08 00:00:00.000000,C00701,P0204,S001,4,85.09,25.53,340.36,314.83,59.02,236.08,78.75,22.93,Card,Store,Beauty,120613,,,,,Manual/source-system review required
T009176,2024-04-09 00:00:00.000000,C04997,P0433,S020,4,956.06,0.0,3824.24,3824.24,760.77,3043.08,781.16,20.43,Mada,Store,Home & Living,120614,,,,,Manual/source-system review required
T025112,2025-08-21 00:00:00.000000,C00941,P0338,S016,6,3691.42,0.0,22148.52,22148.52,2914.76,17488.56,4659.96,21.04,Apple Pay,Store,Fashion,120615,,,,,Manual/source-system review required
T115727,2024-03-04 00:00:00.000000,C02356,P0191,S006,3,2132.04,639.61,6396.12,5756.51,1396.78,4190.34,1566.17,22.93,Card,Store,Home Appliances,120616,,,,,Manual/source-system review required
T063338,2025-02-22 00:00:00.000000,C02478,P0477,S005,5,1657.66,663.06,8288.3,7625.24,1168.42,5842.1,1783.14,21.68,Mada,Store,Home Appliances,120617,,,,,Manual/source-system review required
T019492,2025-05-27 00:00:00.000000,C04592,P0361,S006,4,2357.82,0.0,9431.28,9431.28,1960.67,7842.68,1588.6,16.84,Apple Pay,Store,Sports,120618,,,,,Manual/source-system review required
T069603,2025-10-11 00:00:00.000000,C03747,P0231,S008,2,2636.52,0.0,5273.04,5273.04,1906.63,3813.26,1459.78,27.68,STC Pay,Store,Fashion,120619,,,,,Manual/source-system review required
T050315,2025-01-20 00:00:00.000000,C01798,P0100,S017,3,2320.32,696.1,6960.96,6264.86,1646.83,4940.49,1324.37,16.5,Mada,E-commerce,Home Appliances,120620,,,,,Manual/source-system review required
T008194,2025-05-18 00:00:00.000000,C00214,P0206,S004,4,2154.17,646.25,8616.68,7970.43,1794.25,7177.0,793.43,7.45,Mada,Store,Fashion,120621,,,,,Manual/source-system review required
T070148,2025-08-12 00:00:00.000000,C04319,P0250,S008,2,3466.83,0.0,6933.66,6933.66,2390.12,4780.24,2153.42,31.06,Mada,E-commerce,Grocery,120622,,,,,Manual/source-system review required
T076783,2025-10-14 00:00:00.000000,C04211,P0433,S016,4,877.39,263.22,3509.56,3246.34,760.77,3043.08,203.26,3.66,Apple Pay,E-commerce,Home & Living,120623,,,,,Manual/source-system review required
T088809,2024-12-29 00:00:00.000000,C00269,P0115,S016,3,2032.06,0.0,6096.18,6096.18,1377.86,4133.58,1962.6,32.19,Apple Pay,Store,Beauty,120624,,,,,Manual/source-system review required
T030123,2025-02-01 00:00:00.000000,C00265,P0397,S020,6,3245.36,0.0,19472.16,19472.16,2684.69,16108.14,3364.02,17.28,Mada,Store,Home Appliances,120625,,,,,Manual/source-system review required
T030005,2024-06-19 00:00:00.000000,C04646,P0037,S014,2,2485.05,0.0,4970.1,4970.1,1942.61,3885.22,1084.88,21.83,Apple Pay,E-commerce,Electronics,120626,,,,,Manual/source-system review required
T115537,2024-11-22 00:00:00.000000,C04708,P0498,S011,4,2236.75,0.0,8947.0,8947.0,1838.47,7353.88,1593.12,17.81,Card,E-commerce,Fashion,120627,,,,,Manual/source-system review required
T033663,2025-05-24 00:00:00.000000,C02639,P0469,S013,2,693.44,0.0,1386.88,1386.88,497.01,994.02,392.86,28.33,Apple Pay,Store,Sports,120628,,,,,Manual/source-system review required
T070158,2024-10-15 00:00:00.000000,C02156,P0330,S007,4,1587.91,952.75,6351.64,5398.89,1221.72,4886.88,512.01,3.83,STC Pay,Store,Electronics,120629,,,,,Manual/source-system review required
T102551,2024-07-19 00:00:00.000000,C00064,P0271,S015,5,3724.03,744.81,18620.15,17875.34,2984.83,14924.15,2951.19,15.63,STC Pay,E-commerce,Fashion,120630,,,,,Manual/source-system review required
T112456,2024-01-16 00:00:00.000000,C02590,P0267,S015,2,1884.19,0.0,3768.38,3768.38,1216.71,2433.42,1334.96,35.43,STC Pay,Store,Home Appliances,120631,,,,,Manual/source-system review required
T106257,2024-02-01 00:00:00.000000,C02324,P0417,S009,4,816.56,122.48,3266.24,3143.76,537.1,2148.4,995.36,30.76,STC Pay,Store,Fashion,120632,,,,,Manual/source-system review required
T016899,2024-10-13 00:00:00.000000,C01958,P0205,S017,4,641.72,0.0,2566.88,2566.88,463.01,1852.04,714.84,27.85,Mada,E-commerce,Home Appliances,120633,,,,,Manual/source-system review required
T112443,2025-12-03 00:00:00.000000,C00724,P0321,S013,3,179.44,0.0,538.32,538.32,114.13,342.39,195.93,36.4,Apple Pay,Store,Beauty,120634,,,,,Manual/source-system review required
T084397,2025-06-27 00:00:00.000000,C01782,P0142,S017,6,170.42,170.42,1022.52,852.1,141.79,850.74,1.36,-4.0,Apple Pay,Store,Grocery,120635,,,,,Manual/source-system review required
T057562,2024-02-02 00:00:00.000000,C02918,P0129,S014,3,195.44,0.0,586.32,586.32,159.75,479.25,107.07,18.26,Card,Store,Grocery,120636,,,,,Manual/source-system review required
T005546,2024-05-16 00:00:00.000000,C02147,P0006,S010,4,1931.04,0.0,7724.16,7724.16,1711.75,6847.0,877.16,11.36,Card,E-commerce,Home Appliances,120637,,,,,Manual/source-system review required
T006210,2024-01-07 00:00:00.000000,C02387,P0329,S013,5,1377.8,275.56,6889.0,6613.44,1010.3,5051.5,1561.94,22.81,Cash,E-commerce,Grocery,120638,,,,,Manual/source-system review required
T093469,2025-11-11 00:00:00.000000,C03889,P0476,S011,5,1389.09,0.0,6945.45,6945.45,930.7,4653.5,2291.95,33.0,Card,Store,Sports,120639,,,,,Manual/source-system review required
T045809,2024-06-04 00:00:00.000000,C00668,P0004,S020,4,2782.87,417.43,11131.48,10714.05,1837.79,7351.16,3362.89,30.48,Cash,Store,Sports,120640,,,,,Manual/source-system review required
T078764,2025-08-28 00:00:00.000000,C00786,P0052,S017,4,2714.85,407.23,10859.4,10452.17,1942.41,7769.64,2682.53,24.69,Card,Store,Electronics,120641,,,,,Manual/source-system review required
T010194,2024-05-01 00:00:00.000000,C04227,P0147,S010,4,3726.4,1676.88,14905.6,13228.72,2422.48,9689.92,3538.8,23.52,Card,Store,Grocery,120642,,,,,Manual/source-system review required
T007636,2024-06-25 00:00:00.000000,C03035,P0059,S005,3,613.95,122.79,1841.85,1719.06,437.45,1312.35,406.71,20.83,Card,Store,Grocery,120643,,,,,Manual/source-system review required
T012737,2024-02-03 00:00:00.000000,C01903,P0277,S009,2,1111.09,0.0,2222.18,2222.18,858.55,1717.1,505.08,22.73,Card,Store,Home Appliances,120644,,,,,Manual/source-system review required
T062691,2024-07-10 00:00:00.000000,C04636,P0082,S011,6,144.61,108.46,867.66,759.2,99.0,594.0,165.2,19.46,Card,Store,Sports,120645,,,,,Manual/source-system review required
T005874,2024-11-14 00:00:00.000000,C03776,P0490,S018,4,3467.24,0.0,13868.96,13868.96,2225.16,8900.64,4968.32,35.82,Card,Store,Sports,120646,,,,,Manual/source-system review required
T060228,2025-04-17 00:00:00.000000,C01387,P0297,S002,3,1740.51,174.05,5221.53,5047.48,1128.06,3384.18,1663.3,31.78,Apple Pay,Store,Beauty,120647,,,,,Manual/source-system review required
T053720,2025-05-13 00:00:00.000000,C03114,P0289,S003,-8,1301.49,0.0,10411.92,10411.92,1142.55,9140.4,1271.52,12.21,Mada,Store,Grocery,120648,,,,,Manual/source-system review required
T071418,2025-02-12 00:00:00.000000,C01245,P0364,S012,3,3014.33,301.43,9042.99,8741.56,1958.52,5875.56,2866.0,31.61,STC Pay,Store,Fashion,120649,,,,,Manual/source-system review required
T071185,2025-10-04 00:00:00.000000,C02466,P0064,S003,4,1361.15,204.17,5444.6,5240.43,1027.23,4108.92,1131.51,20.56,Cash,Store,Sports,120650,,,,,Manual/source-system review required
T117684,2024-02-13 00:00:00.000000,C03086,P0310,S016,4,1745.43,785.44,6981.72,6196.28,1484.95,5939.8,256.48,-0.09,Apple Pay,E-commerce,Fashion,120651,,,,,Manual/source-system review required
T097918,2025-01-31 00:00:00.000000,C01677,P0044,S016,2,2290.08,0.0,4580.16,4580.16,1933.25,3866.5,713.66,15.58,Card,Store,Home & Living,120652,,,,,Manual/source-system review required
T093346,2024-12-13 00:00:00.000000,C01381,P0342,S017,5,1477.86,1182.29,7389.3,6207.01,989.07,4945.35,1261.66,16.34,Mada,Store,Electronics,120653,,,,,Manual/source-system review required
T117864,2024-01-20 00:00:00.000000,C04756,P0163,S007,5,3188.49,0.0,15942.45,15942.45,2012.56,10062.8,5879.65,36.88,Mada,Store,Grocery,120654,,,,,Manual/source-system review required
T017204,2025-06-08 00:00:00.000000,C04003,P0252,S011,2,2339.92,117.0,4679.84,4562.84,1690.82,3381.64,1181.2,23.94,Mada,Store,Grocery,120655,,,,,Manual/source-system review required
T080332,2024-05-26 00:00:00.000000,C03977,P0297,S014,3,1770.1,177.01,5310.3,5133.29,1128.06,3384.18,1749.11,32.92,Card,Store,Beauty,120656,,,,,Manual/source-system review required
T098029,2024-01-11 00:00:00.000000,C03057,P0115,S004,2,2019.51,100.98,4039.02,3938.04,1377.86,2755.72,1182.32,28.18,Card,Store,Beauty,120657,,,,,Manual/source-system review required
T027115,2024-05-26 00:00:00.000000,C00625,P0447,S012,5,190.87,38.17,954.35,916.18,133.31,666.55,249.63,26.48,Apple Pay,Store,Home Appliances,120658,,,,,Manual/source-system review required
T073954,2025-12-26 00:00:00.000000,C04683,P0141,S002,3,3628.28,725.66,10884.84,10159.18,2692.43,8077.29,2081.89,17.55,Cash,E-commerce,Electronics,120659,,,,,Manual/source-system review required
T056471,2025-07-07 00:00:00.000000,C00306,P0154,S004,4,3126.36,468.95,12505.44,12036.49,2043.72,8174.88,3861.61,31.19,Mada,Store,Grocery,120660,,,,,Manual/source-system review required
T070398,2025-10-13 00:00:00.000000,C00899,P0088,S019,3,2294.17,0.0,6882.51,6882.51,1498.19,4494.57,2387.94,34.7,Apple Pay,Store,Electronics,120661,,,,,Manual/source-system review required
T081986,2025-06-17 00:00:00.000000,C04641,P0273,S001,3,2921.21,584.24,8763.63,8179.39,1876.35,5629.05,2550.34,28.63,Mada,E-commerce,Electronics,120662,,,,,Manual/source-system review required
T022287,2024-05-25 00:00:00.000000,C03041,P0053,S005,3,2729.67,545.93,8189.01,7643.08,2172.91,6518.73,1124.35,11.55,Cash,Store,Electronics,120663,,,,,Manual/source-system review required
T029916,2025-10-06 00:00:00.000000,C02458,P0121,S014,5,1793.88,0.0,8969.4,8969.4,1245.54,6227.7,2741.7,30.57,Card,Store,Beauty,120664,,,,,Manual/source-system review required
T102843,2025-03-14 00:00:00.000000,C02353,P0338,S011,4,3681.29,0.0,14725.16,14725.16,2914.76,11659.04,3066.12,20.82,Mada,Store,Fashion,120665,,,,,Manual/source-system review required
T052051,2025-03-08 00:00:00.000000,C02183,P0033,S002,4,1113.15,0.0,4452.6,4452.6,741.64,2966.56,1486.04,33.37,Mada,Store,Beauty,120666,,,,,Manual/source-system review required
T075047,2025-06-10 00:00:00.000000,C04975,P0069,S010,3,2398.87,0.0,7196.61,7196.61,1631.09,4893.27,2303.34,32.01,Mada,E-commerce,Home Appliances,120667,,,,,Manual/source-system review required
T026566,2024-02-01 00:00:00.000000,C02957,P0231,S018,3,2540.59,254.06,7621.77,7367.71,1906.63,5719.89,1647.82,21.0,Card,E-commerce,Fashion,120668,,,,,Manual/source-system review required
T016927,2024-10-02 00:00:00.000000,C04619,P0012,S019,5,3110.75,17223.84,15553.75,14309.45,2139.8,10699.0,3610.45,23.57,STC Pay,Store,Beauty,120669,,,,,Manual/source-system review required
T016952,2025-11-25 00:00:00.000000,C02273,P0234,S010,5,1032.71,0.0,5163.55,5163.55,751.14,3755.7,1407.85,27.27,Mada,Store,Home & Living,120670,,,,,Manual/source-system review required
T113692,2024-04-16 00:00:00.000000,C02467,P0423,S013,4,4341.57,0.0,17366.28,17366.28,2810.62,11242.48,6123.8,35.26,Card,Store,Beauty,120671,,,,,Manual/source-system review required
T009904,2024-01-26 00:00:00.000000,C00226,P0401,S002,5,662.55,0.0,3312.75,3312.75,587.17,2935.85,376.9,11.38,Mada,Store,Beauty,120672,,,,,Manual/source-system review required
T106815,2024-11-10 00:00:00.000000,C00238,P0228,S004,3,1862.95,186.3,5588.85,5402.55,1504.31,4512.93,889.62,15.0,Apple Pay,Store,Home & Living,120673,,,,,Manual/source-system review required
T054149,2025-11-01 00:00:00.000000,C04888,P0308,S014,4,2691.82,0.0,10767.28,10767.28,1857.62,7430.48,3336.8,30.99,Card,Store,Beauty,120674,,,,,Manual/source-system review required
T047735,2025-08-15 00:00:00.000000,C02759,P0399,S016,3,2403.52,240.35,7210.56,6970.21,2015.42,6046.26,923.95,11.73,Mada,Store,Beauty,120675,,,,,Manual/source-system review required
T089825,2024-05-17 00:00:00.000000,C04038,P0180,S017,4,1601.7,240.26,6406.8,6166.54,1164.0,4656.0,1510.54,23.5,Card,Store,Grocery,120676,,,,,Manual/source-system review required
T014795,2024-05-23 00:00:00.000000,C01002,P0100,S003,2,2411.53,120.58,4823.06,4702.48,1646.83,3293.66,1408.82,28.12,Cash,Store,Home Appliances,120677,,,,,Manual/source-system review required
T035268,2024-11-25 00:00:00.000000,C04835,P0138,S012,2,3998.06,0.0,7996.12,7996.12,2940.5,5881.0,2115.12,26.45,Apple Pay,E-commerce,Home & Living,120678,,,,,Manual/source-system review required
T047154,2024-03-11 00:00:00.000000,C00962,P0337,S014,3,3117.92,311.79,9353.76,9041.97,2332.48,6997.44,2044.53,21.25,Apple Pay,E-commerce,Sports,120679,,,,,Manual/source-system review required
T008393,2025-04-06 00:00:00.000000,C02205,P0295,S010,4,4437.36,0.0,17749.44,17749.44,2921.0,11684.0,6065.44,34.17,STC Pay,Store,Grocery,120680,,,,,Manual/source-system review required
T002089,2024-08-16 00:00:00.000000,C03210,P0286,S005,4,-521.78,104.36,2087.12,1982.76,404.03,1616.12,366.64,18.49,Card,Store,Grocery,2089,-521.78,,,,Manual/source-system review required
T003795,2024-02-11 00:00:00.000000,C04838,P0050,S020,3,-385.86,57.88,1157.58,1099.7,299.15,897.45,202.25,18.39,Mada,Store,Grocery,3795,-385.86,,,,Manual/source-system review required
T005505,2025-12-22 00:00:00.000000,C00106,P0498,S007,1,-2269.62,0.0,2269.62,2269.62,1838.47,1838.47,431.15,19.0,STC Pay,E-commerce,Fashion,5505,-2269.62,,,,Manual/source-system review required
T006130,2025-11-20 00:00:00.000000,C02937,P0320,S003,2,-628.27,62.83,1256.54,1193.71,519.1,1038.2,155.51,13.03,Mada,Store,Sports,6130,-628.27,,,,Manual/source-system review required
T007276,2024-11-21 00:00:00.000000,C03016,P0278,S006,1,-3060.56,153.03,3060.56,2907.53,2175.79,2175.79,731.74,25.17,Apple Pay,Store,Home Appliances,7276,-3060.56,,,,Manual/source-system review required
T008058,2024-05-24 00:00:00.000000,C04919,P0413,S008,3,-3789.18,568.38,11367.54,10799.16,2759.79,8279.37,2519.79,23.33,Apple Pay,Store,Grocery,8058,-3789.18,,,,Manual/source-system review required
T011936,2024-09-28 00:00:00.000000,C01796,P0088,S004,3,-2146.75,7657.12,6440.25,6440.25,1498.19,4494.57,1945.68,30.21,Card,Store,Electronics,11936,-2146.75,,,,Manual/source-system review required
T012034,2024-12-11 00:00:00.000000,C00426,P0012,S012,4,-3072.58,2458.06,12290.32,9832.26,2139.8,8559.2,1273.06,12.95,Cash,E-commerce,Beauty,12034,-3072.58,,,,Manual/source-system review required
T012938,2025-07-22 00:00:00.000000,C04559,P0276,S014,1,-3635.54,0.0,3635.54,3635.54,2432.36,2432.36,1203.18,33.09,Card,E-commerce,Electronics,12938,-3635.54,,,,Manual/source-system review required
T013359,2024-06-26 00:00:00.000000,C03005,P0072,S011,3,-2765.06,0.0,8295.18,8295.18,2094.0,6282.0,2013.18,24.27,Card,E-commerce,Home & Living,13359,-2765.06,,,,Manual/source-system review required
T013681,2024-07-12 00:00:00.000000,C00495,P0379,S019,4,-2067.08,413.42,8268.32,7854.9,1751.18,7004.72,850.18,10.82,Card,Store,Sports,13681,-2067.08,,,,Manual/source-system review required
T014905,2024-12-12 00:00:00.000000,C04813,P0462,S014,3,-2433.65,365.05,7300.95,6935.9,1641.17,4923.51,2012.39,29.01,Apple Pay,Store,Home Appliances,14905,-2433.65,,,,Manual/source-system review required
T015360,2025-03-29 00:00:00.000000,C03275,P0186,S008,1,-2880.56,144.03,2880.56,2736.53,2467.35,2467.35,269.18,9.84,Mada,Store,Fashion,15360,-2880.56,,,,Manual/source-system review required
T015823,2024-11-26 00:00:00.000000,C03011,P0426,S015,4,-2424.68,0.0,9698.72,9698.72,1866.1,7464.4,2234.32,23.04,Card,Store,Beauty,15823,-2424.68,,,,Manual/source-system review required
T017791,2024-11-29 00:00:00.000000,C00768,P0221,S020,1,-1152.29,0.0,1152.29,1152.29,818.83,818.83,333.46,28.94,Mada,Store,Electronics,17791,-1152.29,,,,Manual/source-system review required
T018632,2024-09-21 00:00:00.000000,C03354,P0425,S003,2,-741.06,222.32,1482.12,1259.8,591.51,1183.02,76.78,6.09,Cash,Store,Grocery,18632,-741.06,,,,Manual/source-system review required
T019540,2025-02-17 00:00:00.000000,C00789,P0231,S003,2,-2508.87,0.0,5017.74,5017.74,1906.63,3813.26,1204.48,24.0,Mada,E-commerce,Fashion,19540,-2508.87,,,,Manual/source-system review required
T020359,2025-11-17 00:00:00.000000,C00214,P0206,S006,3,-2050.52,615.16,6151.56,5536.4,1794.25,5382.75,153.65,2.78,Card,Store,Fashion,20359,-2050.52,,,,Manual/source-system review required
T020450,2024-10-26 00:00:00.000000,C01466,P0376,S016,5,-1129.05,282.26,5645.25,5362.99,745.58,3727.9,1635.09,30.49,Apple Pay,Store,Home & Living,20450,-1129.05,,,,Manual/source-system review required
T020999,2025-02-17 00:00:00.000000,C01105,P0299,S009,3,-1672.49,250.87,5017.47,4766.6,1365.13,4095.39,671.21,14.08,Card,E-commerce,Electronics,20999,-1672.49,,,,Manual/source-system review required
T021139,2025-04-22 00:00:00.000000,C01576,P0065,S014,2,-180.1,0.0,360.2,360.2,127.11,254.22,105.98,29.42,STC Pay,Store,Electronics,21139,-180.1,,,,Manual/source-system review required
T022036,2025-05-10 00:00:00.000000,C04628,P0027,S004,1,-925.56,0.0,925.56,925.56,671.92,671.92,253.64,27.4,STC Pay,E-commerce,Sports,22036,-925.56,,,,Manual/source-system review required
T022373,2024-11-20 00:00:00.000000,C00229,P0392,S003,1,-2015.04,302.26,2015.04,1712.78,1649.16,1649.16,63.62,3.71,Card,Store,Sports,22373,-2015.04,,,,Manual/source-system review required
T022654,2024-02-01 00:00:00.000000,C01141,P0108,S005,6,-518.34,311.0,3110.04,2799.04,370.23,2221.38,577.66,20.64,Card,Store,Home & Living,22654,-518.34,,,,Manual/source-system review required
T022812,2025-07-01 00:00:00.000000,C04570,P0361,S015,1,-2362.33,118.12,2362.33,2244.21,1960.67,1960.67,283.54,12.63,STC Pay,Store,Sports,22812,-2362.33,,,,Manual/source-system review required
T023288,2024-11-01 00:00:00.000000,C04316,P0469,S017,1,-668.19,0.0,668.19,668.19,497.01,497.01,171.18,25.62,Card,Store,Sports,23288,-668.19,,,,Manual/source-system review required
T023850,2025-02-24 00:00:00.000000,C03765,P0101,S013,1,-3400.34,340.03,3400.34,3060.31,2289.3,2289.3,771.01,25.19,Mada,Store,Sports,23850,-3400.34,,,,Manual/source-system review required
T023957,2025-08-19 00:00:00.000000,C00370,P0193,S018,2,-2105.21,210.52,4210.42,3999.9,1787.03,3574.06,425.84,10.65,Apple Pay,E-commerce,Electronics,23957,-2105.21,,,,Manual/source-system review required
T025996,2024-07-19 00:00:00.000000,C03691,P0231,S006,4,-2533.06,0.0,10132.24,10132.24,1906.63,7626.52,2505.72,24.73,Apple Pay,E-commerce,Fashion,25996,-2533.06,,,,Manual/source-system review required
T027099,2024-12-22 00:00:00.000000,C04049,P0016,S001,3,-4644.91,1393.47,13934.73,12541.26,2915.7,8747.1,3794.16,30.25,Card,Store,Electronics,27099,-4644.91,,,,Manual/source-system review required
T027489,2025-03-09 00:00:00.000000,C02274,P0400,S010,2,-2663.97,532.79,5327.94,4795.15,1786.58,3573.16,1221.99,25.48,Card,Store,Home & Living,27489,-2663.97,,,,Manual/source-system review required
T027564,2024-01-24 00:00:00.000000,C01339,P0466,S012,2,-3778.53,0.0,7557.06,7557.06,2525.3,5050.6,2506.46,33.17,Cash,Store,Grocery,27564,-3778.53,,,,Manual/source-system review required
T029006,2025-06-22 00:00:00.000000,C04480,P0214,S008,2,-2859.74,0.0,5719.48,5719.48,2403.75,4807.5,911.98,15.95,Mada,Store,Fashion,29006,-2859.74,,,,Manual/source-system review required
T029972,2024-11-12 00:00:00.000000,C01509,P0074,S009,2,-4411.3,0.0,8822.6,8822.6,2865.5,5731.0,3091.6,35.04,Card,Store,Fashion,29972,-4411.3,,,,Manual/source-system review required
T032887,2024-02-02 00:00:00.000000,C03610,P0239,S007,2,-2665.21,533.04,5330.42,4797.38,1877.53,3755.06,1042.32,21.73,Cash,Store,Beauty,32887,-2665.21,,,,Manual/source-system review required
T032996,2024-04-17 00:00:00.000000,C02988,P0224,S006,4,-785.91,314.36,3143.64,2829.28,562.68,2250.72,578.56,20.45,Mada,Store,Sports,32996,-785.91,,,,Manual/source-system review required
T033388,2024-09-01 00:00:00.000000,C01804,P0095,S001,2,-3080.73,616.15,6161.46,5545.31,2718.04,5436.08,109.23,1.97,STC Pay,E-commerce,Electronics,33388,-3080.73,,,,Manual/source-system review required
T034108,2025-09-18 00:00:00.000000,C04621,P0090,S005,5,-3478.81,0.0,17394.05,17394.05,2256.83,11284.15,6109.9,35.13,Cash,Store,Electronics,34108,-3478.81,,,,Manual/source-system review required
T034110,2024-08-25 00:00:00.000000,C00376,P0025,S018,4,-56.03,22.41,224.12,201.71,40.72,162.88,38.83,19.25,Mada,E-commerce,Beauty,34110,-56.03,,,,Manual/source-system review required
T035151,2024-01-03 00:00:00.000000,C02842,P0483,S004,4,-1235.0,0.0,4940.0,4940.0,824.07,3296.28,1643.72,33.27,Card,E-commerce,Electronics,35151,-1235.0,,,,Manual/source-system review required
T036383,2024-05-12 00:00:00.000000,C00136,P0427,S020,2,-372.67,74.53,745.34,670.81,242.4,484.8,186.01,27.73,Card,Store,Grocery,36383,-372.67,,,,Manual/source-system review required
T037209,2025-08-15 00:00:00.000000,C02296,P0427,S008,5,-376.63,0.0,1883.15,1883.15,242.4,1212.0,671.15,35.64,Card,E-commerce,Grocery,37209,-376.63,,,,Manual/source-system review required
T038662,2025-02-20 00:00:00.000000,C02273,P0178,S017,3,-1557.82,467.35,4673.46,4206.11,1143.29,3429.87,776.24,18.46,Apple Pay,Store,Fashion,38662,-1557.82,,,,Manual/source-system review required
T039245,2025-03-28 00:00:00.000000,C01501,P0302,S014,2,-4528.58,0.0,9057.16,9057.16,2894.27,5788.54,3268.62,36.09,Mada,Store,Home & Living,39245,-4528.58,,,,Manual/source-system review required
T039584,2025-10-09 00:00:00.000000,C02037,P0191,S006,5,-2141.66,1070.83,10708.3,9637.47,1396.78,6983.9,2653.57,27.53,Card,E-commerce,Home Appliances,39584,-2141.66,,,,Manual/source-system review required
T041934,2025-09-01 00:00:00.000000,C01350,P0054,S009,3,-856.32,0.0,2568.96,2568.96,547.79,1643.37,925.59,36.03,STC Pay,E-commerce,Electronics,41934,-856.32,,,,Manual/source-system review required
T042184,2024-12-21 00:00:00.000000,C00443,P0055,S018,4,-1313.43,262.69,5253.72,4991.03,1123.07,4492.28,498.75,9.99,Cash,E-commerce,Sports,42184,-1313.43,,,,Manual/source-system review required
T043161,2024-04-28 00:00:00.000000,C03457,P0073,S008,3,-2318.34,0.0,6955.02,6955.02,1656.7,4970.1,1984.92,28.54,Apple Pay,E-commerce,Electronics,43161,-2318.34,,,,Manual/source-system review required
T044551,2025-11-29 00:00:00.000000,C02843,P0200,S017,5,-486.24,0.0,2431.2,2431.2,360.52,1802.6,628.6,25.86,Cash,Store,Home & Living,44551,-486.24,,,,Manual/source-system review required
T044740,2024-12-28 00:00:00.000000,C03886,P0050,S017,4,-404.06,161.62,1616.24,1454.62,299.15,1196.6,258.02,17.74,Apple Pay,E-commerce,Grocery,44740,-404.06,,,,Manual/source-system review required
T045112,2024-09-14 00:00:00.000000,C03926,P0072,S019,2,-2914.97,0.0,5829.94,5829.94,2094.0,4188.0,1641.94,28.16,Mada,Store,Home & Living,45112,-2914.97,,,,Manual/source-system review required
T045600,2025-01-12 00:00:00.000000,C02300,P0364,S014,4,-2902.42,1741.45,11609.68,9868.23,1958.52,7834.08,2034.15,20.61,Cash,Store,Fashion,45600,-2902.42,,,,Manual/source-system review required
T046151,2025-10-17 00:00:00.000000,C01572,P0358,S014,5,-2130.84,0.0,10654.2,10654.2,1501.58,7507.9,3146.3,29.53,Mada,Store,Beauty,46151,-2130.84,,,,Manual/source-system review required
T046667,2025-12-08 00:00:00.000000,C03477,P0080,S008,5,-1571.15,1571.15,7855.75,6284.6,1136.35,5681.75,602.85,9.59,Mada,Store,Electronics,46667,-1571.15,,,,Manual/source-system review required
T046952,2024-03-24 00:00:00.000000,C04378,P0350,S009,2,-2168.34,0.0,4336.68,4336.68,1367.55,2735.1,1601.58,36.93,Mada,Store,Electronics,46952,-2168.34,,,,Manual/source-system review required
T047679,2025-07-03 00:00:00.000000,C01357,P0310,S004,3,-1676.71,0.0,5030.13,5030.13,1484.95,4454.85,575.28,11.44,Apple Pay,Store,Fashion,47679,-1676.71,,,,Manual/source-system review required
T050855,2025-09-30 00:00:00.000000,C01759,P0389,S015,2,-2749.64,0.0,5499.28,5499.28,2304.64,4609.28,890.0,16.18,Cash,Store,Fashion,50855,-2749.64,,,,Manual/source-system review required
T050990,2024-09-16 00:00:00.000000,C02119,P0350,S007,3,-2050.09,0.0,6150.27,6150.27,1367.55,4102.65,2047.62,33.29,Mada,Store,Electronics,50990,-2050.09,,,,Manual/source-system review required
T051275,2025-05-03 00:00:00.000000,C04396,P0091,S009,2,-490.03,0.0,980.06,980.06,400.52,801.04,179.02,18.27,Mada,Store,Grocery,51275,-490.03,,,,Manual/source-system review required
T051639,2024-05-20 00:00:00.000000,C03007,P0457,S019,2,-2540.76,254.08,5081.52,4827.44,1755.62,3511.24,1052.96,27.26,Cash,E-commerce,Electronics,51639,-2540.76,,,,Manual/source-system review required
T052410,2025-10-30 00:00:00.000000,C01230,P0419,S005,2,-2208.65,0.0,4417.3,4417.3,1826.99,3653.98,763.32,17.28,Card,E-commerce,Home & Living,52410,-2208.65,,,,Manual/source-system review required
T052464,2024-11-15 00:00:00.000000,C02065,P0212,S010,2,-706.77,1803.21,1413.54,1201.51,485.33,970.66,230.85,19.21,Apple Pay,Store,Electronics,52464,-706.77,,,,Manual/source-system review required
T052649,2024-07-13 00:00:00.000000,C00041,P0350,S012,6,-2076.69,0.0,12460.14,12460.14,1367.55,8205.3,4254.84,34.15,Mada,Store,Electronics,52649,-2076.69,,,,Manual/source-system review required
T055003,2025-03-14 00:00:00.000000,C00454,P0067,S006,4,-532.32,106.46,2129.28,2022.82,398.64,1594.56,428.26,21.17,Cash,Store,Home Appliances,55003,-532.32,,,,Manual/source-system review required
T055455,2024-07-07 00:00:00.000000,C01888,P0427,S019,3,-366.98,110.09,1100.94,990.85,242.4,727.2,263.65,26.61,Card,Store,Grocery,55455,-366.98,,,,Manual/source-system review required
T056558,2024-02-25 00:00:00.000000,C00079,P0499,S013,2,-3507.12,701.42,7014.24,6312.82,2870.71,5741.42,571.4,9.05,Mada,Store,Home & Living,56558,-3507.12,,,,Manual/source-system review required
T057350,2025-12-15 00:00:00.000000,C04422,P0264,S017,2,-2511.22,251.12,5022.44,4771.32,2045.35,4090.7,680.62,14.26,Card,E-commerce,Fashion,57350,-2511.22,,,,Manual/source-system review required
T057628,2025-05-17 00:00:00.000000,C02516,P0412,S020,5,-1316.75,0.0,6583.75,6583.75,853.52,4267.6,2316.15,35.18,Card,Store,Beauty,57628,-1316.75,,,,Manual/source-system review required
T057730,2025-06-26 00:00:00.000000,C03547,P0245,S007,2,-3267.25,653.45,6534.5,5881.05,2202.03,4404.06,1476.99,25.11,Card,E-commerce,Beauty,57730,-3267.25,,,,Manual/source-system review required
T058632,2025-11-28 00:00:00.000000,C03350,P0326,S004,6,-2076.16,622.85,12456.96,11834.11,1448.25,8689.5,3144.61,26.57,Card,Store,Beauty,58632,-2076.16,,,,Manual/source-system review required
T059091,2025-01-03 00:00:00.000000,C03013,P0109,S005,5,-931.24,931.24,4656.2,3724.96,727.77,3638.85,86.11,2.31,Mada,E-commerce,Electronics,59091,-931.24,,,,Manual/source-system review required
T059618,2024-06-15 00:00:00.000000,C03342,P0443,S017,2,-219.15,0.0,438.3,438.3,134.51,269.02,169.28,38.62,Card,Store,Electronics,59618,-219.15,,,,Manual/source-system review required
T059998,2025-06-02 00:00:00.000000,C02303,P0319,S002,4,-923.41,554.05,3693.64,3139.59,618.56,2474.24,665.35,21.19,STC Pay,Store,Electronics,59998,-923.41,,,,Manual/source-system review required
T061009,2024-02-08 00:00:00.000000,C02673,P0374,S009,3,-3574.44,0.0,10723.32,10723.32,2442.7,7328.1,3395.22,31.66,Mada,Store,Sports,61009,-3574.44,,,,Manual/source-system review required
T061271,2024-02-20 00:00:00.000000,C00446,P0338,S012,5,-3728.79,1864.4,18643.95,16779.55,2914.76,14573.8,2205.75,13.15,Mada,Store,Fashion,61271,-3728.79,,,,Manual/source-system review required
T061806,2025-02-18 00:00:00.000000,C02635,P0388,S012,3,-3339.04,0.0,10017.12,10017.12,2471.39,7414.17,2602.95,25.99,Mada,Store,Electronics,61806,-3339.04,,,,Manual/source-system review required
T062639,2025-10-22 00:00:00.000000,C02916,P0356,S008,5,-2577.95,0.0,12889.75,12889.75,2197.87,10989.35,1900.4,14.74,Cash,Store,Grocery,62639,-2577.95,,,,Manual/source-system review required
T063876,2024-11-28 00:00:00.000000,C03580,P0484,S004,5,-3079.36,0.0,15396.8,15396.8,2092.34,10461.7,4935.1,32.05,Mada,E-commerce,Grocery,63876,-3079.36,,,,Manual/source-system review required
T064029,2025-05-27 00:00:00.000000,C03401,P0402,S017,5,-2537.85,1268.93,12689.25,11420.32,1682.19,8410.95,3009.37,26.35,Cash,E-commerce,Beauty,64029,-2537.85,,,,Manual/source-system review required
T064228,2025-05-17 00:00:00.000000,C04549,P0037,S011,3,-2465.52,369.83,7396.56,7026.73,1942.61,5827.83,1198.9,17.06,Mada,E-commerce,Electronics,64228,-2465.52,,,,Manual/source-system review required
T065148,2025-08-21 00:00:00.000000,C02643,P0211,S020,3,-1192.98,178.95,3578.94,3399.99,826.82,2480.46,919.53,27.05,Cash,Store,Home Appliances,65148,-1192.98,,,,Manual/source-system review required
T066403,2025-11-05 00:00:00.000000,C00932,P0179,S016,2,-1927.97,0.0,3855.94,3855.94,1327.46,2654.92,1201.02,31.15,Cash,E-commerce,Home Appliances,66403,-1927.97,,,,Manual/source-system review required
T067952,2024-03-09 00:00:00.000000,C03025,P0022,S004,2,-3085.35,617.07,6170.7,5553.63,2414.94,4829.88,723.75,13.03,Card,E-commerce,Home & Living,67952,-3085.35,,,,Manual/source-system review required
T070992,2025-08-07 00:00:00.000000,C02358,P0293,S013,2,-2588.26,517.65,5176.52,4658.87,2130.35,4260.7,398.17,8.55,Card,E-commerce,Electronics,70992,-2588.26,,,,Manual/source-system review required
T071499,2024-02-25 00:00:00.000000,C00321,P0319,S011,3,-899.22,134.88,2697.66,2562.78,618.56,1855.68,707.1,27.59,STC Pay,Store,Electronics,71499,-899.22,,,,Manual/source-system review required
T072097,2024-01-21 00:00:00.000000,C03587,P0109,S009,4,-930.15,372.06,3720.6,3348.54,727.77,2911.08,437.46,13.06,Card,Store,Electronics,72097,-930.15,,,,Manual/source-system review required
T072135,2024-10-19 00:00:00.000000,C03095,P0048,S012,5,-96.35,24.09,481.75,457.66,73.86,369.3,88.36,19.31,Mada,E-commerce,Fashion,72135,-96.35,,,,Manual/source-system review required
T072261,2025-01-03 00:00:00.000000,C04685,P0405,S018,4,-1530.47,918.28,6121.88,5203.6,916.54,3666.16,1537.44,29.55,Card,E-commerce,Sports,72261,-1530.47,,,,Manual/source-system review required
T073698,2024-03-12 00:00:00.000000,C04029,P0352,S001,2,-3230.24,323.02,6460.48,6137.46,2896.05,5792.1,345.36,5.63,Mada,Store,Home & Living,73698,-3230.24,,,,Manual/source-system review required
T074308,2024-12-11 00:00:00.000000,C04168,P0429,S003,3,-893.41,0.0,2680.23,2680.23,702.11,2106.33,573.9,21.41,Cash,E-commerce,Electronics,74308,-893.41,,,,Manual/source-system review required
T074841,2024-03-17 00:00:00.000000,C00222,P0166,S007,3,-496.02,0.0,1488.06,1488.06,362.21,1086.63,401.43,26.98,Card,E-commerce,Home & Living,74841,-496.02,,,,Manual/source-system review required
T075621,2025-12-13 00:00:00.000000,C02620,P0135,S004,2,-2315.62,694.69,4631.24,3936.55,1651.39,3302.78,633.77,16.1,Cash,E-commerce,Grocery,75621,-2315.62,,,,Manual/source-system review required
T075884,2025-07-08 00:00:00.000000,C01784,P0337,S015,5,-3103.4,775.85,15517.0,14741.15,2332.48,11662.4,3078.75,20.89,Mada,Store,Sports,75884,-3103.4,,,,Manual/source-system review required
T076113,2024-09-06 00:00:00.000000,C00076,P0029,S011,3,-1143.9,0.0,3431.7,3431.7,916.62,2749.86,681.84,19.87,Card,Store,Home Appliances,76113,-1143.9,,,,Manual/source-system review required
T076886,2024-09-19 00:00:00.000000,C01381,P0218,S019,6,-355.93,0.0,2135.58,2135.58,274.82,1648.92,486.66,22.79,Apple Pay,Store,Grocery,76886,-355.93,,,,Manual/source-system review required
T076939,2025-08-06 00:00:00.000000,C00871,P0324,S010,2,-3179.71,317.97,6359.42,6041.45,2355.82,4711.64,1329.81,22.01,Card,Store,Electronics,76939,-3179.71,,,,Manual/source-system review required
T078171,2025-07-30 00:00:00.000000,C01836,P0139,S010,5,-885.6,0.0,4428.0,4428.0,735.63,3678.15,749.85,16.93,STC Pay,E-commerce,Beauty,78171,-885.6,,,,Manual/source-system review required
T078739,2024-05-13 00:00:00.000000,C01686,P0427,S011,5,-345.98,0.0,1729.9,1729.9,242.4,1212.0,517.9,29.94,Apple Pay,Store,Grocery,78739,-345.98,,,,Manual/source-system review required
T079911,2024-08-19 00:00:00.000000,C00719,P0474,S001,4,-3726.58,0.0,14906.32,14906.32,2523.09,10092.36,4813.96,32.29,Mada,E-commerce,Home & Living,79911,-3726.58,,,,Manual/source-system review required
T081037,2025-02-23 00:00:00.000000,C00287,P0014,S011,5,-1139.95,284.99,5699.75,5414.76,1006.08,5030.4,384.36,7.1,Apple Pay,Store,Fashion,81037,-1139.95,,,,Manual/source-system review required
T081110,2025-09-07 00:00:00.000000,C03678,P0127,S002,3,-937.35,140.6,2812.05,2671.45,738.43,2215.29,456.16,17.08,Card,Store,Fashion,81110,-937.35,,,,Manual/source-system review required
T085026,2025-12-28 00:00:00.000000,C01760,P0158,S020,4,-3284.0,2627.2,13136.0,10508.8,2802.4,11209.6,-700.8,-6.67,Mada,Store,Beauty,85026,-3284.0,,,,Manual/source-system review required
T085331,2025-09-29 00:00:00.000000,C01182,P0206,S011,5,-2147.23,0.0,10736.15,10736.15,1794.25,8971.25,1764.9,16.44,Cash,Store,Fashion,85331,-2147.23,,,,Manual/source-system review required
T085450,2024-03-05 00:00:00.000000,C01679,P0020,S019,3,-799.96,239.99,2399.88,2159.89,701.82,2105.46,54.43,2.52,STC Pay,E-commerce,Home Appliances,85450,-799.96,,,,Manual/source-system review required
T086211,2025-12-28 00:00:00.000000,C01673,P0397,S019,4,-3201.9,0.0,12807.6,12807.6,2684.69,10738.76,2068.84,16.15,Apple Pay,Store,Home Appliances,86211,-3201.9,,,,Manual/source-system review required
T086490,2025-08-06 00:00:00.000000,C03896,P0243,S001,3,-1475.67,221.35,4427.01,4205.66,957.5,2872.5,1333.16,31.7,Cash,E-commerce,Electronics,86490,-1475.67,,,,Manual/source-system review required
T086782,2024-01-16 00:00:00.000000,C00104,P0217,S007,4,-1631.06,0.0,6524.24,6524.24,1231.05,4924.2,1600.04,24.52,Cash,Store,Home Appliances,86782,-1631.06,,,,Manual/source-system review required
T086789,2024-12-29 00:00:00.000000,C02065,P0046,S001,2,-3606.66,0.0,7213.32,7213.32,2921.52,5843.04,1370.28,19.0,STC Pay,Store,Sports,86789,-3606.66,,,,Manual/source-system review required
T087028,2024-08-17 00:00:00.000000,C03462,P0082,S001,1,-146.28,0.0,146.28,146.28,99.0,99.0,47.28,32.32,Apple Pay,Store,Sports,87028,-146.28,,,,Manual/source-system review required
T087800,2025-04-02 00:00:00.000000,C03503,P0244,S003,2,-2982.98,894.89,5965.96,5071.07,2077.87,4155.74,915.33,18.05,STC Pay,Store,Grocery,87800,-2982.98,,,,Manual/source-system review required
T088366,2025-09-25 00:00:00.000000,C03565,P0010,S006,2,-2731.98,819.59,5463.96,4644.37,2410.55,4821.1,-176.73,-3.81,Mada,E-commerce,Beauty,88366,-2731.98,,,,Manual/source-system review required
T088498,2024-09-21 00:00:00.000000,C03938,P0232,S004,1,-1900.03,190.0,1900.03,1710.03,1225.06,1225.06,484.97,28.36,Mada,Store,Fashion,88498,-1900.03,,,,Manual/source-system review required
T088852,2025-07-21 00:00:00.000000,C01601,P0414,S011,4,-1576.07,0.0,6304.28,6304.28,1185.31,4741.24,1563.04,24.79,Mada,Store,Home & Living,88852,-1576.07,,,,Manual/source-system review required
T089897,2024-10-02 00:00:00.000000,C03279,P0441,S006,4,-509.48,203.79,2037.92,1834.13,416.77,1667.08,167.05,9.11,Apple Pay,Store,Home & Living,89897,-509.48,,,,Manual/source-system review required
T090153,2025-01-27 00:00:00.000000,C04536,P0348,S013,1,-454.39,68.16,454.39,386.23,353.52,353.52,32.71,8.47,Card,E-commerce,Sports,90153,-454.39,,,,Manual/source-system review required
T090163,2025-09-11 00:00:00.000000,C03005,P0464,S002,2,-2989.01,0.0,5978.02,5978.02,2264.5,4529.0,1449.02,24.24,Card,Store,Beauty,90163,-2989.01,,,,Manual/source-system review required
T090655,2024-01-19 00:00:00.000000,C00971,P0291,S008,4,-1477.95,0.0,5911.8,5911.8,1188.61,4754.44,1157.36,19.58,Card,Store,Fashion,90655,-1477.95,,,,Manual/source-system review required
T091770,2025-09-10 00:00:00.000000,C02775,P0035,S020,2,-1199.6,239.92,2399.2,2159.28,975.92,1951.84,207.44,9.61,Card,Store,Sports,91770,-1199.6,,,,Manual/source-system review required
T091988,2025-09-26 00:00:00.000000,C04020,P0128,S015,4,-2278.73,0.0,9114.92,9114.92,1826.4,7305.6,1809.32,19.85,Mada,Store,Electronics,91988,-2278.73,,,,Manual/source-system review required
T092539,2025-10-12 00:00:00.000000,C00108,P0220,S017,5,-1624.46,812.23,8122.3,7310.07,1020.88,5104.4,2205.67,30.17,Cash,Store,Electronics,92539,-1624.46,,,,Manual/source-system review required
T092906,2025-03-26 00:00:00.000000,C00158,P0097,S016,2,-1163.42,0.0,2326.84,2326.84,893.77,1787.54,539.3,23.18,Card,Store,Sports,92906,-1163.42,,,,Manual/source-system review required
T092931,2025-08-17 00:00:00.000000,C02417,P0205,S006,2,-604.72,0.0,1209.44,1209.44,463.01,926.02,283.42,23.43,Mada,Store,Home Appliances,92931,-604.72,,,,Manual/source-system review required
T093843,2024-04-09 00:00:00.000000,C02971,P0093,S001,3,-3827.17,0.0,11481.51,11481.51,2709.61,8128.83,3352.68,29.2,Mada,E-commerce,Electronics,93843,-3827.17,,,,Manual/source-system review required
T094282,2025-03-04 00:00:00.000000,C04218,P0453,S010,1,-1090.03,54.5,1090.03,1035.53,698.97,698.97,336.56,32.5,Apple Pay,Store,Grocery,94282,-1090.03,,,,Manual/source-system review required
T095037,2025-06-23 00:00:00.000000,C03420,P0159,S017,4,-911.23,0.0,3644.92,3644.92,752.95,3011.8,633.12,17.37,Mada,Store,Home & Living,95037,-911.23,,,,Manual/source-system review required
T096609,2025-06-05 00:00:00.000000,C04263,P0456,S002,4,-530.18,0.0,2120.72,2120.72,393.2,1572.8,547.92,25.84,Cash,Store,Grocery,96609,-530.18,,,,Manual/source-system review required
T096804,2025-11-28 00:00:00.000000,C02586,P0079,S005,2,-267.07,0.0,534.14,534.14,163.22,326.44,207.7,38.88,Card,E-commerce,Electronics,96804,-267.07,,,,Manual/source-system review required
T096815,2025-03-23 00:00:00.000000,C01744,P0253,S009,3,-1501.4,225.21,4504.2,4278.99,1032.83,3098.49,1180.5,27.59,Apple Pay,Store,Electronics,96815,-1501.4,,,,Manual/source-system review required
T097403,2025-02-03 00:00:00.000000,C01977,P0445,S016,2,-2177.36,0.0,4354.72,4354.72,1849.52,3699.04,655.68,15.06,Mada,Store,Home & Living,97403,-2177.36,,,,Manual/source-system review required
T097962,2025-04-21 00:00:00.000000,C04538,P0010,S011,2,-2810.06,0.0,5620.12,5620.12,2410.55,4821.1,799.02,14.22,Card,Store,Beauty,97962,-2810.06,,,,Manual/source-system review required
T099119,2025-11-10 00:00:00.000000,C04311,P0444,S015,2,-1887.53,377.51,3775.06,3397.55,1496.45,2992.9,404.65,11.91,Apple Pay,E-commerce,Home & Living,99119,-1887.53,,,,Manual/source-system review required
T099158,2024-09-29 00:00:00.000000,C00361,P0191,S010,2,-2292.82,0.0,4585.64,4585.64,1396.78,2793.56,1792.08,39.08,STC Pay,Store,Home Appliances,99158,-2292.82,,,,Manual/source-system review required
T100906,2024-03-26 00:00:00.000000,C00399,P0222,S006,3,-3126.64,0.0,9379.92,9379.92,2585.98,7757.94,1621.98,17.29,Cash,E-commerce,Home Appliances,100906,-3126.64,,,,Manual/source-system review required
T102380,2025-03-29 00:00:00.000000,C03516,P0145,S009,4,-412.58,0.0,1650.32,1650.32,295.03,1180.12,470.2,28.49,STC Pay,E-commerce,Beauty,102380,-412.58,,,,Manual/source-system review required
T103269,2025-08-13 00:00:00.000000,C00980,P0215,S012,6,-3178.29,0.0,19069.74,19069.74,2168.02,13008.12,6061.62,31.79,Card,E-commerce,Electronics,103269,-3178.29,,,,Manual/source-system review required
T106522,2025-12-01 00:00:00.000000,C02761,P0424,S015,3,-2277.22,0.0,6831.66,6831.66,1815.61,5446.83,1384.83,20.27,Cash,E-commerce,Home Appliances,106522,-2277.22,,,,Manual/source-system review required
T107939,2025-10-06 00:00:00.000000,C01176,P0358,S003,1,-2211.94,0.0,2211.94,2211.94,1501.58,1501.58,710.36,32.11,Cash,E-commerce,Beauty,107939,-2211.94,,,,Manual/source-system review required
T108142,2024-07-24 00:00:00.000000,C03969,P0073,S002,4,-2499.08,499.82,9996.32,9496.5,1656.7,6626.8,2869.7,30.22,Card,Store,Electronics,108142,-2499.08,,,,Manual/source-system review required
T108819,2024-08-11 00:00:00.000000,C00516,P0348,S012,2,-437.09,87.42,874.18,786.76,353.52,707.04,79.72,10.13,Mada,Store,Sports,108819,-437.09,,,,Manual/source-system review required
T108953,2025-11-03 00:00:00.000000,C00243,P0293,S014,3,-2547.79,382.17,7643.37,7261.2,2130.35,6391.05,870.15,11.98,Card,Store,Electronics,108953,-2547.79,,,,Manual/source-system review required
T111138,2025-03-08 00:00:00.000000,C03306,P0143,S010,3,-2197.21,0.0,6591.63,6591.63,1655.17,4965.51,1626.12,24.67,Mada,Store,Fashion,111138,-2197.21,,,,Manual/source-system review required
T112166,2024-03-16 00:00:00.000000,C01655,P0200,S007,2,-465.64,0.0,931.28,931.28,360.52,721.04,210.24,22.58,Card,Store,Home & Living,112166,-465.64,,,,Manual/source-system review required
T112922,2025-09-03 00:00:00.000000,C02565,P0419,S020,-2,-2176.92,435.38,4353.84,3918.46,1826.99,3653.98,264.48,6.75,Mada,E-commerce,Home & Living,112922,-2176.92,,,,Manual/source-system review required
T112941,2025-03-07 00:00:00.000000,C02564,P0288,S020,3,-3080.41,924.12,9241.23,8317.11,1858.44,5575.32,2741.79,32.97,Mada,Store,Home Appliances,112941,-3080.41,,,,Manual/source-system review required
T113987,2025-09-02 00:00:00.000000,C00775,P0312,S014,4,-301.85,0.0,1207.4,1207.4,235.89,943.56,263.84,21.85,STC Pay,Store,Beauty,113987,-301.85,,,,Manual/source-system review required
T115348,2024-11-28 00:00:00.000000,C02197,P0235,S007,3,-4045.49,0.0,12136.47,12136.47,2748.23,8244.69,3891.78,32.07,Apple Pay,E-commerce,Fashion,115348,-4045.49,,,,Manual/source-system review required
T115865,2024-08-14 00:00:00.000000,C02599,P0312,S018,1,-306.02,0.0,306.02,306.02,235.89,235.89,70.13,22.92,Apple Pay,Store,Beauty,115865,-306.02,,,,Manual/source-system review required
T117358,2025-03-06 00:00:00.000000,C01060,P0366,S020,2,-3457.11,1037.13,6914.22,5877.09,2609.32,5218.64,658.45,11.2,Card,Store,Fashion,117358,-3457.11,,,,Manual/source-system review required
T118344,2025-11-22 00:00:00.000000,C00326,P0259,S016,7,-3030.27,2121.19,21211.89,19090.7,1889.97,13229.79,5860.91,30.7,Apple Pay,E-commerce,Grocery,118344,-3030.27,,,,Manual/source-system review required
T119945,2025-08-02 00:00:00.000000,C02081,P0215,S004,1,-3131.78,313.18,3131.78,2818.6,2168.02,2168.02,650.58,23.08,Card,E-commerce,Electronics,119945,-3131.78,,,,Manual/source-system review required
T000201,2025-09-15 00:00:00.000000,C00610,P0441,S007,-2,492.25,98.45,984.5,886.05,416.77,833.54,52.51,5.93,Card,E-commerce,Home & Living,201,492.25,,,,Manual/source-system review required
T000279,2024-10-27 00:00:00.000000,C00793,P0107,S008,-5,1758.0,439.5,8790.0,8350.5,1488.02,7440.1,910.4,10.9,Card,E-commerce,Grocery,279,1758.0,,,,Manual/source-system review required
T000557,2025-05-18 00:00:00.000000,C04747,P0457,S002,0,2651.82,0.0,13259.1,13259.1,1755.62,8778.1,4481.0,33.8,Card,E-commerce,Electronics,557,2651.82,,,,Manual/source-system review required
T000661,2024-05-04 00:00:00.000000,C03193,P0228,S015,0,1787.01,0.0,5361.03,5361.03,1504.31,4512.93,848.1,15.82,Mada,Store,Home & Living,661,1787.01,,,,Manual/source-system review required
T000906,2025-08-12 00:00:00.000000,C04990,P0273,S006,-1,2726.17,0.0,2726.17,2726.17,1876.35,1876.35,849.82,31.17,Mada,Store,Electronics,906,2726.17,,,,Manual/source-system review required
T002383,2025-02-02 00:00:00.000000,C00059,P0128,S005,-3,2358.96,0.0,7076.88,7076.88,1826.4,5479.2,1597.68,22.58,Card,E-commerce,Electronics,2383,2358.96,,,,Manual/source-system review required
T002522,2024-04-22 00:00:00.000000,C00546,P0193,S015,-2,2228.21,0.0,4456.42,4456.42,1787.03,3574.06,882.36,19.8,Mada,E-commerce,Electronics,2522,2228.21,,,,Manual/source-system review required
T002802,2024-10-11 00:00:00.000000,C00540,P0449,S008,-1,1350.77,135.08,1350.77,1215.69,1072.69,1072.69,143.0,11.76,STC Pay,Store,Home & Living,2802,1350.77,,,,Manual/source-system review required
T002893,2024-08-27 00:00:00.000000,C00402,P0187,S019,0,1890.11,472.53,9450.55,8978.02,1203.92,6019.6,2958.42,32.95,Apple Pay,Store,Electronics,2893,1890.11,,,,Manual/source-system review required
T003200,2024-09-08 00:00:00.000000,C00721,P0420,S006,0,709.34,0.0,2128.02,2128.02,541.02,1623.06,504.96,23.73,Card,Store,Sports,3200,709.34,,,,Manual/source-system review required
T003619,2024-11-04 00:00:00.000000,C01307,P0106,S007,-5,2739.82,0.0,13699.1,13699.1,2121.15,10605.75,3093.35,22.58,Card,Store,Grocery,3619,2739.82,,,,Manual/source-system review required
T003743,2024-07-28 00:00:00.000000,C01729,P0328,S005,0,2037.22,0.0,2037.22,2037.22,1504.62,1504.62,532.6,26.14,Cash,E-commerce,Home & Living,3743,2037.22,,,,Manual/source-system review required
T004648,2025-11-30 00:00:00.000000,C04566,P0497,S014,0,2775.55,277.56,5551.1,5273.54,2345.03,4690.06,583.48,11.06,Apple Pay,Store,Grocery,4648,2775.55,,,,Manual/source-system review required
T004727,2025-05-03 00:00:00.000000,C01302,P0109,S014,-6,1004.86,0.0,6029.16,6029.16,727.77,4366.62,1662.54,27.57,Cash,Store,Electronics,4727,1004.86,,,,Manual/source-system review required
T004851,2025-05-28 00:00:00.000000,C03374,P0035,S009,-4,1152.36,230.47,4609.44,4378.97,975.92,3903.68,475.29,10.85,Card,Store,Sports,4851,1152.36,,,,Manual/source-system review required
T005323,2025-04-13 00:00:00.000000,C04587,P0421,S015,0,2418.68,725.6,7256.04,6530.44,2005.59,6016.77,513.67,7.87,Cash,Store,Fashion,5323,2418.68,,,,Manual/source-system review required
T006035,2025-09-01 00:00:00.000000,C02531,P0370,S015,-2,3011.29,0.0,6022.58,6022.58,1934.88,3869.76,2152.82,35.75,STC Pay,E-commerce,Electronics,6035,3011.29,,,,Manual/source-system review required
T006340,2025-03-30 00:00:00.000000,C04739,P0317,S004,0,1771.76,0.0,7087.04,7087.04,1562.78,6251.12,835.92,11.8,Card,E-commerce,Grocery,6340,1771.76,,,,Manual/source-system review required
T006516,2025-03-26 00:00:00.000000,C02698,P0243,S012,-4,1510.56,0.0,6042.24,6042.24,957.5,3830.0,2212.24,36.61,Mada,Store,Electronics,6516,1510.56,,,,Manual/source-system review required
T006877,2024-02-21 00:00:00.000000,C01194,P0357,S006,-6,834.08,750.67,5004.48,4253.81,547.91,3287.46,966.35,22.72,Mada,Store,Home Appliances,6877,834.08,,,,Manual/source-system review required
T007029,2025-09-13 00:00:00.000000,C00928,P0241,S005,0,1627.55,651.02,6510.2,5859.18,1389.85,5559.4,299.78,5.12,Card,Store,Beauty,7029,1627.55,,,,Manual/source-system review required
T007477,2025-03-02 00:00:00.000000,C00372,P0049,S006,-4,2856.09,0.0,11424.36,11424.36,1955.91,7823.64,3600.72,31.52,STC Pay,E-commerce,Sports,7477,2856.09,,,,Manual/source-system review required
T007510,2024-05-13 00:00:00.000000,C03209,P0155,S001,0,2658.73,398.81,7976.19,7577.38,1760.91,5282.73,2294.65,30.28,Cash,E-commerce,Beauty,7510,2658.73,,,,Manual/source-system review required
T007734,2025-01-03 00:00:00.000000,C00738,P0446,S011,-2,3124.59,0.0,6249.18,6249.18,2217.55,4435.1,1814.08,29.03,Apple Pay,Store,Beauty,7734,3124.59,,,,Manual/source-system review required
T007972,2024-06-06 00:00:00.000000,C04045,P0213,S014,0,870.15,0.0,5220.9,5220.9,681.48,4088.88,1132.02,21.68,Cash,Store,Fashion,7972,870.15,,,,Manual/source-system review required
T008315,2024-10-19 00:00:00.000000,C00251,P0309,S015,0,2349.51,1057.28,7048.53,5991.25,1829.77,5489.31,501.94,8.38,Mada,E-commerce,Sports,8315,2349.51,,,,Manual/source-system review required
T008502,2024-09-11 00:00:00.000000,C03379,P0491,S003,0,1433.63,143.36,1433.63,1290.27,1099.46,1099.46,190.81,14.79,Cash,E-commerce,Home Appliances,8502,1433.63,,,,Manual/source-system review required
T008641,2025-06-19 00:00:00.000000,C04754,P0274,S010,-2,3536.49,353.65,7072.98,6719.33,2583.18,5166.36,1552.97,23.11,Card,E-commerce,Fashion,8641,3536.49,,,,Manual/source-system review required
T008778,2024-01-09 00:00:00.000000,C00174,P0190,S005,-2,3712.59,371.26,7425.18,7053.92,2878.04,5756.08,1297.84,18.4,Card,E-commerce,Home Appliances,8778,3712.59,,,,Manual/source-system review required
T009253,2025-06-23 00:00:00.000000,C04550,P0101,S013,0,3248.77,649.75,12995.08,12345.33,2289.3,9157.2,3188.13,25.82,Card,Store,Sports,9253,3248.77,,,,Manual/source-system review required
T010042,2025-01-24 00:00:00.000000,C03478,P0232,S009,0,1891.28,472.82,9456.4,8983.58,1225.06,6125.3,2858.28,31.82,Cash,Store,Fashion,10042,1891.28,,,,Manual/source-system review required
T010408,2024-12-10 00:00:00.000000,C03412,P0242,S007,0,2577.87,515.57,5155.74,4640.17,2090.2,4180.4,459.77,9.91,Card,E-commerce,Grocery,10408,2577.87,,,,Manual/source-system review required
T010765,2024-09-22 00:00:00.000000,C02571,P0255,S001,-1,3015.83,150.79,3015.83,2865.04,1885.16,1885.16,979.88,34.2,Apple Pay,Store,Home & Living,10765,3015.83,,,,Manual/source-system review required
T010929,2025-06-22 00:00:00.000000,C00816,P0141,S002,-5,3634.72,0.0,18173.6,18173.6,2692.43,13462.15,4711.45,25.92,Card,Store,Electronics,10929,3634.72,,,,Manual/source-system review required
T011057,2025-09-06 00:00:00.000000,C01942,P0237,S009,-2,1780.17,534.05,3560.34,3026.29,1461.59,2923.18,103.11,3.41,STC Pay,Store,Home & Living,11057,1780.17,,,,Manual/source-system review required
T011410,2025-04-03 00:00:00.000000,C03471,P0243,S005,0,1500.55,450.16,4501.65,4051.49,957.5,2872.5,1178.99,29.1,STC Pay,Store,Electronics,11410,1500.55,,,,Manual/source-system review required
T012198,2025-08-18 00:00:00.000000,C02759,P0001,S011,0,3617.86,1808.93,18089.3,16280.37,2582.62,12913.1,3367.27,20.68,Apple Pay,Store,Home & Living,12198,3617.86,,,,Manual/source-system review required
T012448,2025-03-09 00:00:00.000000,C00147,P0394,S020,0,1619.54,0.0,3239.08,3239.08,1224.87,2449.74,789.34,24.37,Apple Pay,Store,Home Appliances,12448,1619.54,,,,Manual/source-system review required
T012532,2025-05-03 00:00:00.000000,C02676,P0289,S001,0,1360.26,0.0,4080.78,4080.78,1142.55,3427.65,653.13,16.01,Mada,Store,Grocery,12532,1360.26,,,,Manual/source-system review required
T012612,2025-06-09 00:00:00.000000,C02805,P0142,S018,0,167.09,0.0,668.36,668.36,141.79,567.16,101.2,15.14,Card,Store,Grocery,12612,167.09,,,,Manual/source-system review required
T012697,2024-07-12 00:00:00.000000,C03888,P0234,S004,-1,1005.9,100.59,1005.9,905.31,751.14,751.14,154.17,17.03,Cash,E-commerce,Home & Living,12697,1005.9,,,,Manual/source-system review required
T013920,2025-03-09 00:00:00.000000,C03514,P0359,S014,-3,169.75,25.46,509.25,483.79,110.55,331.65,152.14,31.45,Mada,Store,Fashion,13920,169.75,,,,Manual/source-system review required
T013963,2024-09-23 00:00:00.000000,C03246,P0059,S008,-5,603.37,150.84,3016.85,2866.01,437.45,2187.25,678.76,23.68,Card,Store,Grocery,13963,603.37,,,,Manual/source-system review required
T014150,2024-01-30 00:00:00.000000,C01239,P0064,S020,0,1353.06,67.65,1353.06,1285.41,1027.23,1027.23,258.18,20.09,Apple Pay,Store,Sports,14150,1353.06,,,,Manual/source-system review required
T014287,2024-04-21 00:00:00.000000,C02738,P0322,S008,0,4533.39,0.0,18133.56,18133.56,2806.9,11227.6,6905.96,38.08,Cash,Store,Home Appliances,14287,4533.39,,,,Manual/source-system review required
T014323,2024-11-22 00:00:00.000000,C04590,P0017,S011,-2,3238.83,0.0,6477.66,6477.66,2317.48,4634.96,1842.7,28.45,Mada,Store,Home Appliances,14323,3238.83,,,,Manual/source-system review required
T015129,2024-09-12 00:00:00.000000,C01207,P0272,S013,-3,2341.53,0.0,7024.59,7024.59,1483.74,4451.22,2573.37,36.63,Card,Store,Fashion,15129,2341.53,,,,Manual/source-system review required
T015166,2024-10-06 00:00:00.000000,C01325,P0454,S017,-4,563.58,338.15,2254.32,1916.17,381.73,1526.92,389.25,20.31,Mada,Store,Sports,15166,563.58,,,,Manual/source-system review required
T015418,2025-11-11 00:00:00.000000,C04840,P0479,S018,0,614.96,92.24,1844.88,1752.64,551.55,1654.65,97.99,5.59,Cash,Store,Home & Living,15418,614.96,,,,Manual/source-system review required
T015433,2024-09-02 00:00:00.000000,C00591,P0484,S012,0,3258.25,162.91,3258.25,3095.34,2092.34,2092.34,1003.0,32.4,Card,Store,Grocery,15433,3258.25,,,,Manual/source-system review required
T015538,2024-09-02 00:00:00.000000,C00141,P0448,S019,0,394.67,19.73,394.67,374.94,334.0,334.0,40.94,10.92,Mada,Store,Electronics,15538,394.67,,,,Manual/source-system review required
T015544,2025-01-15 00:00:00.000000,C03035,P0260,S012,-2,390.39,78.08,780.78,702.7,293.26,586.52,116.18,16.53,Mada,Store,Sports,15544,390.39,,,,Manual/source-system review required
T015597,2025-08-02 00:00:00.000000,C03627,P0343,S008,-3,1109.97,332.99,3329.91,2996.92,719.33,2157.99,838.93,27.99,Card,E-commerce,Electronics,15597,1109.97,,,,Manual/source-system review required
T015828,2025-09-29 00:00:00.000000,C03631,P0167,S020,-3,645.98,387.59,1937.94,1550.35,480.0,1440.0,110.35,7.12,Card,E-commerce,Home Appliances,15828,645.98,,,,Manual/source-system review required
T015862,2024-09-20 00:00:00.000000,C02020,P0207,S008,-4,3398.03,2038.82,13592.12,11553.3,2696.2,10784.8,768.5,6.65,Card,Store,Grocery,15862,3398.03,,,,Manual/source-system review required
T016207,2024-11-11 00:00:00.000000,C04516,P0014,S003,-4,1140.62,228.12,4562.48,4334.36,1006.08,4024.32,310.04,7.15,Card,E-commerce,Fashion,16207,1140.62,,,,Manual/source-system review required
T016693,2024-05-15 00:00:00.000000,C00399,P0136,S015,-3,2822.99,846.9,8468.97,7622.07,1873.82,5621.46,2000.61,26.25,Mada,Store,Sports,16693,2822.99,,,,Manual/source-system review required
T016718,2024-02-16 00:00:00.000000,C04088,P0370,S003,-3,2766.94,0.0,8300.82,8300.82,1934.88,5804.64,2496.18,30.07,STC Pay,Store,Electronics,16718,2766.94,,,,Manual/source-system review required
T017167,2025-06-17 00:00:00.000000,C02445,P0209,S002,-2,2168.21,216.82,4336.42,4119.6,1612.68,3225.36,894.24,21.71,Apple Pay,Store,Sports,17167,2168.21,,,,Manual/source-system review required
T017258,2025-04-22 00:00:00.000000,C02460,P0339,S018,0,1587.34,0.0,1587.34,1587.34,1322.75,1322.75,264.59,16.67,Mada,Store,Home Appliances,17258,1587.34,,,,Manual/source-system review required
T017664,2024-04-01 00:00:00.000000,C04714,P0234,S010,-4,983.35,393.34,3933.4,3540.06,751.14,3004.56,535.5,15.13,Cash,Store,Home & Living,17664,983.35,,,,Manual/source-system review required
T018021,2024-12-22 00:00:00.000000,C02707,P0237,S013,-5,1765.47,1765.47,8827.35,7061.88,1461.59,7307.95,-246.07,-3.48,Apple Pay,Store,Home & Living,18021,1765.47,,,,Manual/source-system review required
T018065,2025-05-04 00:00:00.000000,C04626,P0128,S006,0,2322.05,232.21,4644.1,4411.89,1826.4,3652.8,759.09,17.21,Card,E-commerce,Electronics,18065,2322.05,,,,Manual/source-system review required
T018215,2024-08-14 00:00:00.000000,C01636,P0019,S002,0,2379.5,0.0,4759.0,4759.0,1535.54,3071.08,1687.92,35.47,Mada,E-commerce,Home Appliances,18215,2379.5,,,,Manual/source-system review required
T018351,2024-11-22 00:00:00.000000,C01441,P0051,S008,-3,1812.23,0.0,5436.69,5436.69,1191.43,3574.29,1862.4,34.26,Apple Pay,Store,Home & Living,18351,1812.23,,,,Manual/source-system review required
T018412,2024-02-07 00:00:00.000000,C03188,P0332,S011,-3,3344.39,0.0,10033.17,10033.17,2211.34,6634.02,3399.15,33.88,Mada,Store,Home & Living,18412,3344.39,,,,Manual/source-system review required
T018454,2025-12-16 00:00:00.000000,C01958,P0067,S018,-5,562.59,281.3,2812.95,2531.65,398.64,1993.2,538.45,21.27,Cash,Store,Home Appliances,18454,562.59,,,,Manual/source-system review required
T018913,2024-08-26 00:00:00.000000,C03751,P0244,S008,-2,2843.0,284.3,5686.0,5401.7,2077.87,4155.74,1245.96,23.07,Mada,Store,Grocery,18913,2843.0,,,,Manual/source-system review required
T019371,2025-04-22 00:00:00.000000,C01970,P0113,S019,0,1435.66,215.35,4306.98,4091.63,897.59,2692.77,1398.86,34.19,Apple Pay,Store,Fashion,19371,1435.66,,,,Manual/source-system review required
T019580,2024-05-11 00:00:00.000000,C01587,P0419,S003,-4,2120.76,848.3,8483.04,7634.74,1826.99,7307.96,326.78,4.28,Mada,Store,Home & Living,19580,2120.76,,,,Manual/source-system review required
T019695,2025-11-20 00:00:00.000000,C04490,P0236,S012,-3,1996.93,1198.16,5990.79,4792.63,1438.63,4315.89,476.74,9.95,Card,Store,Fashion,19695,1996.93,,,,Manual/source-system review required
T019794,2025-09-03 00:00:00.000000,C03430,P0138,S007,-4,4198.13,1679.25,16792.52,15113.27,2940.5,11762.0,3351.27,22.17,STC Pay,Store,Home & Living,19794,4198.13,,,,Manual/source-system review required
T020021,2024-06-08 00:00:00.000000,C00500,P0189,S008,0,1997.36,0.0,3994.72,3994.72,1637.32,3274.64,720.08,18.03,Mada,Store,Grocery,20021,1997.36,,,,Manual/source-system review required
T020235,2025-02-27 00:00:00.000000,C00633,P0017,S012,-2,3271.06,327.11,6542.12,6215.01,2317.48,4634.96,1580.05,25.42,Card,Store,Home Appliances,20235,3271.06,,,,Manual/source-system review required
T020526,2024-03-24 00:00:00.000000,C02738,P0390,S018,0,1098.03,494.11,3294.09,2799.98,721.0,2163.0,636.98,22.75,Card,Store,Grocery,20526,1098.03,,,,Manual/source-system review required
T020758,2025-08-25 00:00:00.000000,C02186,P0119,S010,-3,3717.05,0.0,11151.15,11151.15,2822.78,8468.34,2682.81,24.06,Card,Store,Sports,20758,3717.05,,,,Manual/source-system review required
T020763,2025-04-01 00:00:00.000000,C04176,P0174,S015,-6,2539.04,0.0,15234.24,15234.24,2170.36,13022.16,2212.08,14.52,Mada,Store,Electronics,20763,2539.04,,,,Manual/source-system review required
T021283,2024-07-27 00:00:00.000000,C01515,P0001,S008,-4,3598.48,2878.78,14393.92,11515.14,2582.62,10330.48,1184.66,10.29,Mada,E-commerce,Home & Living,21283,3598.48,,,,Manual/source-system review required
T021356,2025-10-31 00:00:00.000000,C02014,P0460,S008,-1,899.77,0.0,899.77,899.77,737.26,737.26,162.51,18.06,Mada,E-commerce,Grocery,21356,899.77,,,,Manual/source-system review required
T021881,2025-05-13 00:00:00.000000,C04052,P0086,S008,0,435.05,261.03,1740.2,1479.17,301.44,1205.76,273.41,18.48,Card,E-commerce,Beauty,21881,435.05,,,,Manual/source-system review required
T021972,2024-03-06 00:00:00.000000,C03653,P0261,S006,-1,877.2,0.0,877.2,877.2,731.56,731.56,145.64,16.6,Cash,Store,Home & Living,21972,877.2,,,,Manual/source-system review required
T022548,2025-08-02 00:00:00.000000,C03252,P0108,S014,-2,514.12,51.41,1028.24,976.83,370.23,740.46,236.37,24.2,Card,Store,Home & Living,22548,514.12,,,,Manual/source-system review required
T022633,2024-04-29 00:00:00.000000,C01435,P0106,S013,0,2693.94,0.0,10775.76,10775.76,2121.15,8484.6,2291.16,21.26,Mada,Store,Grocery,22633,2693.94,,,,Manual/source-system review required
T022841,2024-04-11 00:00:00.000000,C04222,P0432,S003,-3,3570.14,535.52,10710.42,10174.9,2486.06,7458.18,2716.72,26.7,Apple Pay,Store,Home Appliances,22841,3570.14,,,,Manual/source-system review required
T023285,2025-10-31 00:00:00.000000,C00395,P0023,S013,0,3406.06,1021.82,10218.18,9196.36,2690.35,8071.05,1125.31,12.24,Apple Pay,Store,Beauty,23285,3406.06,,,,Manual/source-system review required
T023848,2024-09-06 00:00:00.000000,C00024,P0440,S006,-2,1631.37,0.0,3262.74,3262.74,1195.54,2391.08,871.66,26.72,Card,Store,Electronics,23848,1631.37,,,,Manual/source-system review required
T024420,2024-09-01 00:00:00.000000,C02504,P0111,S015,-4,4298.89,2579.33,17195.56,14616.23,2775.44,11101.76,3514.47,24.04,Apple Pay,Store,Beauty,24420,4298.89,,,,Manual/source-system review required
T024493,2024-11-04 00:00:00.000000,C01457,P0335,S001,0,1238.27,123.83,1238.27,1114.44,844.95,844.95,269.49,24.18,Cash,Store,Electronics,24493,1238.27,,,,Manual/source-system review required
T025010,2024-04-02 00:00:00.000000,C00768,P0263,S004,-4,111.81,67.09,491.96,380.15,73.26,293.04,87.11,22.91,Cash,Store,Home Appliances,25010,111.81,,,,Manual/source-system review required
T025299,2025-05-13 00:00:00.000000,C00800,P0295,S011,0,4583.4,1145.85,22917.0,21771.15,2921.0,14605.0,7166.15,32.92,Cash,Store,Grocery,25299,4583.4,,,,Manual/source-system review required
T025530,2024-12-21 00:00:00.000000,C02832,P0241,S010,-6,1665.6,14392.87,9993.6,8994.24,1389.85,8339.1,655.14,7.28,Cash,Store,Beauty,25530,1665.6,,,,Manual/source-system review required
T025866,2025-06-18 00:00:00.000000,C00057,P0329,S007,0,1441.77,648.8,4325.31,3676.51,1010.3,3030.9,645.61,17.56,Mada,Store,Grocery,25866,1441.77,,,,Manual/source-system review required
T025918,2025-07-07 00:00:00.000000,C03108,P0463,S019,0,3166.23,474.93,9498.69,9023.76,2190.9,6572.7,2451.06,27.16,STC Pay,Store,Home & Living,25918,3166.23,,,,Manual/source-system review required
T026135,2025-08-23 00:00:00.000000,C01712,P0406,S011,0,3460.23,519.03,10380.69,9861.66,2923.01,8769.03,1092.63,11.08,Card,Store,Electronics,26135,3460.23,,,,Manual/source-system review required
T026407,2024-07-10 00:00:00.000000,C01792,P0388,S008,-3,3368.31,0.0,10104.93,10104.93,2471.39,7414.17,2690.76,26.63,Cash,E-commerce,Electronics,26407,3368.31,,,,Manual/source-system review required
T026693,2024-07-19 00:00:00.000000,C03998,P0209,S017,0,2224.63,333.69,6673.89,6340.2,1612.68,4838.04,1502.16,23.69,Cash,Store,Sports,26693,2224.63,,,,Manual/source-system review required
T028130,2025-08-04 00:00:00.000000,C04054,P0394,S018,-4,1623.15,0.0,6492.6,6492.6,1224.87,4899.48,1593.12,24.54,Card,Store,Home Appliances,28130,1623.15,,,,Manual/source-system review required
T028301,2025-10-12 00:00:00.000000,C02666,P0096,S010,-2,2920.23,0.0,5840.46,5840.46,2036.77,4073.54,1766.92,30.25,Card,Store,Home Appliances,28301,2920.23,,,,Manual/source-system review required
T028883,2025-01-02 00:00:00.000000,C00858,P0048,S002,0,97.52,19.5,390.08,370.58,73.86,295.44,75.14,20.28,Mada,E-commerce,Fashion,28883,97.52,,,,Manual/source-system review required
T028982,2025-11-07 00:00:00.000000,C02342,P0221,S017,-3,1126.78,0.0,3380.34,3380.34,818.83,2456.49,923.85,27.33,Card,Store,Electronics,28982,1126.78,,,,Manual/source-system review required
T029038,2025-09-24 00:00:00.000000,C02050,P0270,S001,0,2414.42,0.0,7243.26,7243.26,1896.74,5690.22,1553.04,21.44,Cash,E-commerce,Home Appliances,29038,2414.42,,,,Manual/source-system review required
T029457,2024-01-17 00:00:00.000000,C00964,P0442,S015,-2,2779.55,555.91,5559.1,5003.19,2430.47,4860.94,142.25,2.84,Mada,E-commerce,Fashion,29457,2779.55,,,,Manual/source-system review required
T029494,2024-01-05 00:00:00.000000,C00046,P0231,S011,0,2527.45,252.74,5054.9,4802.16,1906.63,3813.26,988.9,20.59,Mada,Store,Fashion,29494,2527.45,,,,Manual/source-system review required
T029741,2025-03-15 00:00:00.000000,C03955,P0245,S014,-2,3271.38,1308.55,6542.76,5234.21,2202.03,4404.06,830.15,15.86,Cash,Store,Beauty,29741,3271.38,,,,Manual/source-system review required
T030485,2025-03-01 00:00:00.000000,C02507,P0051,S005,-3,1858.92,278.84,5576.76,5297.92,1191.43,3574.29,1723.63,32.53,Apple Pay,E-commerce,Home & Living,30485,1858.92,,,,Manual/source-system review required
T030763,2025-06-26 00:00:00.000000,C01095,P0328,S015,-3,2054.62,0.0,6163.86,6163.86,1504.62,4513.86,1650.0,26.77,Cash,Store,Home & Living,30763,2054.62,,,,Manual/source-system review required
T031038,2024-07-11 00:00:00.000000,C02845,P0152,S003,0,1324.1,0.0,2648.2,2648.2,1144.31,2288.62,359.58,13.58,Mada,Store,Grocery,31038,1324.1,,,,Manual/source-system review required
T031105,2025-01-28 00:00:00.000000,C02586,P0074,S005,-2,4446.07,0.0,8892.14,8892.14,2865.5,5731.0,3161.14,35.55,Card,Store,Fashion,31105,4446.07,,,,Manual/source-system review required
T031165,2025-01-31 00:00:00.000000,C00444,P0015,S010,-2,3114.24,311.42,6228.48,5917.06,1919.92,3839.84,2077.22,35.11,STC Pay,Store,Home Appliances,31165,3114.24,,,,Manual/source-system review required
T032609,2025-03-17 00:00:00.000000,C02567,P0181,S014,0,2108.39,632.52,6325.17,5692.65,1637.69,4913.07,779.58,13.69,Card,E-commerce,Fashion,32609,2108.39,,,,Manual/source-system review required
T032658,2024-12-14 00:00:00.000000,C01374,P0388,S015,0,3153.15,0.0,6306.3,6306.3,2471.39,4942.78,1363.52,21.62,STC Pay,E-commerce,Electronics,32658,3153.15,,,,Manual/source-system review required
T033175,2024-06-07 00:00:00.000000,C03990,P0166,S007,-2,529.31,158.79,1058.62,899.83,362.21,724.42,175.41,19.49,STC Pay,E-commerce,Home & Living,33175,529.31,,,,Manual/source-system review required
T033472,2024-09-22 00:00:00.000000,C01574,P0222,S007,-4,3079.9,1847.94,12319.6,10471.66,2585.98,10343.92,127.74,1.22,STC Pay,Store,Home Appliances,33472,3079.9,,,,Manual/source-system review required
T033807,2024-10-28 00:00:00.000000,C02867,P0431,S017,-3,1664.97,0.0,4994.91,4994.91,1360.36,4081.08,913.83,18.3,Card,Store,Home Appliances,33807,1664.97,,,,Manual/source-system review required
T033825,2024-06-25 00:00:00.000000,C00852,P0366,S019,-2,3572.83,357.28,7145.66,6788.38,2609.32,5218.64,1569.74,23.12,STC Pay,Store,Fashion,33825,3572.83,,,,Manual/source-system review required
T033838,2025-09-20 00:00:00.000000,C04109,P0464,S016,-3,2809.38,0.0,8428.14,8428.14,2264.5,6793.5,1634.64,19.4,Mada,Store,Beauty,33838,2809.38,,,,Manual/source-system review required
T033894,2025-05-31 00:00:00.000000,C03447,P0326,S018,-2,2040.57,0.0,4081.14,4081.14,1448.25,2896.5,1184.64,29.03,Card,E-commerce,Beauty,33894,2040.57,,,,Manual/source-system review required
T034185,2024-07-23 00:00:00.000000,C00988,P0037,S005,-4,2474.51,494.9,9898.04,9403.14,1942.61,7770.44,1632.7,17.36,Card,E-commerce,Electronics,34185,2474.51,,,,Manual/source-system review required
T034318,2024-10-24 00:00:00.000000,C01288,P0405,S003,0,1406.27,0.0,4218.81,4218.81,916.54,2749.62,1469.19,34.82,Mada,Store,Sports,34318,1406.27,,,,Manual/source-system review required
T034557,2024-12-23 00:00:00.000000,C00164,P0182,S013,-3,1283.21,0.0,3849.63,3849.63,1018.02,3054.06,795.57,20.67,Card,Store,electronics,34557,1283.21,,,,Manual/source-system review required
T034595,2024-04-11 00:00:00.000000,C04971,P0069,S018,-2,2351.7,0.0,4703.4,4703.4,1631.09,3262.18,1441.22,30.64,Card,Store,Home Appliances,34595,2351.7,,,,Manual/source-system review required
T034906,2025-11-14 00:00:00.000000,C02194,P0362,S018,-1,256.81,0.0,256.81,256.81,163.67,163.67,93.14,36.27,STC Pay,Store,Electronics,34906,256.81,,,,Manual/source-system review required
T034920,2025-04-03 00:00:00.000000,C01355,P0382,S002,0,2216.48,0.0,8865.92,8865.92,1710.59,6842.36,2023.56,22.82,Card,E-commerce,Home Appliances,34920,2216.48,,,,Manual/source-system review required
T035077,2025-08-16 00:00:00.000000,C04961,P0279,S008,-1,4362.22,0.0,4362.22,4362.22,2685.55,2685.55,1676.67,38.44,STC Pay,Store,Home Appliances,35077,4362.22,,,,Manual/source-system review required
T035105,2024-07-15 00:00:00.000000,C02689,P0102,S018,0,2574.55,257.46,5149.1,4891.64,2108.89,4217.78,673.86,13.78,Mada,E-commerce,Home Appliances,35105,2574.55,,,,Manual/source-system review required
T036454,2024-08-05 00:00:00.000000,C00788,P0447,S016,-2,200.63,20.06,401.26,381.2,133.31,266.62,114.58,30.06,STC Pay,Store,Home Appliances,36454,200.63,,,,Manual/source-system review required
T036495,2025-06-07 00:00:00.000000,C00245,P0387,S010,-7,2031.69,711.09,14221.83,13510.74,1678.78,11751.46,1759.28,13.02,Mada,Store,Fashion,36495,2031.69,,,,Manual/source-system review required
T036660,2025-06-18 00:00:00.000000,C00578,P0182,S001,0,1231.02,0.0,2462.04,2462.04,1018.02,2036.04,426.0,17.3,Mada,Store,Electronics,36660,1231.02,,,,Manual/source-system review required
T036772,2025-01-30 00:00:00.000000,C03067,P0375,S015,-2,2038.74,407.75,4077.48,3669.73,1303.97,2607.94,1061.79,28.93,Cash,Store,Beauty,36772,2038.74,,,,Manual/source-system review required
T036844,2024-07-14 00:00:00.000000,C02065,P0389,S015,-5,2817.86,1408.93,14089.3,12680.37,2304.64,11523.2,1157.17,9.13,Card,Store,Fashion,36844,2817.86,,,,Manual/source-system review required
T036853,2024-10-16 00:00:00.000000,C03962,P0273,S016,0,2719.76,0.0,16318.56,16318.56,1876.35,11258.1,5060.46,31.01,Card,Store,Electronics,36853,2719.76,,,,Manual/source-system review required
T037107,2024-04-07 00:00:00.000000,C01268,P0038,S014,-4,2392.09,0.0,9568.36,9568.36,1562.9,6251.6,3316.76,34.66,Card,Store,Electronics,37107,2392.09,,,,Manual/source-system review required
T038125,2024-02-24 00:00:00.000000,C02734,P0408,S017,-1,1227.88,0.0,1227.88,1227.88,786.0,786.0,441.88,35.99,Mada,E-commerce,Home & Living,38125,1227.88,,,,Manual/source-system review required
T038452,2024-05-09 00:00:00.000000,C01415,P0189,S001,-3,2115.79,952.11,6347.37,5395.26,1637.32,4911.96,483.3,8.96,Mada,Store,Grocery,38452,2115.79,,,,Manual/source-system review required
T038649,2025-09-22 00:00:00.000000,C00736,P0352,S013,-1,3338.06,0.0,3338.06,3338.06,2896.05,2896.05,442.01,13.24,Cash,Store,Home & Living,38649,3338.06,,,,Manual/source-system review required
T038663,2024-06-13 00:00:00.000000,C00206,P0251,S008,0,1474.38,368.6,7371.9,7003.3,970.92,4854.6,2148.7,30.68,Card,Store,Home & Living,38663,1474.38,,,,Manual/source-system review required
T038696,2024-11-23 00:00:00.000000,C03700,P0018,S012,0,1677.8,0.0,3355.6,3355.6,1329.22,2658.44,697.16,20.78,Apple Pay,Store,Fashion,38696,1677.8,,,,Manual/source-system review required
T038717,2024-02-04 00:00:00.000000,C00075,P0291,S001,-4,1420.6,0.0,5682.4,5682.4,1188.61,4754.44,927.96,16.33,Mada,Store,Fashion,38717,1420.6,,,,Manual/source-system review required
T038864,2024-04-18 00:00:00.000000,C00610,P0378,S008,-4,2380.46,0.0,9521.84,9521.84,1578.79,6315.16,3206.68,33.68,Mada,Store,Sports,38864,2380.46,,,,Manual/source-system review required
T039031,2025-07-26 00:00:00.000000,C00005,P0396,S007,0,3141.19,1256.48,12564.76,11308.28,2178.53,8714.12,2594.16,22.94,Card,Store,Sports,39031,3141.19,,,,Manual/source-system review required
T039163,2025-12-31 00:00:00.000000,C04130,P0344,S018,-2,1609.49,0.0,3218.98,3218.98,1024.27,2048.54,1170.44,36.36,Card,Store,Home & Living,39163,1609.49,,,,Manual/source-system review required
T039287,2024-03-02 00:00:00.000000,C00216,P0129,S015,0,194.14,145.6,970.7,825.1,159.75,798.75,26.35,3.19,Card,Store,Grocery,39287,194.14,,,,Manual/source-system review required
T039367,2024-01-03 00:00:00.000000,C00758,P0356,S014,-3,2762.82,414.42,8288.46,7874.04,2197.87,6593.61,1280.43,16.26,Mada,Store,Grocery,39367,2762.82,,,,Manual/source-system review required
T039576,2025-04-21 00:00:00.000000,C01317,P0066,S004,-4,132.98,0.0,531.92,531.92,110.89,443.56,88.36,16.61,Card,Store,Home & Living,39576,132.98,,,,Manual/source-system review required
T039689,2024-12-28 00:00:00.000000,C00219,P0008,S012,0,692.34,0.0,692.34,692.34,604.03,604.03,88.31,12.76,STC Pay,Store,Sports,39689,692.34,,,,Manual/source-system review required
T039828,2024-03-04 00:00:00.000000,C03048,P0404,S014,-2,1936.29,0.0,3872.58,3872.58,1616.77,3233.54,639.04,16.5,Cash,Store,Beauty,39828,1936.29,,,,Manual/source-system review required
T039889,2025-11-29 00:00:00.000000,C04077,P0079,S006,0,254.93,152.96,1529.58,1376.62,163.22,979.32,397.3,28.86,Card,Store,Electronics,39889,254.93,,,,Manual/source-system review required
T040302,2024-11-25 00:00:00.000000,C03233,P0167,S011,-4,667.35,0.0,2669.4,2669.4,480.0,1920.0,749.4,28.07,Card,E-commerce,Home Appliances,40302,667.35,,,,Manual/source-system review required
T040471,2025-01-03 00:00:00.000000,C03048,P0003,S011,0,87.03,39.16,261.09,221.93,67.58,202.74,19.19,8.65,Mada,Store,Grocery,40471,87.03,,,,Manual/source-system review required
T040560,2024-04-09 00:00:00.000000,C03236,P0060,S002,-4,3072.81,0.0,12291.24,12291.24,2549.04,10196.16,2095.08,17.05,STC Pay,Store,Electronics,40560,3072.81,,,,Manual/source-system review required
T041116,2024-06-30 00:00:00.000000,C00291,P0360,S011,-4,2817.31,563.46,11269.24,10705.78,1809.82,7239.28,3466.5,32.38,Card,Store,Sports,41116,2817.31,,,,Manual/source-system review required
T041240,2025-02-08 00:00:00.000000,C04935,P0044,S002,-3,2277.04,0.0,6831.12,6831.12,1933.25,5799.75,1031.37,15.1,Mada,Store,Home & Living,41240,2277.04,,,,Manual/source-system review required
T041267,2024-01-17 00:00:00.000000,C03512,P0026,S008,-5,489.04,0.0,2445.2,2445.2,377.2,1886.0,559.2,22.87,Mada,Store,Fashion,41267,489.04,,,,Manual/source-system review required
T041295,2025-02-03 00:00:00.000000,C03543,P0223,S019,-5,484.72,0.0,2423.6,2423.6,360.43,1802.15,621.45,25.64,STC Pay,E-commerce,Home & Living,41295,484.72,,,,Manual/source-system review required
T041679,2025-09-30 00:00:00.000000,C01090,P0288,S011,0,2923.25,876.98,5846.5,4969.52,1858.44,3716.88,1252.64,25.21,Mada,Store,Home Appliances,41679,2923.25,,,,Manual/source-system review required
T042244,2025-04-09 00:00:00.000000,C01523,P0239,S009,0,2686.4,537.28,10745.6,10208.32,1877.53,7510.12,2698.2,26.43,Card,E-commerce,Beauty,42244,2686.4,,,,Manual/source-system review required
T043230,2024-10-18 00:00:00.000000,C02325,P0403,S020,0,2669.45,0.0,16016.7,16016.7,1695.64,10173.84,5842.86,36.48,STC Pay,E-commerce,Home & Living,43230,2669.45,,,,Manual/source-system review required
T043307,2024-10-03 00:00:00.000000,C01123,P0362,S003,-1,267.01,13.35,267.01,253.66,163.67,163.67,89.99,35.48,Card,Store,Electronics,43307,267.01,,,,Manual/source-system review required
T043505,2024-08-12 00:00:00.000000,C02274,P0074,S014,-2,4232.05,846.41,8464.1,7617.69,2865.5,5731.0,1886.69,24.77,Card,E-commerce,Fashion,43505,4232.05,,,,Manual/source-system review required
T043529,2024-04-12 00:00:00.000000,C02526,P0184,S008,-3,3222.47,0.0,9667.41,9667.41,2126.8,6380.4,3287.01,34.0,Mada,Store,Home Appliances,43529,3222.47,,,,Manual/source-system review required
T043728,2024-06-09 00:00:00.000000,C03059,P0297,S002,-1,1736.47,86.82,1736.47,1649.65,1128.06,1128.06,521.59,31.62,Mada,Store,Beauty,43728,1736.47,,,,Manual/source-system review required
T043742,2025-08-02 00:00:00.000000,C02077,P0384,S013,-5,2957.89,0.0,14789.45,14789.45,1906.79,9533.95,5255.5,35.54,Cash,E-commerce,Beauty,43742,2957.89,,,,Manual/source-system review required
T044151,2025-04-29 00:00:00.000000,C01793,P0199,S013,-1,1482.64,222.4,1482.64,1260.24,1018.89,1018.89,241.35,19.15,Cash,Store,Sports,44151,1482.64,,,,Manual/source-system review required
T044163,2025-09-05 00:00:00.000000,C00599,P0391,S006,-2,366.53,36.65,733.06,696.41,305.23,610.46,85.95,12.34,Mada,E-commerce,Electronics,44163,366.53,,,,Manual/source-system review required
T044582,2024-10-17 00:00:00.000000,C01833,P0257,S002,0,779.84,0.0,3119.36,3119.36,572.71,2290.84,828.52,26.56,Mada,Store,Electronics,44582,779.84,,,,Manual/source-system review required
T044642,2024-08-06 00:00:00.000000,C01713,P0373,S006,0,2550.26,510.05,5100.52,4590.47,1748.91,3497.82,1092.65,23.8,Card,Store,Home Appliances,44642,2550.26,,,,Manual/source-system review required
T044665,2024-11-17 00:00:00.000000,C04693,P0213,S009,-5,861.76,215.44,4308.8,4093.36,681.48,3407.4,685.96,16.76,STC Pay,E-commerce,Fashion,44665,861.76,,,,Manual/source-system review required
T044861,2024-06-17 00:00:00.000000,C04013,P0034,S007,-5,2538.16,0.0,12690.8,12690.8,1907.92,9539.6,3151.2,24.83,Card,Store,Home Appliances,44861,2538.16,,,,Manual/source-system review required
T044998,2025-12-27 00:00:00.000000,C01533,P0400,S010,0,2689.99,0.0,8069.97,8069.97,1786.58,5359.74,2710.23,33.58,Apple Pay,Store,Home & Living,44998,2689.99,,,,Manual/source-system review required
T045177,2025-09-16 00:00:00.000000,C01752,P0245,S003,0,3483.76,522.56,10451.28,9928.72,2202.03,6606.09,3322.63,33.46,Mada,E-commerce,Beauty,45177,3483.76,,,,Manual/source-system review required
T045642,2025-11-01 00:00:00.000000,C04122,P0219,S019,0,2786.5,0.0,11146.0,11146.0,1935.92,7743.68,3402.32,30.53,Apple Pay,Store,Grocery,45642,2786.5,,,,Manual/source-system review required
T045688,2024-11-28 00:00:00.000000,C03772,P0331,S020,0,2221.88,0.0,13331.28,13331.28,1398.62,8391.72,4939.56,37.05,STC Pay,Store,Home & Living,45688,2221.88,,,,Manual/source-system review required
T045771,2024-06-25 00:00:00.000000,C01945,P0391,S016,-2,368.44,36.84,736.88,700.04,305.23,610.46,89.58,12.8,STC Pay,Store,Electronics,45771,368.44,,,,Manual/source-system review required
T045881,2025-06-01 00:00:00.000000,C04377,P0422,S008,0,662.63,33.13,662.63,629.5,422.8,422.8,206.7,32.84,Card,E-commerce,Home & Living,45881,662.63,,,,Manual/source-system review required
T046252,2025-04-26 00:00:00.000000,C02027,P0046,S005,0,3744.99,0.0,11234.97,11234.97,2921.52,8764.56,2470.41,21.99,Card,E-commerce,Sports,46252,3744.99,,,,Manual/source-system review required
T046911,2025-01-20 00:00:00.000000,C02132,P0385,S007,0,3269.39,1307.76,13077.56,11769.8,2654.94,10619.76,1150.04,9.77,Card,Store,Home & Living,46911,3269.39,,,,Manual/source-system review required
T047017,2025-09-19 00:00:00.000000,C00821,P0477,S014,0,1616.28,1293.02,12930.24,11637.22,1168.42,9347.36,2289.86,19.68,Card,Store,Home Appliances,47017,1616.28,,,,Manual/source-system review required
T047072,2024-01-25 00:00:00.000000,C00462,P0086,S018,-4,429.58,343.66,1718.32,1374.66,301.44,1205.76,168.9,12.29,Apple Pay,Store,Beauty,47072,429.58,,,,Manual/source-system review required
T047190,2025-04-30 00:00:00.000000,C03734,P0121,S020,0,1857.58,743.03,7430.32,6687.29,1245.54,4982.16,1705.13,25.5,STC Pay,E-commerce,Beauty,47190,1857.58,,,,Manual/source-system review required
T047328,2024-07-19 00:00:00.000000,C01486,P0029,S015,0,1133.48,793.44,7934.36,7140.92,916.62,6416.34,724.58,10.15,Apple Pay,E-commerce,Home Appliances,47328,1133.48,,,,Manual/source-system review required
T047338,2024-02-10 00:00:00.000000,C02273,P0075,S005,-4,1667.03,0.0,6668.12,6668.12,1270.41,5081.64,1586.48,23.79,Mada,E-commerce,Home Appliances,47338,1667.03,,,,Manual/source-system review required
T047345,2024-04-04 00:00:00.000000,C04570,P0193,S014,-5,2156.67,539.17,10783.35,10244.18,1787.03,8935.15,1309.03,12.78,Apple Pay,Store,Electronics,47345,2156.67,,,,Manual/source-system review required
T047512,2025-09-30 00:00:00.000000,C01012,P0332,S013,-4,3435.47,0.0,13741.88,13741.88,2211.34,8845.36,4896.52,35.63,Mada,Store,Home & Living,47512,3435.47,,,,Manual/source-system review required
T047888,2024-05-31 00:00:00.000000,C03409,P0494,S009,-2,869.85,0.0,1739.7,1739.7,692.11,1384.22,355.48,20.43,STC Pay,Store,Fashion,47888,869.85,,,,Manual/source-system review required
T047906,2024-02-16 00:00:00.000000,C03363,P0008,S013,0,722.44,216.73,2167.32,1950.59,604.03,1812.09,138.5,7.1,Card,Store,Sports,47906,722.44,,,,Manual/source-system review required
T048200,2024-12-07 00:00:00.000000,C01558,P0137,S009,-7,3969.49,0.0,27786.43,27786.43,2781.23,19468.61,8317.82,29.93,Apple Pay,Store,Home Appliances,48200,3969.49,,,,Manual/source-system review required
T048222,2024-09-23 00:00:00.000000,C00029,P0250,S008,-2,3584.42,716.88,7168.84,6451.96,2390.12,4780.24,1671.72,25.91,STC Pay,Store,Grocery,48222,3584.42,,,,Manual/source-system review required
T048249,2025-12-15 00:00:00.000000,C01933,P0351,S017,-1,2464.09,0.0,2464.09,2464.09,1762.32,1762.32,701.77,28.48,Card,Store,Home Appliances,48249,2464.09,,,,Manual/source-system review required
T048348,2025-05-12 00:00:00.000000,C03268,P0446,S008,0,3022.22,0.0,6044.44,6044.44,2217.55,4435.1,1609.34,26.63,Cash,E-commerce,Beauty,48348,3022.22,,,,Manual/source-system review required
T048542,2025-01-06 00:00:00.000000,C00649,P0464,S017,-3,2821.23,846.37,8463.69,7617.32,2264.5,6793.5,823.82,10.82,Card,Store,Beauty,48542,2821.23,,,,Manual/source-system review required
T048588,2024-09-24 00:00:00.000000,C03917,P0110,S020,-4,2121.97,424.39,8487.88,8063.49,1594.54,6378.16,1685.33,20.9,Card,E-commerce,Grocery,48588,2121.97,,,,Manual/source-system review required
T048592,2025-12-17 00:00:00.000000,C01999,P0220,S013,-4,1521.91,304.38,6087.64,5783.26,1020.88,4083.52,1699.74,29.39,Card,Store,Electronics,48592,1521.91,,,,Manual/source-system review required
T049199,2024-03-07 00:00:00.000000,C01923,P0268,S003,-3,1973.4,0.0,5920.2,5920.2,1547.81,4643.43,1276.77,21.57,Mada,E-commerce,Home & Living,49199,1973.4,,,,Manual/source-system review required
T049256,2025-03-07 00:00:00.000000,C01184,P0310,S003,0,1684.57,0.0,5053.71,5053.71,1484.95,4454.85,598.86,11.85,Card,Store,Fashion,49256,1684.57,,,,Manual/source-system review required
T049467,2024-09-14 00:00:00.000000,C01585,P0450,S001,-3,4326.92,0.0,12980.76,12980.76,2828.1,8484.3,4496.46,34.64,Mada,Store,Beauty,49467,4326.92,,,,Manual/source-system review required
T049871,2024-06-25 00:00:00.000000,C02368,P0448,S009,-4,377.54,0.0,1510.16,1510.16,334.0,1336.0,174.16,11.53,Card,E-commerce,Electronics,49871,377.54,,,,Manual/source-system review required
T050391,2025-05-25 00:00:00.000000,C01650,P0252,S013,0,2387.76,0.0,11938.8,11938.8,1690.82,8454.1,3484.7,29.19,Mada,Store,Grocery,50391,2387.76,,,,Manual/source-system review required
T050540,2024-05-13 00:00:00.000000,C03306,P0449,S011,-4,1438.11,0.0,5752.44,5752.44,1072.69,4290.76,1461.68,25.41,Mada,Store,Home & Living,50540,1438.11,,,,Manual/source-system review required
T051277,2025-06-18 00:00:00.000000,C02428,P0469,S002,0,707.77,283.11,1415.54,1132.43,497.01,994.02,138.41,12.22,Card,E-commerce,Sports,51277,707.77,,,,Manual/source-system review required
T052011,2025-03-18 00:00:00.000000,C03217,P0314,S011,0,1768.4,1061.04,5305.2,4244.16,1451.91,4355.73,-111.57,-2.63,Card,Store,Home Appliances,52011,1768.4,,,,Manual/source-system review required
T052291,2024-01-30 00:00:00.000000,C04473,P0500,S017,-2,156.1,46.83,312.2,265.37,128.14,256.28,9.09,3.43,Card,Store,Beauty,52291,156.1,,,,Manual/source-system review required
T052316,2025-01-16 00:00:00.000000,C02766,P0188,S014,-4,2767.87,1107.15,11071.48,9964.33,2320.21,9280.84,683.49,6.86,Cash,Store,Home Appliances,52316,2767.87,,,,Manual/source-system review required
T052329,2025-10-05 00:00:00.000000,C01223,P0229,S014,0,3073.09,1229.24,12292.36,11063.12,2492.63,9970.52,1092.6,9.88,STC Pay,Store,Home Appliances,52329,3073.09,,,,Manual/source-system review required
T052440,2025-11-26 00:00:00.000000,C04383,P0212,S015,0,728.07,72.81,1456.14,1383.33,485.33,970.66,412.67,29.83,Mada,Store,Electronics,52440,728.07,,,,Manual/source-system review required
T052758,2024-04-03 00:00:00.000000,C04635,P0398,S018,-4,1422.36,284.47,5689.44,5404.97,1043.81,4175.24,1229.73,22.75,Card,E-commerce,Fashion,52758,1422.36,,,,Manual/source-system review required
T052996,2024-09-14 00:00:00.000000,C04762,P0405,S012,0,1470.57,294.11,2941.14,2647.03,916.54,1833.08,813.95,30.75,Apple Pay,E-commerce,Sports,52996,1470.57,,,,Manual/source-system review required
T053044,2025-01-07 00:00:00.000000,C00241,P0401,S008,-3,668.36,0.0,2005.08,2005.08,587.17,1761.51,243.57,12.15,Mada,Store,Beauty,53044,668.36,,,,Manual/source-system review required
T053109,2024-01-17 00:00:00.000000,C01644,P0481,S006,-3,2251.47,0.0,6754.41,6754.41,1934.13,5802.39,952.02,14.09,Mada,Store,Home Appliances,53109,2251.47,,,,Manual/source-system review required
T053327,2025-01-20 00:00:00.000000,C04453,P0197,S013,0,626.08,0.0,2504.32,2504.32,513.25,2053.0,451.32,18.02,Mada,E-commerce,Sports,53327,626.08,,,,Manual/source-system review required
T053407,2024-06-29 00:00:00.000000,C03232,P0339,S017,-2,1530.04,0.0,3060.08,3060.08,1322.75,2645.5,414.58,13.55,Mada,E-commerce,Home Appliances,53407,1530.04,,,,Manual/source-system review required
T053544,2025-05-13 00:00:00.000000,C01758,P0177,S004,-3,2577.92,386.69,7733.76,7347.07,1773.15,5319.45,2027.62,27.6,Cash,Store,Electronics,53544,2577.92,,,,Manual/source-system review required
T054182,2024-07-26 00:00:00.000000,C03692,P0013,S012,-1,3055.02,458.25,3055.02,2596.77,1960.21,1960.21,636.56,24.51,Mada,E-commerce,Home Appliances,54182,3055.02,,,,Manual/source-system review required
T054360,2025-08-28 00:00:00.000000,C02611,P0148,S008,-3,1063.86,0.0,3191.58,3191.58,723.63,2170.89,1020.69,31.98,Mada,Store,Home & Living,54360,1063.86,,,,Manual/source-system review required
T054370,2025-08-13 00:00:00.000000,C04206,P0009,S008,0,3196.19,0.0,12784.76,12784.76,2247.01,8988.04,3796.72,29.7,Mada,E-commerce,Fashion,54370,3196.19,,,,Manual/source-system review required
T054378,2024-03-08 00:00:00.000000,C00117,P0499,S009,-5,3314.59,0.0,16572.95,16572.95,2870.71,14353.55,2219.4,13.39,Cash,Store,Home & Living,54378,3314.59,,,,Manual/source-system review required
T054536,2024-10-29 00:00:00.000000,C04209,P0489,S012,0,475.04,0.0,1900.16,1900.16,372.64,1490.56,409.6,21.56,Apple Pay,E-commerce,Home Appliances,54536,475.04,,,,Manual/source-system review required
T054575,2024-11-07 00:00:00.000000,C04937,P0138,S011,-2,4220.88,0.0,8441.76,8441.76,2940.5,5881.0,2560.76,30.33,Apple Pay,E-commerce,Home & Living,54575,4220.88,,,,Manual/source-system review required
T054839,2024-11-10 00:00:00.000000,C00766,P0429,S017,-4,915.78,183.16,3663.12,3479.96,702.11,2808.44,671.52,19.3,Mada,Store,Electronics,54839,915.78,,,,Manual/source-system review required
T055068,2024-10-24 00:00:00.000000,C04655,P0307,S009,-5,105.3,0.0,526.5,526.5,73.23,366.15,160.35,30.46,Card,Store,Sports,55068,105.3,,,,Manual/source-system review required
T055205,2025-01-04 00:00:00.000000,C04362,P0036,S014,-5,2410.21,602.55,12051.05,11448.5,2039.14,10195.7,1252.8,10.94,Apple Pay,Store,Electronics,55205,2410.21,,,,Manual/source-system review required
T055555,2024-09-06 00:00:00.000000,C00072,P0468,S019,-5,3306.32,2479.74,16531.6,14051.86,2072.88,10364.4,3687.46,26.24,Card,Store,Home & Living,55555,3306.32,,,,Manual/source-system review required
T055670,2025-04-18 00:00:00.000000,C04683,P0345,S009,0,2896.43,289.64,5792.86,5503.22,1771.9,3543.8,1959.42,35.6,Card,E-commerce,Electronics,55670,2896.43,,,,Manual/source-system review required
T055714,2024-10-31 00:00:00.000000,C00876,P0457,S017,-3,2695.21,404.28,8085.63,7681.35,1755.62,5266.86,2414.49,31.43,Card,E-commerce,Electronics,55714,2695.21,,,,Manual/source-system review required
T055956,2025-05-21 00:00:00.000000,C01822,P0254,S012,0,3472.53,347.25,6945.06,6597.81,2415.85,4831.7,1766.11,26.77,Card,Store,Beauty,55956,3472.53,,,,Manual/source-system review required
T055975,2024-05-29 00:00:00.000000,C03312,P0439,S015,-5,1050.89,0.0,5254.45,5254.45,745.56,3727.8,1526.65,29.05,Card,E-commerce,Electronics,55975,1050.89,,,,Manual/source-system review required
T055996,2024-08-12 00:00:00.000000,C02478,P0130,S008,-3,2275.4,341.31,6826.2,6484.89,1570.52,4711.56,1773.33,27.35,Card,E-commerce,Home Appliances,55996,2275.4,,,,Manual/source-system review required
T056174,2024-08-28 00:00:00.000000,C03001,P0466,S005,0,3712.83,0.0,25989.81,25989.81,2525.3,17677.1,8312.71,31.98,Card,Store,Grocery,56174,3712.83,,,,Manual/source-system review required
T056438,2024-12-20 00:00:00.000000,C02202,P0150,S013,0,3792.81,1517.12,7585.62,6068.5,2687.72,5375.44,693.06,11.42,Cash,Store,Grocery,56438,3792.81,,,,Manual/source-system review required
T056453,2025-04-08 00:00:00.000000,C04436,P0219,S005,-2,2890.7,0.0,5781.4,5781.4,1935.92,3871.84,1909.56,33.03,Apple Pay,Store,Grocery,56453,2890.7,,,,Manual/source-system review required
T056662,2025-09-29 00:00:00.000000,C01357,P0290,S002,0,954.73,0.0,2864.19,2864.19,864.36,2593.08,271.11,9.47,Card,E-commerce,Beauty,56662,954.73,,,,Manual/source-system review required
T056965,2024-06-22 00:00:00.000000,C03007,P0374,S018,-6,3662.99,1098.9,21977.94,20879.04,2442.7,14656.2,6222.84,29.8,STC Pay,E-commerce,Sports,56965,3662.99,,,,Manual/source-system review required
T057981,2024-01-24 00:00:00.000000,C00677,P0260,S002,-7,369.57,0.0,2586.99,2586.99,293.26,2052.82,534.17,20.65,Mada,E-commerce,Sports,57981,369.57,,,,Manual/source-system review required
T058034,2024-06-15 00:00:00.000000,C01045,P0363,S012,-4,2622.73,1573.64,10490.92,8917.28,2262.23,9048.92,-131.64,-1.48,Apple Pay,Store,Fashion,58034,2622.73,,,,Manual/source-system review required
T058125,2024-04-04 00:00:00.000000,C02004,P0336,S012,0,2821.31,846.39,8463.93,7617.54,1876.44,5629.32,1988.22,26.1,Mada,Store,Home & Living,58125,2821.31,,,,Manual/source-system review required
T059082,2025-03-25 00:00:00.000000,C04577,P0323,S006,-2,411.94,82.39,823.88,741.49,258.74,517.48,224.01,30.21,Cash,Store,Home & Living,59082,411.94,,,,Manual/source-system review required
T059489,2025-12-26 00:00:00.000000,C01811,P0261,S009,0,873.95,0.0,3495.8,3495.8,731.56,2926.24,569.56,16.29,Mada,Store,Home & Living,59489,873.95,,,,Manual/source-system review required
T059844,2025-03-31 00:00:00.000000,C03375,P0205,S016,-5,641.27,0.0,3206.35,3206.35,463.01,2315.05,891.3,27.8,Card,Store,Home Appliances,59844,641.27,,,,Manual/source-system review required
T059871,2024-09-11 00:00:00.000000,C01577,P0213,S013,0,833.22,0.0,1666.44,1666.44,681.48,1362.96,303.48,18.21,Apple Pay,Store,Fashion,59871,833.22,,,,Manual/source-system review required
T059903,2025-10-30 00:00:00.000000,C01382,P0269,S015,0,198.77,39.75,397.54,357.79,129.46,258.92,98.87,27.63,Apple Pay,E-commerce,Electronics,59903,198.77,,,,Manual/source-system review required
T060087,2024-05-10 00:00:00.000000,C01937,P0490,S007,0,3353.33,0.0,6706.66,6706.66,2225.16,4450.32,2256.34,33.64,Mada,Store,Sports,60087,3353.33,,,,Manual/source-system review required
T060359,2024-04-05 00:00:00.000000,C01509,P0079,S002,0,256.13,25.61,256.13,230.52,163.22,163.22,67.3,29.19,Apple Pay,E-commerce,Electronics,60359,256.13,,,,Manual/source-system review required
T060969,2025-10-17 00:00:00.000000,C02976,P0109,S004,0,948.63,0.0,1897.26,1897.26,727.77,1455.54,441.72,23.28,Card,Store,Electronics,60969,948.63,,,,Manual/source-system review required
T061121,2025-03-31 00:00:00.000000,C01963,P0289,S006,0,1274.04,0.0,3822.12,3822.12,1142.55,3427.65,394.47,10.32,Card,Store,Grocery,61121,1274.04,,,,Manual/source-system review required
T061341,2024-08-03 00:00:00.000000,C00670,P0102,S014,-5,2584.22,0.0,12921.1,12921.1,2108.89,10544.45,2376.65,18.39,Mada,E-commerce,Home Appliances,61341,2584.22,,,,Manual/source-system review required
T062649,2025-07-01 00:00:00.000000,C03177,P0109,S007,-3,994.92,0.0,2984.76,2984.76,727.77,2183.31,801.45,26.85,STC Pay,Store,Electronics,62649,994.92,,,,Manual/source-system review required
T062808,2024-02-25 00:00:00.000000,C00531,P0330,S004,0,1557.42,311.48,6229.68,5918.2,1221.72,4886.88,1031.32,17.43,Card,Store,Electronics,62808,1557.42,,,,Manual/source-system review required
T063326,2025-12-02 00:00:00.000000,C04106,P0393,S001,-2,585.95,58.6,1171.9,1113.3,442.49,884.98,228.32,20.51,Mada,Store,Sports,63326,585.95,,,,Manual/source-system review required
T063381,2024-07-01 00:00:00.000000,C04783,P0407,S011,0,2478.57,619.64,12392.85,11773.21,1629.07,8145.35,3627.86,30.81,STC Pay,Store,Home & Living,63381,2478.57,,,,Manual/source-system review required
T063444,2025-06-24 00:00:00.000000,C00810,P0018,S007,0,1610.9,0.0,3221.8,3221.8,1329.22,2658.44,563.36,17.49,Apple Pay,Store,Fashion,63444,1610.9,,,,Manual/source-system review required
T063658,2025-10-03 00:00:00.000000,C00195,P0209,S004,-4,2151.57,430.31,8606.28,8175.97,1612.68,6450.72,1725.25,21.1,Card,Store,Sports,63658,2151.57,,,,Manual/source-system review required
T063772,2025-11-03 00:00:00.000000,C04894,P0178,S014,-4,1536.1,614.44,6144.4,5529.96,1143.29,4573.16,956.8,17.3,Card,E-commerce,Fashion,63772,1536.1,,,,Manual/source-system review required
T063964,2024-09-18 00:00:00.000000,C04334,P0310,S012,-4,1707.24,1024.34,6828.96,5804.62,1484.95,5939.8,-135.18,-2.33,Card,Store,Fashion,63964,1707.24,,,,Manual/source-system review required
T063968,2025-10-15 00:00:00.000000,C00310,P0389,S013,0,2931.43,293.14,5862.86,5569.72,2304.64,4609.28,960.44,17.24,STC Pay,Store,Fashion,63968,2931.43,,,,Manual/source-system review required
T064041,2024-02-09 00:00:00.000000,C04250,P0139,S007,-4,827.79,0.0,3311.16,3311.16,735.63,2942.52,368.64,11.13,STC Pay,Store,Beauty,64041,827.79,,,,Manual/source-system review required
T064050,2025-06-29 00:00:00.000000,C00656,P0439,S019,-1,1088.5,0.0,1088.5,1088.5,745.56,745.56,342.94,31.51,Apple Pay,Store,Electronics,64050,1088.5,,,,Manual/source-system review required
T064154,2024-09-12 00:00:00.000000,C01823,P0266,S004,0,4480.04,672.01,13440.12,12768.11,2713.1,8139.3,4628.81,36.25,Card,Store,Sports,64154,4480.04,,,,Manual/source-system review required
T064196,2024-07-03 00:00:00.000000,C02511,P0434,S008,0,1207.87,0.0,1207.87,1207.87,794.24,794.24,413.63,34.24,Cash,E-commerce,Home & Living,64196,1207.87,,,,Manual/source-system review required
T064595,2025-08-18 00:00:00.000000,C01099,P0467,S017,-1,3042.14,0.0,3042.14,3042.14,2235.4,2235.4,806.74,26.52,Cash,Store,BEAUTY,64595,3042.14,,,,Manual/source-system review required
T064717,2025-02-28 00:00:00.000000,C00593,P0453,S012,0,1088.9,0.0,4355.6,4355.6,698.97,2795.88,1559.72,35.81,Cash,Store,Grocery,64717,1088.9,,,,Manual/source-system review required
T065033,2025-09-27 00:00:00.000000,C02480,P0106,S014,-3,2596.23,0.0,7788.69,7788.69,2121.15,6363.45,1425.24,18.3,Mada,Store,Grocery,65033,2596.23,,,,Manual/source-system review required
T065364,2025-09-30 00:00:00.000000,C02597,P0091,S011,-2,526.4,0.0,1052.8,1052.8,400.52,801.04,251.76,23.91,Mada,Store,Grocery,65364,526.4,,,,Manual/source-system review required
T065664,2025-05-04 00:00:00.000000,C01089,P0065,S018,-2,180.84,0.0,361.68,361.68,127.11,254.22,107.46,29.71,Card,Store,Electronics,65664,180.84,,,,Manual/source-system review required
T065682,2024-12-09 00:00:00.000000,C02432,P0223,S017,-3,513.19,0.0,1539.57,1539.57,360.43,1081.29,458.28,29.77,Card,Store,Home & Living,65682,513.19,,,,Manual/source-system review required
T065834,2025-01-17 00:00:00.000000,C03433,P0054,S014,-4,885.3,354.12,3541.2,3187.08,547.79,2191.16,995.92,31.25,Cash,Store,Electronics,65834,885.3,,,,Manual/source-system review required
T066571,2025-12-30 00:00:00.000000,C01712,P0467,S004,-3,3120.64,0.0,9361.92,9361.92,2235.4,6706.2,2655.72,28.37,Apple Pay,Store,Beauty,66571,3120.64,,,,Manual/source-system review required
T066752,2025-05-07 00:00:00.000000,C02586,P0237,S016,-2,1786.12,357.22,3929.46,3215.02,1461.59,2923.18,291.84,9.08,Mada,E-commerce,Home & Living,66752,1786.12,,,,Manual/source-system review required
T066833,2025-06-12 00:00:00.000000,C04247,P0221,S001,0,1203.92,180.59,3611.76,3431.17,818.83,2456.49,974.68,28.41,Card,Store,Electronics,66833,1203.92,,,,Manual/source-system review required
T066970,2025-12-29 00:00:00.000000,C03487,P0263,S013,-4,113.41,22.68,453.64,430.96,73.26,293.04,137.92,32.0,Card,Store,Home Appliances,66970,113.41,,,,Manual/source-system review required
T067343,2024-12-30 00:00:00.000000,C00283,P0333,S012,-4,2356.89,0.0,9427.56,9427.56,1744.45,6977.8,2449.76,25.99,Card,E-commerce,Grocery,67343,2356.89,,,,Manual/source-system review required
T067713,2024-11-09 00:00:00.000000,C01314,P0217,S019,-3,1544.55,926.73,4633.65,3706.92,1231.05,3693.15,13.77,0.37,Mada,Store,Home Appliances,67713,1544.55,,,,Manual/source-system review required
T067840,2025-02-23 00:00:00.000000,C00297,P0264,S007,0,2668.54,400.28,8005.62,7605.34,2045.35,6136.05,1469.29,19.32,Mada,E-commerce,Fashion,67840,2668.54,,,,Manual/source-system review required
T067857,2025-03-17 00:00:00.000000,C04033,P0129,S012,0,207.35,20.74,414.7,393.96,159.75,319.5,74.46,18.9,Card,Store,Grocery,67857,207.35,,,,Manual/source-system review required
T068095,2024-06-07 00:00:00.000000,C04946,P0419,S017,0,2250.96,0.0,6752.88,6752.88,1826.99,5480.97,1271.91,18.84,Mada,Store,Home & Living,68095,2250.96,,,,Manual/source-system review required
T068160,2024-03-20 00:00:00.000000,C04856,P0248,S011,0,760.54,0.0,2281.62,2281.62,558.11,1674.33,607.29,26.62,Card,Store,Fashion,68160,760.54,,,,Manual/source-system review required
T068461,2024-02-14 00:00:00.000000,C03262,P0088,S014,0,2241.25,336.19,6723.75,6387.56,1498.19,4494.57,1892.99,29.64,Card,E-commerce,Electronics,68461,2241.25,,,,Manual/source-system review required
T068484,2024-04-13 00:00:00.000000,C03617,P0179,S003,0,1949.13,389.83,7796.52,7406.69,1327.46,5309.84,2096.85,28.31,Cash,E-commerce,Home Appliances,68484,1949.13,,,,Manual/source-system review required
T068895,2025-07-22 00:00:00.000000,C01119,P0396,S013,-2,3204.82,0.0,6409.64,6409.64,2178.53,4357.06,2052.58,32.02,Card,Store,Sports,68895,3204.82,,,,Manual/source-system review required
T069508,2024-03-14 00:00:00.000000,C03828,P0399,S015,0,2488.78,0.0,2488.78,2488.78,2015.42,2015.42,473.36,19.02,STC Pay,Store,Beauty,69508,2488.78,,,,Manual/source-system review required
T069592,2024-06-12 00:00:00.000000,C00016,P0118,S020,0,1424.17,0.0,4272.51,4272.51,942.39,2827.17,1445.34,33.83,Card,Store,Home & Living,69592,1424.17,,,,Manual/source-system review required
T069819,2025-02-28 00:00:00.000000,C02526,P0414,S016,0,1555.48,155.55,1555.48,1399.93,1185.31,1185.31,214.62,15.33,Apple Pay,E-commerce,Home & Living,69819,1555.48,,,,Manual/source-system review required
T069926,2024-10-01 00:00:00.000000,C03218,P0229,S009,0,3154.89,1892.93,18929.34,17036.41,2492.63,14955.78,2080.63,12.21,Mada,Store,Home Appliances,69926,3154.89,,,,Manual/source-system review required
T070227,2025-08-24 00:00:00.000000,C955539,P0413,S020,-5,3966.59,0.0,19832.95,19832.95,2759.79,13798.95,6034.0,30.42,Card,Store,Grocery,70227,3966.59,,,,Manual/source-system review required
T070331,2025-04-14 00:00:00.000000,C02096,P0141,S009,-2,3586.63,358.66,7173.26,6814.6,2692.43,5384.86,1429.74,20.98,Card,Store,Electronics,70331,3586.63,,,,Manual/source-system review required
T070470,2024-07-17 00:00:00.000000,C04102,P0222,S019,0,3339.17,0.0,16695.85,16695.85,2585.98,12929.9,3765.95,22.56,Mada,Store,Home Appliances,70470,3339.17,,,,Manual/source-system review required
T070698,2024-10-15 00:00:00.000000,C01947,P0206,S017,-2,2188.91,437.78,4377.82,3940.04,1794.25,3588.5,351.54,8.92,Mada,Store,Fashion,70698,2188.91,,,,Manual/source-system review required
T071028,2025-02-25 00:00:00.000000,C00524,P0107,S008,0,1638.49,0.0,3276.98,3276.98,1488.02,2976.04,300.94,9.18,STC Pay,Store,Grocery,71028,1638.49,,,,Manual/source-system review required
T071059,2025-08-16 00:00:00.000000,C00469,P0495,S015,-5,2059.17,0.0,10295.85,10295.85,1316.84,6584.2,3711.65,36.05,Apple Pay,E-commerce,Home Appliances,71059,2059.17,,,,Manual/source-system review required
T071693,2025-09-12 00:00:00.000000,C00539,P0179,S001,0,1849.75,0.0,3699.5,3699.5,1327.46,2654.92,1044.58,28.24,Cash,Store,Home Appliances,71693,1849.75,,,,Manual/source-system review required
T072033,2024-10-05 00:00:00.000000,C00223,P0476,S002,0,1459.0,0.0,2918.0,2918.0,930.7,1861.4,1056.6,36.21,Card,E-commerce,Sports,72033,1459.0,,,,Manual/source-system review required
T072255,2024-12-29 00:00:00.000000,C03081,P0467,S001,-2,3102.06,620.41,6204.12,5583.71,2235.4,4470.8,1112.91,19.93,Card,E-commerce,Beauty,72255,3102.06,,,,Manual/source-system review required
T072998,2024-07-18 00:00:00.000000,C00447,P0442,S004,-4,2780.44,556.09,11121.76,10565.67,2430.47,9721.88,843.79,7.99,Card,Store,Fashion,72998,2780.44,,,,Manual/source-system review required
T073138,2024-07-20 00:00:00.000000,C00728,P0354,S018,-4,1473.9,589.56,5895.6,5306.04,1041.11,4164.44,1141.6,21.52,STC Pay,Store,Sports,73138,1473.9,,,,Manual/source-system review required
T073228,2025-12-24 00:00:00.000000,C00352,P0208,S006,-1,323.63,0.0,323.63,323.63,215.81,215.81,107.82,33.32,Apple Pay,E-commerce,Grocery,73228,323.63,,,,Manual/source-system review required
T073264,2024-06-25 00:00:00.000000,C01793,P0423,S020,0,4282.6,0.0,8565.2,8565.2,2810.62,5621.24,2943.96,34.37,Cash,Store,Beauty,73264,4282.6,,,,Manual/source-system review required
T073565,2025-11-04 00:00:00.000000,C01145,P0361,S004,-4,2378.91,0.0,9515.64,9515.64,1960.67,7842.68,1672.96,17.58,Mada,Store,Sports,73565,2378.91,,,,Manual/source-system review required
T073598,2024-09-10 00:00:00.000000,C01269,P0303,S018,-4,1881.1,0.0,7524.4,7524.4,1239.82,4959.28,2565.12,34.09,Card,Store,Home Appliances,73598,1881.1,,,,Manual/source-system review required
T073971,2025-09-24 00:00:00.000000,C02728,P0394,S002,-4,1698.02,679.21,6792.08,6112.87,1224.87,4899.48,1213.39,19.85,Cash,Store,Home Appliances,73971,1698.02,,,,Manual/source-system review required
T074359,2024-05-14 00:00:00.000000,C04784,P0410,S002,0,946.21,0.0,5677.26,5677.26,697.52,4185.12,1492.14,26.28,Mada,Store,Sports,74359,946.21,,,,Manual/source-system review required
T075002,2024-08-18 00:00:00.000000,C01221,P0212,S020,-6,690.93,0.0,4145.58,4145.58,485.33,2911.98,1233.6,29.76,Mada,Store,Electronics,75002,690.93,,,,Manual/source-system review required
T075427,2024-10-26 00:00:00.000000,C00270,P0168,S019,-2,1522.08,152.21,3044.16,2891.95,1120.31,2240.62,651.33,22.52,Cash,Store,Beauty,75427,1522.08,,,,Manual/source-system review required
T075549,2024-06-18 00:00:00.000000,C04286,P0325,S017,-5,1885.94,0.0,9429.7,9429.7,1327.05,6635.25,2794.45,29.63,Mada,Store,Fashion,75549,1885.94,,,,Manual/source-system review required
T076173,2024-05-26 00:00:00.000000,C02087,P0437,S009,-2,1168.63,0.0,2337.26,2337.26,812.24,1624.48,712.78,30.5,Card,Store,Electronics,76173,1168.63,,,,Manual/source-system review required
T076257,2024-04-29 00:00:00.000000,C04556,P0252,S011,-7,2370.93,0.0,16596.51,16596.51,1690.82,11835.74,4760.77,28.69,Card,Store,Grocery,76257,2370.93,,,,Manual/source-system review required
T076315,2025-08-09 00:00:00.000000,C01606,P0025,S020,0,56.59,0.0,169.77,169.77,40.72,122.16,47.61,28.04,STC Pay,E-commerce,Beauty,76315,56.59,,,,Manual/source-system review required
T076466,2024-02-04 00:00:00.000000,C03082,P0298,S017,-2,1650.6,330.12,3301.2,2971.08,1348.79,2697.58,273.5,9.21,Card,Store,Beauty,76466,1650.6,,,,Manual/source-system review required
T076763,2025-11-10 00:00:00.000000,C03184,P0397,S015,-1,3281.3,328.13,3281.3,2953.17,2684.69,2684.69,268.48,9.09,STC Pay,E-commerce,Home Appliances,76763,3281.3,,,,Manual/source-system review required
T076974,2025-10-14 00:00:00.000000,C02866,P0164,S014,-2,1292.52,258.5,2585.04,2326.54,854.34,1708.68,617.86,26.56,Card,E-commerce,Sports,76974,1292.52,,,,Manual/source-system review required
T076986,2025-04-10 00:00:00.000000,C03224,P0025,S003,0,53.87,0.0,107.74,107.74,40.72,81.44,26.3,24.41,Mada,E-commerce,Beauty,76986,53.87,,,,Manual/source-system review required
T077795,2024-01-29 00:00:00.000000,C01674,P0074,S017,-5,4382.06,2191.03,21910.3,19719.27,2865.5,14327.5,5391.77,27.34,Cash,Store,Fashion,77795,4382.06,,,,Manual/source-system review required
T077995,2024-01-01 00:00:00.000000,C02950,P0093,S002,-4,3727.68,745.54,14910.72,14165.18,2709.61,10838.44,3326.74,23.49,Mada,Store,Electronics,77995,3727.68,,,,Manual/source-system review required
T078029,2024-02-28 00:00:00.000000,C02392,P0301,S001,-1,4182.17,0.0,4182.17,4182.17,2606.8,2606.8,1575.37,37.67,Mada,Store,Home & Living,78029,4182.17,,,,Manual/source-system review required
T078888,2024-06-05 00:00:00.000000,C04534,P0405,S009,0,1456.34,436.9,8738.04,8301.14,916.54,5499.24,2801.9,33.75,Mada,Store,Sports,78888,1456.34,,,,Manual/source-system review required
T079022,2024-10-14 00:00:00.000000,C04418,P0382,S020,-3,2197.13,329.57,6591.39,6261.82,1710.59,5131.77,1130.05,18.05,Apple Pay,E-commerce,Home Appliances,79022,2197.13,,,,Manual/source-system review required
T079171,2024-01-08 00:00:00.000000,C01073,P0076,S014,0,474.69,0.0,949.38,949.38,378.09,756.18,193.2,20.35,Cash,Store,Sports,79171,474.69,,,,Manual/source-system review required
T079199,2024-04-21 00:00:00.000000,C01063,P0275,S015,-4,1638.77,0.0,6555.08,6555.08,1440.5,5762.0,793.08,12.1,Mada,Store,Electronics,79199,1638.77,,,,Manual/source-system review required
T079308,2024-01-23 00:00:00.000000,C00885,P0043,S001,-5,3371.26,1685.63,16856.3,15170.67,2183.35,10916.75,4253.92,28.04,Card,Store,Fashion,79308,3371.26,,,,Manual/source-system review required
T079325,2025-04-08 00:00:00.000000,C03854,P0170,S008,-2,507.73,0.0,1015.46,1015.46,433.7,867.4,148.06,14.58,Mada,Store,Electronics,79325,507.73,,,,Manual/source-system review required
T079411,2025-10-06 00:00:00.000000,C03581,P0393,S009,0,567.15,226.86,2268.6,2041.74,442.49,1769.96,271.78,13.31,Apple Pay,Store,Sports,79411,567.15,,,,Manual/source-system review required
T079514,2024-02-01 00:00:00.000000,C04075,P0218,S002,-2,340.84,68.17,681.68,613.51,274.82,549.64,63.87,10.41,Mada,Store,Grocery,79514,340.84,,,,Manual/source-system review required
T079532,2024-05-16 00:00:00.000000,C00828,P0429,S020,-3,861.58,0.0,2584.74,2584.74,702.11,2106.33,478.41,18.51,Mada,Store,Electronics,79532,861.58,,,,Manual/source-system review required
T079538,2025-05-20 00:00:00.000000,C02578,P0092,S007,-5,3117.99,1559.0,15589.95,14030.95,2045.94,10229.7,3801.25,27.09,Mada,Store,Home Appliances,79538,3117.99,,,,Manual/source-system review required
T079914,2025-11-25 00:00:00.000000,C02667,P0020,S006,-2,833.81,83.38,1667.62,1584.24,701.82,1403.64,180.6,11.4,Cash,Store,Home Appliances,79914,833.81,,,,Manual/source-system review required
T080357,2024-06-13 00:00:00.000000,C03266,P0276,S011,0,3443.31,0.0,20659.86,20659.86,2432.36,14594.16,6065.7,29.36,Cash,Store,Electronics,80357,3443.31,,,,Manual/source-system review required
T080464,2024-08-07 00:00:00.000000,C04080,P0006,S003,-4,1904.77,0.0,7619.08,7619.08,1711.75,6847.0,772.08,10.13,Card,Store,Home Appliances,80464,1904.77,,,,Manual/source-system review required
T080519,2025-02-06 00:00:00.000000,C02231,P0297,S019,-2,1765.42,353.08,3530.84,3177.76,1128.06,2256.12,921.64,29.0,STC Pay,E-commerce,Beauty,80519,1765.42,,,,Manual/source-system review required
T080662,2024-09-20 00:00:00.000000,C03874,P0316,S009,0,3072.06,0.0,9216.18,9216.18,2113.35,6340.05,2876.13,31.21,Apple Pay,E-commerce,Home & Living,80662,3072.06,,,,Manual/source-system review required
T081065,2024-06-15 00:00:00.000000,C02535,P0063,S017,0,308.16,30.82,616.32,585.5,231.4,462.8,122.7,20.96,Mada,E-commerce,Electronics,81065,308.16,,,,Manual/source-system review required
T081356,2025-10-03 00:00:00.000000,C00254,P0346,S005,-3,196.97,0.0,590.91,590.91,129.28,387.84,203.07,34.37,Cash,Store,Home & Living,81356,196.97,,,,Manual/source-system review required
T081708,2025-09-11 00:00:00.000000,C03385,P0134,S011,-5,2691.35,0.0,13456.75,13456.75,1917.2,9586.0,3870.75,28.76,Cash,Store,Home Appliances,81708,2691.35,,,,Manual/source-system review required
T082056,2025-04-10 00:00:00.000000,C04142,P0452,S010,0,383.13,95.78,1915.65,1819.87,266.2,1331.0,488.87,26.86,STC Pay,Store,Fashion,82056,383.13,,,,Manual/source-system review required
T082121,2024-03-21 00:00:00.000000,C00155,P0044,S014,-7,2321.63,1625.14,16251.41,14626.27,1933.25,13532.75,1093.52,7.48,Card,Store,Home & Living,82121,2321.63,,,,Manual/source-system review required
T082662,2024-01-08 00:00:00.000000,C03462,P0032,S009,-5,1093.14,546.57,5465.7,4919.13,741.32,3706.6,1212.53,24.65,Card,Store,Beauty,82662,1093.14,,,,Manual/source-system review required
T083957,2025-02-28 00:00:00.000000,C04197,P0066,S003,-4,133.05,53.22,532.2,478.98,110.89,443.56,35.42,7.39,Cash,Store,Home & Living,83957,133.05,,,,Manual/source-system review required
T084431,2025-12-23 00:00:00.000000,C03703,P0429,S017,-2,873.77,262.13,1747.54,1485.41,702.11,1404.22,81.19,5.47,Card,Store,Electronics,84431,873.77,,,,Manual/source-system review required
T084459,2024-08-15 00:00:00.000000,C03308,P0261,S001,-5,908.5,0.0,4542.5,4542.5,731.56,3657.8,884.7,19.48,Mada,Store,Home & Living,84459,908.5,,,,Manual/source-system review required
T084519,2025-09-06 00:00:00.000000,C03176,P0455,S016,-3,3824.69,1147.41,11474.07,10326.66,2880.28,8640.84,1685.82,16.32,Mada,E-commerce,Sports,84519,3824.69,,,,Manual/source-system review required
T084576,2024-12-13 00:00:00.000000,C03681,P0449,S011,-2,1439.03,287.81,2878.06,2590.25,1072.69,2145.38,444.87,17.17,Cash,Store,Home & Living,84576,1439.03,,,,Manual/source-system review required
T084994,2024-06-27 00:00:00.000000,C04018,P0346,S006,-2,184.52,0.0,369.04,369.04,129.28,258.56,110.48,29.94,Card,E-commerce,Home & Living,84994,184.52,,,,Manual/source-system review required
T085206,2024-04-10 00:00:00.000000,C02411,P0410,S010,0,886.12,265.84,2658.36,2392.52,697.52,2092.56,299.96,12.54,Card,Store,Sports,85206,886.12,,,,Manual/source-system review required
T086111,2025-03-12 00:00:00.000000,C01821,P0231,S001,-2,2563.95,512.79,5127.9,4615.11,1906.63,3813.26,801.85,17.37,Card,Store,Fashion,86111,2563.95,,,,Manual/source-system review required
T086586,2024-04-06 00:00:00.000000,C03711,P0111,S013,-1,4192.66,0.0,4192.66,4192.66,2775.44,2775.44,1417.22,33.8,Mada,Store,Beauty,86586,4192.66,,,,Manual/source-system review required
T086694,2024-06-08 00:00:00.000000,C04812,P0461,S012,-1,4314.36,431.44,4314.36,3882.92,2977.4,2977.4,905.52,23.32,Apple Pay,E-commerce,Grocery,86694,4314.36,,,,Manual/source-system review required
T086753,2024-10-11 00:00:00.000000,C02782,P0048,S012,-2,104.21,10.42,208.42,198.0,73.86,147.72,50.28,25.39,Mada,Store,Fashion,86753,104.21,,,,Manual/source-system review required
T087180,2024-07-12 00:00:00.000000,C04834,P0324,S004,0,3325.8,0.0,3325.8,3325.8,2355.82,2355.82,969.98,29.17,Mada,Store,Electronics,87180,3325.8,,,,Manual/source-system review required
T087397,2025-10-28 00:00:00.000000,C04284,P0313,S017,-4,2908.93,0.0,11635.72,11635.72,1977.81,7911.24,3724.48,32.01,Mada,E-commerce,Sports,87397,2908.93,,,,Manual/source-system review required
T087491,2024-08-13 00:00:00.000000,C03005,P0152,S004,-4,1276.22,0.0,5104.88,5104.88,1144.31,4577.24,527.64,10.34,Card,Store,Grocery,87491,1276.22,,,,Manual/source-system review required
T088008,2024-07-15 00:00:00.000000,C00756,P0400,S002,0,2702.12,0.0,10808.48,10808.48,1786.58,7146.32,3662.16,33.88,Cash,E-commerce,Home & Living,88008,2702.12,,,,Manual/source-system review required
T088052,2025-01-29 00:00:00.000000,C03860,P0474,S008,0,3842.58,1152.77,7685.16,6532.39,2523.09,5046.18,1486.21,22.75,STC Pay,Store,Home & Living,88052,3842.58,,,,Manual/source-system review required
T088152,2024-02-05 00:00:00.000000,C00155,P0153,S013,0,1154.48,0.0,2308.96,2308.96,995.94,1991.88,317.08,13.73,Mada,Store,Grocery,88152,1154.48,,,,Manual/source-system review required
T088371,2025-02-06 00:00:00.000000,C02358,P0470,S008,-4,3619.69,0.0,14478.76,14478.76,2230.3,8921.2,5557.56,38.38,Card,Store,Sports,88371,3619.69,,,,Manual/source-system review required
T089006,2025-03-17 00:00:00.000000,C03139,P0233,S010,-5,3380.83,1690.42,16904.15,15213.73,2876.71,14383.55,830.18,5.46,Cash,Store,Sports,89006,3380.83,,,,Manual/source-system review required
T089312,2024-01-29 00:00:00.000000,C02898,P0226,S012,-2,3974.73,0.0,7949.46,7949.46,2508.09,5016.18,2933.28,36.9,Cash,E-commerce,Fashion,89312,3974.73,,,,Manual/source-system review required
T089414,2024-09-07 00:00:00.000000,C04861,P0392,S017,-3,1984.55,0.0,5953.65,5953.65,1649.16,4947.48,1006.17,16.9,Apple Pay,Store,Sports,89414,1984.55,,,,Manual/source-system review required
T089663,2024-10-09 00:00:00.000000,C04071,P0310,S003,0,1738.21,782.19,5214.63,4432.44,1484.95,4454.85,-22.41,-0.51,Cash,Store,Fashion,89663,1738.21,,,,Manual/source-system review required
T089872,2024-07-14 00:00:00.000000,C02141,P0365,S018,-4,3773.12,754.62,15092.48,14337.86,2427.38,9709.52,4628.34,32.28,Card,Store,Electronics,89872,3773.12,,,,Manual/source-system review required
T089901,2025-07-24 00:00:00.000000,C01436,P0012,S016,-1,3168.25,0.0,3168.25,3168.25,2139.8,2139.8,1028.45,32.46,Apple Pay,E-commerce,Beauty,89901,3168.25,,,,Manual/source-system review required
T089946,2025-03-03 00:00:00.000000,C04994,P0076,S015,-4,471.27,188.51,1885.08,1696.57,378.09,1512.36,184.21,10.86,Mada,E-commerce,Sports,89946,471.27,,,,Manual/source-system review required
T090334,2024-11-23 00:00:00.000000,C00608,P0453,S001,-4,1057.61,634.57,4230.44,3595.87,698.97,2795.88,799.99,22.25,Card,E-commerce,Grocery,90334,1057.61,,,,Manual/source-system review required
T090436,2025-07-12 00:00:00.000000,C00316,P0031,S008,-4,869.05,173.81,3476.2,3302.39,733.89,2935.56,366.83,11.11,Card,Store,Home Appliances,90436,869.05,,,,Manual/source-system review required
T090499,2025-04-23 00:00:00.000000,C04372,P0275,S006,-5,1628.28,814.14,8141.4,7327.26,1440.5,7202.5,124.76,1.7,Card,Store,Electronics,90499,1628.28,,,,Manual/source-system review required
T090571,2025-04-25 00:00:00.000000,C03269,P0483,S009,-3,1280.01,576.0,3840.03,3264.03,824.07,2472.21,791.82,24.26,Cash,E-commerce,Electronics,90571,1280.01,,,,Manual/source-system review required
T090820,2024-02-21 00:00:00.000000,C03923,P0398,S004,-5,1472.14,368.04,7360.7,6992.66,1043.81,5219.05,1773.61,25.36,Cash,Store,Fashion,90820,1472.14,,,,Manual/source-system review required
T091095,2025-06-29 00:00:00.000000,C00757,P0100,S014,0,2516.13,251.61,5032.26,4780.65,1646.83,3293.66,1486.99,31.1,Card,E-commerce,Home Appliances,91095,2516.13,,,,Manual/source-system review required
T091412,2024-02-27 00:00:00.000000,C01445,P0415,S017,0,3352.47,670.49,6704.94,6034.45,2456.0,4912.0,1122.45,18.6,Cash,Store,Grocery,91412,3352.47,,,,Manual/source-system review required
T091998,2025-08-27 00:00:00.000000,C01669,P0385,S016,-5,3365.43,2524.07,16827.15,14303.08,2654.94,13274.7,1028.38,7.19,STC Pay,Store,Home & Living,91998,3365.43,,,,Manual/source-system review required
T092247,2024-01-28 00:00:00.000000,C00794,P0315,S007,-2,1959.69,587.91,3919.38,3331.47,1721.3,3442.6,-111.13,-3.34,Mada,Store,Grocery,92247,1959.69,,,,Manual/source-system review required
T092343,2025-02-20 00:00:00.000000,C00921,P0058,S009,-2,3300.63,0.0,6601.26,6601.26,2791.45,5582.9,1018.36,15.43,Card,Store,Fashion,92343,3300.63,,,,Manual/source-system review required
T092740,2024-03-27 00:00:00.000000,C03881,P0020,S004,-1,812.85,40.64,812.85,772.21,701.82,701.82,70.39,9.12,Mada,Store,Home Appliances,92740,812.85,,,,Manual/source-system review required
T093169,2024-04-20 00:00:00.000000,C00348,P0389,S017,0,2670.71,1602.43,8012.13,6409.7,2304.64,6913.92,-504.22,-7.87,Mada,Store,Fashion,93169,2670.71,,,,Manual/source-system review required
T093443,2025-03-13 00:00:00.000000,C01529,P0189,S014,-4,1981.8,396.36,7927.2,7530.84,1637.32,6549.28,981.56,13.03,Card,Store,Grocery,93443,1981.8,,,,Manual/source-system review required
T093474,2024-02-19 00:00:00.000000,C04825,P0281,S016,0,2722.92,0.0,10891.68,10891.68,2040.49,8161.96,2729.72,25.06,STC Pay,Store,Electronics,93474,2722.92,,,,Manual/source-system review required
T093813,2025-12-29 00:00:00.000000,C00433,P0070,S008,-6,2606.72,0.0,15640.32,15640.32,2149.49,12896.94,2743.38,17.54,Cash,Store,Home & Living,93813,2606.72,,,,Manual/source-system review required
T094102,2025-04-26 00:00:00.000000,C02927,P0261,S014,0,884.38,221.1,4421.9,4200.8,731.56,3657.8,543.0,12.93,Cash,E-commerce,Home & Living,94102,884.38,,,,Manual/source-system review required
T094879,2025-06-18 00:00:00.000000,C02714,P0093,S009,0,3829.97,1723.49,11489.91,9766.42,2709.61,8128.83,1637.59,16.77,Card,Store,Electronics,94879,3829.97,,,,Manual/source-system review required
T094888,2025-01-18 00:00:00.000000,C00381,P0074,S005,-2,4416.3,441.63,8832.6,8390.97,2865.5,5731.0,2659.97,31.7,STC Pay,Store,Fashion,94888,4416.3,,,,Manual/source-system review required
T095528,2024-02-24 00:00:00.000000,C01087,P0356,S010,0,2695.46,808.64,8086.38,7277.74,2197.87,6593.61,684.13,9.4,Card,E-commerce,Grocery,95528,2695.46,,,,Manual/source-system review required
T095592,2025-12-12 00:00:00.000000,C03383,P0027,S007,-2,969.93,193.99,1939.86,1745.87,671.92,1343.84,402.03,23.03,STC Pay,Store,Sports,95592,969.93,,,,Manual/source-system review required
T095686,2024-09-15 00:00:00.000000,C04675,P0064,S007,-5,1312.66,0.0,6563.3,6563.3,1027.23,5136.15,1427.15,21.74,Mada,Store,Sports,95686,1312.66,,,,Manual/source-system review required
T095783,2024-05-12 00:00:00.000000,C01873,P0130,S009,0,2392.98,0.0,9571.92,9571.92,1570.52,6282.08,3289.84,34.37,Mada,Store,Home Appliances,95783,2392.98,,,,Manual/source-system review required
T095899,2025-05-05 00:00:00.000000,C03764,P0426,S012,0,2313.16,462.63,9252.64,8790.01,1866.1,7464.4,1325.61,15.08,Card,Store,Beauty,95899,2313.16,,,,Manual/source-system review required
T096119,2025-04-04 00:00:00.000000,C03389,P0271,S001,-5,3553.18,0.0,17765.9,17765.9,2984.83,14924.15,2841.75,16.0,Mada,Store,Fashion,96119,3553.18,,,,Manual/source-system review required
T096235,2024-06-17 00:00:00.000000,C04668,P0142,S015,-2,168.44,16.84,336.88,320.04,141.79,283.58,36.46,11.39,Mada,Store,Grocery,96235,168.44,,,,Manual/source-system review required
T096239,2024-11-08 00:00:00.000000,C01815,P0261,S004,0,851.97,0.0,1703.94,1703.94,731.56,1463.12,240.82,14.13,Mada,Store,Home & Living,96239,851.97,,,,Manual/source-system review required
T096506,2025-09-30 00:00:00.000000,C02122,P0390,S015,0,1093.75,0.0,3281.25,3281.25,721.0,2163.0,1118.25,34.08,Apple Pay,Store,Grocery,96506,1093.75,,,,Manual/source-system review required
T096561,2025-10-13 00:00:00.000000,C00793,P0055,S020,0,1290.12,258.02,5160.48,4902.46,1123.07,4492.28,410.18,8.37,Cash,E-commerce,Sports,96561,1290.12,,,,Manual/source-system review required
T096676,2024-08-25 00:00:00.000000,C04127,P0008,S018,0,696.68,174.17,3483.4,3309.23,604.03,3020.15,289.08,8.74,Card,Store,Sports,96676,696.68,,,,Manual/source-system review required
T097045,2024-05-06 00:00:00.000000,C00799,P0367,S005,0,1417.67,0.0,5670.68,5670.68,998.58,3994.32,1676.36,29.56,Cash,E-commerce,Home & Living,97045,1417.67,,,,Manual/source-system review required
T097048,2025-08-02 00:00:00.000000,C04690,P0318,S020,-2,347.62,0.0,695.24,695.24,254.16,508.32,186.92,26.89,Card,E-commerce,Beauty,97048,347.62,,,,Manual/source-system review required
T097142,2024-09-02 00:00:00.000000,C01498,P0027,S009,0,945.82,0.0,3783.28,3783.28,671.92,2687.68,1095.6,28.96,Card,Store,Sports,97142,945.82,,,,Manual/source-system review required
T097602,2024-05-11 00:00:00.000000,C04826,P0086,S004,-7,442.21,0.0,3095.47,3095.47,301.44,2110.08,985.39,31.83,Mada,Store,Beauty,97602,442.21,,,,Manual/source-system review required
T097841,2024-08-07 00:00:00.000000,C04692,P0235,S011,0,3915.94,587.39,11747.82,11160.43,2748.23,8244.69,2915.74,26.13,Mada,E-commerce,Fashion,97841,3915.94,,,,Manual/source-system review required
T098063,2025-04-09 00:00:00.000000,C00201,P0498,S019,-3,2308.34,692.5,6925.02,6232.52,1838.47,5515.41,717.11,11.51,Mada,Store,Fashion,98063,2308.34,,,,Manual/source-system review required
T098378,2024-09-15 00:00:00.000000,C03321,P0037,S020,-3,2394.83,0.0,7184.49,7184.49,1942.61,5827.83,1356.66,18.88,Mada,Store,Electronics,98378,2394.83,,,,Manual/source-system review required
T098464,2024-05-19 00:00:00.000000,C04930,P0001,S009,-4,3696.72,2218.03,14786.88,12568.85,2582.62,10330.48,2238.37,17.81,Card,E-commerce,Home & Living,98464,3696.72,,,,Manual/source-system review required
T098546,2024-12-19 00:00:00.000000,C00710,P0051,S005,-2,1828.09,0.0,3656.18,3656.18,1191.43,2382.86,1273.32,34.83,Apple Pay,E-commerce,Home & Living,98546,1828.09,,,,Manual/source-system review required
T099373,2024-03-10 00:00:00.000000,C02470,P0138,S006,-2,4165.01,416.5,8330.02,7913.52,2940.5,5881.0,2032.52,25.68,Mada,E-commerce,Home & Living,99373,4165.01,,,,Manual/source-system review required
T099652,2025-10-07 00:00:00.000000,C02424,P0358,S015,-4,2156.03,0.0,8624.12,8624.12,1501.58,6006.32,2617.8,30.35,Apple Pay,E-commerce,Beauty,99652,2156.03,,,,Manual/source-system review required
T099689,2025-10-19 00:00:00.000000,C00641,P0012,S003,0,3225.18,967.55,9675.54,8707.99,2139.8,6419.4,2288.59,26.28,Card,Store,Beauty,99689,3225.18,,,,Manual/source-system review required
T099718,2025-11-29 00:00:00.000000,C01344,P0304,S002,-5,945.22,472.61,4726.1,4253.49,617.07,3085.35,1168.14,27.46,STC Pay,Store,Sports,99718,945.22,,,,Manual/source-system review required
T099809,2025-11-23 00:00:00.000000,C01929,P0185,S020,-2,2809.72,0.0,5619.44,5619.44,2147.91,4295.82,1323.62,23.55,STC Pay,Store,Electronics,99809,2809.72,,,,Manual/source-system review required
T100446,2025-09-24 00:00:00.000000,C04134,P0184,S013,-2,3349.34,1339.74,6698.68,5358.94,2126.8,4253.6,1105.34,20.63,Card,E-commerce,Home Appliances,100446,3349.34,,,,Manual/source-system review required
T101068,2025-01-02 00:00:00.000000,C03334,P0032,S002,-2,1088.17,0.0,2176.34,2176.34,741.32,1482.64,693.7,31.87,Mada,Store,Beauty,101068,1088.17,,,,Manual/source-system review required
T101085,2025-11-19 00:00:00.000000,C04127,P0217,S008,0,1637.62,0.0,3275.24,3275.24,1231.05,2462.1,813.14,24.83,Card,Store,Home Appliances,101085,1637.62,,,,Manual/source-system review required
T101118,2025-06-27 00:00:00.000000,C03375,P0235,S002,-3,4022.1,603.31,12066.3,11462.99,2748.23,8244.69,3218.3,28.08,Mada,Store,Fashion,101118,4022.1,,,,Manual/source-system review required
T101264,2024-07-11 00:00:00.000000,C01939,P0496,S012,-2,385.21,0.0,770.42,770.42,260.19,520.38,250.04,32.46,Card,Store,Electronics,101264,385.21,,,,Manual/source-system review required
T101731,2024-01-04 00:00:00.000000,C03499,P0144,S016,-1,1529.04,305.81,1529.04,1223.23,1105.52,1105.52,117.71,9.62,STC Pay,E-commerce,Beauty,101731,1529.04,,,,Manual/source-system review required
T101943,2024-08-10 00:00:00.000000,C01901,P0234,S018,-2,992.33,99.23,1984.66,1885.43,751.14,1502.28,383.15,20.32,Apple Pay,Store,Home & Living,101943,992.33,,,,Manual/source-system review required
T102157,2025-11-30 00:00:00.000000,C00034,P0423,S013,0,4527.92,0.0,31695.44,31695.44,2810.62,19674.34,12021.1,37.93,Apple Pay,Store,Beauty,102157,4527.92,,,,Manual/source-system review required
T102196,2024-07-16 00:00:00.000000,C02251,P0134,S012,-4,2778.47,555.69,11113.88,10558.19,1917.2,7668.8,2889.39,27.37,Mada,Store,Home Appliances,102196,2778.47,,,,Manual/source-system review required
T102633,2025-09-01 00:00:00.000000,C02786,P0163,S018,0,3019.67,452.95,9059.01,8606.06,2012.56,6037.68,2568.38,29.84,STC Pay,Store,Grocery,102633,3019.67,,,,Manual/source-system review required
T102723,2024-11-19 00:00:00.000000,C04249,P0441,S015,0,521.75,0.0,1565.25,1565.25,416.77,1250.31,314.94,20.12,Card,Store,Home & Living,102723,521.75,,,,Manual/source-system review required
T102772,2024-09-11 00:00:00.000000,C02888,P0092,S015,0,2990.97,299.1,5981.94,5682.84,2045.94,4091.88,1590.96,28.0,Cash,Store,Home Appliances,102772,2990.97,,,,Manual/source-system review required
T103001,2025-01-24 00:00:00.000000,C01075,P0418,S007,-2,2855.11,571.02,5710.22,5139.2,1930.1,3860.2,1279.0,24.89,Card,Store,Grocery,103001,2855.11,,,,Manual/source-system review required
T103221,2024-10-29 00:00:00.000000,C04529,P0412,S006,0,1406.96,0.0,5627.84,5627.84,853.52,3414.08,2213.76,39.34,Mada,Store,Beauty,103221,1406.96,,,,Manual/source-system review required
T103321,2024-09-07 00:00:00.000000,C04989,P0045,S014,-3,2964.72,0.0,8894.16,8894.16,2013.58,6040.74,2853.42,32.08,Card,Store,Fashion,103321,2964.72,,,,Manual/source-system review required
T103758,2024-11-03 00:00:00.000000,C03280,P0481,S018,-4,2261.29,0.0,9045.16,9045.16,1934.13,7736.52,1308.64,14.47,Card,E-commerce,Home Appliances,103758,2261.29,,,,Manual/source-system review required
T103837,2025-05-26 00:00:00.000000,C04577,P0484,S011,-4,2963.8,592.76,11855.2,11262.44,2092.34,8369.36,2893.08,25.69,Card,E-commerce,Grocery,103837,2963.8,,,,Manual/source-system review required
T104078,2024-12-30 00:00:00.000000,C00257,P0290,S009,0,1040.82,0.0,4163.28,4163.28,864.36,3457.44,705.84,16.95,Cash,Store,Beauty,104078,1040.82,,,,Manual/source-system review required
T104389,2024-02-28 00:00:00.000000,C00159,P0371,S014,0,3723.9,0.0,3723.9,3723.9,2592.73,2592.73,1131.17,30.38,Mada,E-commerce,Fashion,104389,3723.9,,,,Manual/source-system review required
T105034,2024-04-10 00:00:00.000000,C04424,P0337,S003,-2,2987.28,597.46,5974.56,5377.1,2332.48,4664.96,712.14,13.24,Apple Pay,E-commerce,Sports,105034,2987.28,,,,Manual/source-system review required
T105273,2025-08-23 00:00:00.000000,C02370,P0395,S011,-1,89.52,13.43,89.52,76.09,67.15,67.15,8.94,11.75,Mada,E-commerce,Home Appliances,105273,89.52,,,,Manual/source-system review required
T105509,2025-03-12 00:00:00.000000,C01246,P0453,S016,0,1123.33,449.33,4493.32,4043.99,698.97,2795.88,1248.11,30.86,STC Pay,Store,Grocery,105509,1123.33,,,,Manual/source-system review required
T105542,2025-03-14 00:00:00.000000,C04422,P0231,S014,-1,2700.1,135.0,2700.1,2565.1,1906.63,1906.63,658.47,25.67,Mada,Store,Fashion,105542,2700.1,,,,Manual/source-system review required
T105783,2025-08-23 00:00:00.000000,C02207,P0335,S014,-5,1162.91,581.46,5814.55,5233.09,844.95,4224.75,1008.34,19.27,Card,Store,Electronics,105783,1162.91,,,,Manual/source-system review required
T105941,2025-10-27 00:00:00.000000,C04764,P0424,S005,0,2269.22,0.0,6807.66,6807.66,1815.61,5446.83,1360.83,19.99,STC Pay,Store,Home Appliances,105941,2269.22,,,,Manual/source-system review required
T105993,2025-10-21 00:00:00.000000,C02134,P0203,S009,0,150.17,0.0,150.17,150.17,120.96,120.96,29.21,19.45,Card,Store,Home Appliances,105993,150.17,,,,Manual/source-system review required
T106212,2025-07-05 00:00:00.000000,C03780,P0092,S010,0,3077.28,0.0,15386.4,15386.4,2045.94,10229.7,5156.7,33.51,STC Pay,E-commerce,Home Appliances,106212,3077.28,,,,Manual/source-system review required
T106331,2024-07-14 00:00:00.000000,C00344,P0244,S014,0,2990.61,0.0,5981.22,5981.22,2077.87,4155.74,1825.48,30.52,Card,Store,Grocery,106331,2990.61,,,,Manual/source-system review required
T106973,2024-05-09 00:00:00.000000,C02771,P0296,S007,-7,2322.1,0.0,16254.7,16254.7,1791.3,12539.1,3715.6,22.86,Apple Pay,Store,Electronics,106973,2322.1,,,,Manual/source-system review required
T107549,2025-01-09 00:00:00.000000,C00090,P0404,S002,-4,1900.39,760.16,7601.56,6841.4,1616.77,6467.08,374.32,5.47,STC Pay,Store,Beauty,107549,1900.39,,,,Manual/source-system review required
T107783,2024-07-13 00:00:00.000000,C00252,P0077,S003,-3,3639.16,545.87,10917.48,10371.61,2569.27,7707.81,2663.8,25.68,Mada,E-commerce,Home Appliances,107783,3639.16,,,,Manual/source-system review required
T109332,2024-09-12 00:00:00.000000,C04932,P0011,S006,-1,673.25,0.0,673.25,673.25,612.17,612.17,61.08,9.07,Mada,E-commerce,Home Appliances,109332,673.25,,,,Manual/source-system review required
T109764,2024-10-20 00:00:00.000000,C01438,P0007,S002,-1,4280.31,0.0,4280.31,4280.31,2819.71,2819.71,1460.6,34.12,Card,E-commerce,Grocery,109764,4280.31,,,,Manual/source-system review required
T109807,2025-11-23 00:00:00.000000,C02311,P0328,S015,0,2160.95,0.0,4321.9,4321.9,1504.62,3009.24,1312.66,30.37,Mada,Store,Home & Living,109807,2160.95,,,,Manual/source-system review required
T110092,2025-12-15 00:00:00.000000,C03462,P0154,S001,-2,3067.12,0.0,6134.24,6134.24,2043.72,4087.44,2046.8,33.37,Card,Store,Grocery,110092,3067.12,,,,Manual/source-system review required
T110100,2025-11-24 00:00:00.000000,C01111,P0484,S014,-1,3133.38,626.68,3133.38,2506.7,2092.34,2092.34,414.36,16.53,Cash,Store,Grocery,110100,3133.38,,,,Manual/source-system review required
T110156,2024-05-23 00:00:00.000000,C00905,P0166,S008,0,534.99,133.75,2674.95,2541.2,362.21,1811.05,730.15,28.73,Card,Store,Home & Living,110156,534.99,,,,Manual/source-system review required
T110230,2024-08-11 00:00:00.000000,C02634,P0302,S017,-2,4158.33,831.67,8316.66,7484.99,2894.27,5788.54,1696.45,22.66,Mada,E-commerce,Home & Living,110230,4158.33,,,,Manual/source-system review required
T110253,2024-08-08 00:00:00.000000,C03511,P0328,S012,-4,2161.14,432.23,8644.56,8212.33,1504.62,6018.48,2193.85,26.71,Mada,Store,Home & Living,110253,2161.14,,,,Manual/source-system review required
T110344,2025-02-24 00:00:00.000000,C00564,P0404,S014,0,1898.36,0.0,5695.08,5695.08,1616.77,4850.31,844.77,14.83,Mada,Store,Beauty,110344,1898.36,,,,Manual/source-system review required
T110398,2025-02-12 00:00:00.000000,C02439,P0124,S014,-5,986.13,493.06,4930.65,4437.59,834.75,4173.75,263.84,5.95,Card,Store,Fashion,110398,986.13,,,,Manual/source-system review required
T110880,2024-01-01 00:00:00.000000,C04447,P0480,S013,-1,2959.08,0.0,2959.08,2959.08,2386.71,2386.71,572.37,19.34,Cash,Store,Sports,110880,2959.08,,,,Manual/source-system review required
T111062,2024-04-15 00:00:00.000000,C03999,P0024,S018,-4,2140.11,0.0,8560.44,8560.44,1950.12,7800.48,759.96,8.88,Cash,E-commerce,Electronics,111062,2140.11,,,,Manual/source-system review required
T111101,2024-03-17 00:00:00.000000,C04081,P0315,S002,0,2090.67,0.0,4181.34,4181.34,1721.3,3442.6,738.74,17.67,Card,Store,Grocery,111101,2090.67,,,,Manual/source-system review required
T111272,2025-08-28 00:00:00.000000,C00599,P0445,S020,-3,2244.72,673.42,6734.16,6060.74,1849.52,5548.56,512.18,8.45,Card,Store,Home & Living,111272,2244.72,,,,Manual/source-system review required
T111411,2024-01-20 00:00:00.000000,C00327,P0065,S015,0,165.22,49.57,330.44,280.87,127.11,254.22,26.65,9.49,Cash,E-commerce,Electronics,111411,165.22,,,,Manual/source-system review required
T111446,2024-05-16 00:00:00.000000,C00087,P0314,S009,-7,1695.32,593.36,11867.24,11273.88,1451.91,10163.37,1110.51,9.85,Card,Store,Home Appliances,111446,1695.32,,,,Manual/source-system review required
T111452,2024-07-11 00:00:00.000000,C03347,P0060,S018,0,3126.63,468.99,9379.89,8910.9,2549.04,7647.12,1263.78,14.18,Card,Store,Electronics,111452,3126.63,,,,Manual/source-system review required
T111707,2025-11-08 00:00:00.000000,C04171,P0456,S018,0,527.62,79.14,1582.86,1503.72,393.2,1179.6,324.12,21.55,STC Pay,Store,Grocery,111707,527.62,,,,Manual/source-system review required
T111834,2025-12-05 00:00:00.000000,C00303,P0008,S005,0,692.26,0.0,1384.52,1384.52,604.03,1208.06,176.46,12.75,Cash,Store,Sports,111834,692.26,,,,Manual/source-system review required
T112226,2025-05-17 00:00:00.000000,C01960,P0065,S005,-2,164.8,65.92,329.6,263.68,127.11,254.22,9.46,3.59,Card,Store,Electronics,112226,164.8,,,,Manual/source-system review required
T112326,2024-06-21 00:00:00.000000,C01940,P0324,S019,0,3195.83,958.75,9587.49,8628.74,2355.82,7067.46,1561.28,18.09,Cash,E-commerce,Electronics,112326,3195.83,,,,Manual/source-system review required
T112433,2025-09-26 00:00:00.000000,C02152,P0049,S015,0,3008.55,601.71,6017.1,5415.39,1955.91,3911.82,1503.57,27.76,Cash,Store,Sports,112433,3008.55,,,,Manual/source-system review required
T112810,2025-02-07 00:00:00.000000,C00407,P0043,S004,0,3509.84,0.0,3509.84,3509.84,2183.35,2183.35,1326.49,37.79,Card,Store,Fashion,112810,3509.84,,,,Manual/source-system review required
T112840,2025-10-16 00:00:00.000000,C03827,P0257,S005,0,751.75,0.0,751.75,751.75,572.71,572.71,179.04,23.82,Cash,E-commerce,Electronics,112840,751.75,,,,Manual/source-system review required
T112884,2024-07-19 00:00:00.000000,C00377,P0262,S001,-3,3625.76,1631.59,10877.28,9245.69,2561.41,7684.23,1561.46,16.89,Mada,E-commerce,Sports,112884,3625.76,,,,Manual/source-system review required
T112927,2025-04-10 00:00:00.000000,C04465,P0190,S012,0,3906.43,1562.57,7812.86,6250.29,2878.04,5756.08,494.21,7.91,Mada,Store,Home Appliances,112927,3906.43,,,,Manual/source-system review required
T113294,2025-02-27 00:00:00.000000,C02591,P0223,S001,-2,490.08,0.0,980.16,980.16,360.43,720.86,259.3,26.45,Card,Store,Home & Living,113294,490.08,,,,Manual/source-system review required
T113436,2024-02-19 00:00:00.000000,C01723,P0246,S016,0,3377.42,1013.23,10132.26,9119.03,2550.6,7651.8,1467.23,16.09,Apple Pay,E-commerce,Home Appliances,113436,3377.42,,,,Manual/source-system review required
T114014,2025-02-05 00:00:00.000000,C03193,P0301,S003,0,4123.52,0.0,12370.56,12370.56,2606.8,7820.4,4550.16,36.78,Mada,Store,Home & Living,114014,4123.52,,,,Manual/source-system review required
T114194,2025-05-20 00:00:00.000000,C01232,P0329,S004,-3,1415.83,0.0,4247.49,4247.49,1010.3,3030.9,1216.59,28.64,Card,Store,Grocery,114194,1415.83,,,,Manual/source-system review required
T114304,2025-09-23 00:00:00.000000,C04832,P0132,S001,0,3473.91,0.0,17369.55,17369.55,2358.31,11791.55,5578.0,32.11,Cash,Store,Grocery,114304,3473.91,,,,Manual/source-system review required
T114473,2025-03-10 00:00:00.000000,C04348,P0376,S002,-3,1203.54,0.0,3610.62,3610.62,745.58,2236.74,1373.88,38.05,Mada,E-commerce,Home & Living,114473,1203.54,,,,Manual/source-system review required
T114644,2025-12-26 00:00:00.000000,C04999,P0259,S010,-3,2989.34,0.0,8968.02,8968.02,1889.97,5669.91,3298.11,36.78,Card,Store,Grocery,114644,2989.34,,,,Manual/source-system review required
T114763,2024-09-19 00:00:00.000000,C04859,P0040,S013,-6,2938.87,0.0,17633.22,17633.22,1986.75,11920.5,5712.72,32.4,Card,Store,Fashion,114763,2938.87,,,,Manual/source-system review required
T114908,2024-07-08 00:00:00.000000,C00198,P0385,S019,-2,3312.74,331.27,6625.48,6294.21,2654.94,5309.88,984.33,15.64,Cash,E-commerce,Home & Living,114908,3312.74,,,,Manual/source-system review required
T115133,2025-03-17 00:00:00.000000,C00849,P0462,S007,-4,2312.94,462.59,9251.76,8789.17,1641.17,6564.68,2224.49,25.31,Mada,E-commerce,Home Appliances,115133,2312.94,,,,Manual/source-system review required
T115264,2025-03-11 00:00:00.000000,C00641,P0405,S011,0,1450.44,507.65,10153.08,9645.43,916.54,6415.78,3229.65,33.48,Mada,E-commerce,Sports,115264,1450.44,,,,Manual/source-system review required
T115562,2024-04-17 00:00:00.000000,C04240,P0215,S017,-3,3289.93,0.0,9869.79,9869.79,2168.02,6504.06,3365.73,34.1,Mada,Store,Electronics,115562,3289.93,,,,Manual/source-system review required
T115826,2024-01-03 00:00:00.000000,C03612,P0192,S017,-6,502.1,0.0,3012.6,3012.6,434.57,2607.42,405.18,13.45,Apple Pay,E-commerce,Beauty,115826,502.1,,,,Manual/source-system review required
T116075,2025-01-30 00:00:00.000000,C04706,P0409,S012,0,1947.71,0.0,3895.42,3895.42,1530.38,3060.76,834.66,21.43,Mada,Store,Electronics,116075,1947.71,,,,Manual/source-system review required
T116077,2025-06-04 00:00:00.000000,C04245,P0223,S016,-2,484.45,0.0,968.9,968.9,360.43,720.86,248.04,25.6,Mada,E-commerce,Home & Living,116077,484.45,,,,Manual/source-system review required
T116240,2025-08-16 00:00:00.000000,C03683,P0468,S009,0,3161.9,0.0,6323.8,6323.8,2072.88,4145.76,2178.04,34.44,Card,Store,Home & Living,116240,3161.9,,,,Manual/source-system review required
T116460,2025-08-04 00:00:00.000000,C02140,P0249,S018,0,1404.78,210.72,4214.34,4003.62,906.1,2718.3,1285.32,32.1,Apple Pay,Store,Home Appliances,116460,1404.78,,,,Manual/source-system review required
T116762,2024-08-05 00:00:00.000000,C02433,P0033,S020,0,1093.29,0.0,4373.16,4373.16,741.64,2966.56,1406.6,32.16,Mada,E-commerce,Beauty,116762,1093.29,,,,Manual/source-system review required
T116842,2024-04-28 00:00:00.000000,C02733,P0233,S006,0,3547.21,1064.16,10641.63,9577.47,2876.71,8630.13,947.34,9.89,Card,Store,Sports,116842,3547.21,,,,Manual/source-system review required
T116919,2025-08-02 00:00:00.000000,C02169,P0417,S019,-2,792.94,237.88,1585.88,1348.0,537.1,1074.2,273.8,20.31,Apple Pay,Store,Fashion,116919,792.94,,,,Manual/source-system review required
T116964,2025-08-29 00:00:00.000000,C03903,P0163,S015,0,3153.04,0.0,6306.08,6306.08,2012.56,4025.12,2280.96,36.17,Cash,Store,Grocery,116964,3153.04,,,,Manual/source-system review required
T116997,2025-12-31 00:00:00.000000,C02314,P0394,S008,0,1620.44,243.07,4861.32,4618.25,1224.87,3674.61,943.64,20.43,Cash,E-commerce,Home Appliances,116997,1620.44,,,,Manual/source-system review required
T117037,2025-04-24 00:00:00.000000,C04852,P0327,S008,0,1243.7,0.0,3731.1,3731.1,1023.95,3071.85,659.25,17.67,Mada,E-commerce,Grocery,117037,1243.7,,,,Manual/source-system review required
T117716,2025-07-22 00:00:00.000000,C03997,P0180,S009,-2,1634.59,0.0,3269.18,3269.18,1164.0,2328.0,941.18,28.79,Card,Store,Grocery,117716,1634.59,,,,Manual/source-system review required
T117925,2024-07-07 00:00:00.000000,C03593,P0119,S002,0,3744.75,374.48,7489.5,7115.02,2822.78,5645.56,1469.46,20.65,Mada,Store,Sports,117925,3744.75,,,,Manual/source-system review required
T118003,2025-05-11 00:00:00.000000,C02697,P0331,S011,-3,2109.33,632.8,6327.99,5695.19,1398.62,4195.86,1499.33,26.33,Apple Pay,E-commerce,Home & Living,118003,2109.33,,,,Manual/source-system review required
T118045,2024-05-20 00:00:00.000000,C04767,P0269,S005,0,207.44,0.0,622.32,622.32,129.46,388.38,233.94,37.59,Mada,E-commerce,Electronics,118045,207.44,,,,Manual/source-system review required
T118334,2024-04-24 00:00:00.000000,C04766,P0289,S012,0,1269.23,0.0,8884.61,8884.61,1142.55,7997.85,886.76,9.98,Apple Pay,E-commerce,Grocery,118334,1269.23,,,,Manual/source-system review required
T118499,2024-12-22 00:00:00.000000,C01764,P0386,S015,0,1940.01,388.0,3880.02,3492.02,1244.86,2489.72,1002.3,28.7,Card,Store,Fashion,118499,1940.01,,,,Manual/source-system review required
T118833,2025-01-17 00:00:00.000000,C03096,P0260,S001,-6,377.37,226.42,2264.22,2037.8,293.26,1759.56,278.24,13.65,Card,E-commerce,Sports,118833,377.37,,,,Manual/source-system review required
T119052,2025-05-01 00:00:00.000000,C01385,P0458,S006,-2,1624.56,0.0,3249.12,3249.12,1028.04,2056.08,1193.04,36.72,Card,Store,Electronics,119052,1624.56,,,,Manual/source-system review required
T119215,2024-03-15 00:00:00.000000,C02590,P9389,S004,0,842.94,0.0,3371.76,3371.76,681.48,2725.92,645.84,19.15,Cash,E-commerce,,119215,842.94,,,,Manual/source-system review required
T119521,2024-12-31 00:00:00.000000,C04377,P0278,S020,-4,3080.11,0.0,12320.44,12320.44,2175.79,8703.16,3617.28,29.36,Mada,Store,Home Appliances,119521,3080.11,,,,Manual/source-system review required
T119656,2024-08-21 00:00:00.000000,C02606,P0291,S004,0,1414.47,282.89,5657.88,5374.99,1188.61,4754.44,620.55,11.55,STC Pay,E-commerce,Fashion,119656,1414.47,,,,Manual/source-system review required
T119662,2025-11-21 00:00:00.000000,C04082,P0230,S015,-4,1073.72,429.49,4294.88,3865.39,805.78,3223.12,642.27,16.62,Mada,E-commerce,Fashion,119662,1073.72,,,,Manual/source-system review required
T000603,,C04723,P0477,S014,3,1643.12,492.94,4929.36,4436.42,1168.42,3505.26,931.16,20.99,STC Pay,Store,Home Appliances,603,1643.12,,,,Manual/source-system review required
T006227,,C04610,P0440,S014,2,1685.93,0.0,3371.86,3371.86,1195.54,2391.08,980.78,29.09,Cash,Store,Electronics,6227,1685.93,,,,Manual/source-system review required
T007205,,C04357,P0240,S018,5,3054.32,0.0,15271.6,15271.6,2190.0,10950.0,4321.6,28.3,Card,Store,Fashion,7205,3054.32,,,,Manual/source-system review required
T007959,,C04614,P0253,S014,7,1481.13,518.4,10367.91,9849.51,1032.83,7229.81,2619.7,26.6,Mada,Store,Electronics,7959,1481.13,,,,Manual/source-system review required
T008087,,C04823,P0366,S004,3,3345.66,2007.4,10036.98,8029.58,2609.32,7827.96,201.62,2.51,Card,Store,Fashion,8087,3345.66,,,,Manual/source-system review required
T008109,,C03342,P0010,S013,6,2882.93,2594.64,17297.58,14702.94,2410.55,14463.3,239.64,1.63,Apple Pay,Store,Beauty,8109,2882.93,,,,Manual/source-system review required
T008460,,C03688,P0191,S013,2,2118.87,423.77,4237.74,3813.97,1396.78,2793.56,1020.41,26.75,Card,Store,Home Appliances,8460,2118.87,,,,Manual/source-system review required
T009940,,C03356,P0407,S016,4,2403.59,961.44,9614.36,8652.92,1629.07,6516.28,2136.64,24.69,Mada,E-commerce,Home & Living,9940,2403.59,,,,Manual/source-system review required
T010402,,C04794,P0464,S020,3,3013.56,452.03,9040.68,8588.65,2264.5,6793.5,1795.15,20.9,Apple Pay,E-commerce,Beauty,10402,3013.56,,,,Manual/source-system review required
T012781,,C03033,P0127,S005,4,943.04,754.43,3772.16,3017.73,738.43,2953.72,64.01,2.12,Card,Store,Fashion,12781,943.04,,,,Manual/source-system review required
T014668,,C03959,P0451,S010,5,441.09,110.27,2205.45,2095.18,313.22,1566.1,529.08,25.25,Card,E-commerce,Grocery,14668,441.09,,,,Manual/source-system review required
T016300,,C01873,P0224,S014,2,743.64,0.0,1487.28,1487.28,562.68,1125.36,361.92,24.33,Cash,Store,Sports,16300,743.64,,,,Manual/source-system review required
T017376,,C02923,P0428,S020,4,2363.89,0.0,9455.56,9455.56,2082.64,8330.56,1125.0,11.9,Cash,E-commerce,Sports,17376,2363.89,,,,Manual/source-system review required
T017994,,C04041,P0410,S005,2,891.45,89.15,1782.9,1693.75,697.52,1395.04,298.71,17.64,Mada,Store,Sports,17994,891.45,,,,Manual/source-system review required
T020492,,C00428,P0376,S009,2,1154.71,0.0,2309.42,2309.42,745.58,1491.16,818.26,35.43,Card,Store,Home & Living,20492,1154.71,,,,Manual/source-system review required
T021390,,C03069,P0264,S016,2,2472.05,0.0,4944.1,4944.1,2045.35,4090.7,853.4,17.26,Apple Pay,E-commerce,Fashion,21390,2472.05,,,,Manual/source-system review required
T022102,,C04802,P0153,S014,5,1251.89,0.0,6259.45,6259.45,995.94,4979.7,1279.75,20.45,Apple Pay,Store,Grocery,22102,1251.89,,,,Manual/source-system review required
T022296,,C02332,P0383,S005,2,415.01,41.5,830.02,788.52,279.38,558.76,229.76,29.14,Mada,E-commerce,Electronics,22296,415.01,,,,Manual/source-system review required
T023808,,C04711,P0247,S002,2,246.82,98.73,493.64,394.91,173.76,347.52,47.39,12.0,Card,Store,Beauty,23808,246.82,,,,Manual/source-system review required
T023925,,C04211,P0047,S007,2,2929.43,585.89,5858.86,5272.97,2081.85,4163.7,1109.27,21.04,STC Pay,Store,Sports,23925,2929.43,,,,Manual/source-system review required
T025176,,C04458,P0407,S002,3,2398.25,359.74,7194.75,6835.01,1629.07,4887.21,1947.8,28.5,Card,Store,Home & Living,25176,2398.25,,,,Manual/source-system review required
T025238,,C00224,P0077,S012,2,3902.0,390.2,7804.0,7413.8,2569.27,5138.54,2275.26,30.69,STC Pay,Store,Home Appliances,25238,3902.0,,,,Manual/source-system review required
T027238,,C00768,P0140,S013,3,2642.9,0.0,7928.7,7928.7,2099.05,6297.15,1631.55,20.58,Card,Store,Sports,27238,2642.9,,,,Manual/source-system review required
T027338,,C00925,P0193,S003,4,2037.82,0.0,8151.28,8151.28,1787.03,7148.12,1003.16,12.31,Cash,E-commerce,Electronics,27338,2037.82,,,,Manual/source-system review required
T027530,,C03409,P0126,S010,5,3727.87,0.0,18639.35,18639.35,2311.58,11557.9,7081.45,37.99,Mada,Store,Electronics,27530,3727.87,,,,Manual/source-system review required
T028031,,C02838,P0193,S018,2,2184.28,218.43,4368.56,4150.13,1787.03,3574.06,576.07,13.88,Card,E-commerce,Electronics,28031,2184.28,,,,Manual/source-system review required
T028237,,C01948,P0406,S009,4,3425.8,2055.48,13703.2,11647.72,2923.01,11692.04,-44.32,-0.38,Card,Store,Electronics,28237,3425.8,,,,Manual/source-system review required
T029098,,C03735,P0392,S011,3,2037.95,0.0,6113.85,6113.85,1649.16,4947.48,1166.37,19.08,Mada,E-commerce,Sports,29098,2037.95,,,,Manual/source-system review required
T029130,,C04753,P0093,S001,3,3718.68,0.0,11156.04,11156.04,2709.61,8128.83,3027.21,27.14,Card,E-commerce,Electronics,29130,3718.68,,,,Manual/source-system review required
T029677,,C01088,P0252,S017,3,2353.61,0.0,7060.83,7060.83,1690.82,5072.46,1988.37,28.16,Apple Pay,E-commerce,Grocery,29677,2353.61,,,,Manual/source-system review required
T030080,,C04894,P0481,S010,1,2244.64,0.0,2244.64,2244.64,1934.13,1934.13,310.51,13.83,Card,Store,Home Appliances,30080,2244.64,,,,Manual/source-system review required
T031939,,C04701,P0135,S002,2,2135.36,0.0,4270.72,4270.72,1651.39,3302.78,967.94,22.66,Card,E-commerce,Grocery,31939,2135.36,,,,Manual/source-system review required
T034414,,C01063,P0472,S008,5,3424.43,3424.43,17122.15,13697.72,2232.2,11161.0,2536.72,18.52,Mada,Store,Beauty,34414,3424.43,,,,Manual/source-system review required
T034593,,C03349,P0435,S018,2,1507.33,301.47,3014.66,2713.19,984.03,1968.06,745.13,27.46,Cash,Store,Home Appliances,34593,1507.33,,,,Manual/source-system review required
T034793,,C01899,P0460,S016,4,851.36,340.54,3405.44,3064.9,737.26,2949.04,115.86,3.78,Cash,E-commerce,Grocery,34793,851.36,,,,Manual/source-system review required
T035104,,C04065,P0081,S005,4,2815.25,0.0,11261.0,11261.0,2058.21,8232.84,3028.16,26.89,Mada,Store,Electronics,35104,2815.25,,,,Manual/source-system review required
T036137,,C03739,P0372,S001,4,3009.34,1805.6,12037.36,10231.76,2445.02,9780.08,451.68,4.41,Card,Store,Home Appliances,36137,3009.34,,,,Manual/source-system review required
T036415,,C03434,P0248,S012,3,788.4,0.0,2365.2,2365.2,558.11,1674.33,690.87,29.21,Apple Pay,E-commerce,Fashion,36415,788.4,,,,Manual/source-system review required
T036483,,C01178,P0045,S018,3,2973.16,445.97,8919.48,8473.51,2013.58,6040.74,2432.77,28.71,Card,Store,Fashion,36483,2973.16,,,,Manual/source-system review required
T037322,,C04105,P0171,S017,4,1992.58,0.0,7970.32,7970.32,1425.3,5701.2,2269.12,28.47,Card,Store,Fashion,37322,1992.58,,,,Manual/source-system review required
T037549,,C02300,P0304,S003,1,995.01,99.5,995.01,895.51,617.07,617.07,278.44,31.09,Card,Store,Sports,37549,995.01,,,,Manual/source-system review required
T037995,,C01850,P0125,S007,3,2330.76,699.23,6992.28,6293.05,1612.35,4837.05,1456.0,23.14,Cash,Store,Home Appliances,37995,2330.76,,,,Manual/source-system review required
T040929,,C04154,P0208,S006,2,335.57,67.11,671.14,604.03,215.81,431.62,172.41,28.54,Mada,Store,Grocery,40929,335.57,,,,Manual/source-system review required
T041198,,C03082,P0111,S019,2,4270.13,1281.04,8540.26,7259.22,2775.44,5550.88,1708.34,23.53,Card,Store,Beauty,41198,4270.13,,,,Manual/source-system review required
T041310,,C03047,P0302,S015,1,4285.22,0.0,4285.22,4285.22,2894.27,2894.27,1390.95,32.46,Card,Store,Home & Living,41310,4285.22,,,,Manual/source-system review required
T041655,,C00385,P0110,S014,2,2077.63,415.53,4155.26,3739.73,1594.54,3189.08,550.65,14.72,Mada,Store,Grocery,41655,2077.63,,,,Manual/source-system review required
T042317,,C04337,P0032,S005,6,1050.52,0.0,6303.12,6303.12,741.32,4447.92,1855.2,29.43,Apple Pay,Store,Beauty,42317,1050.52,,,,Manual/source-system review required
T042319,,C00950,P0375,S007,1,2086.36,208.64,2086.36,1877.72,1303.97,1303.97,573.75,30.56,Card,Store,Beauty,42319,2086.36,,,,Manual/source-system review required
T042337,,C02170,P0140,S013,2,2523.16,252.32,5046.32,4794.0,2099.05,4198.1,595.9,12.43,Apple Pay,Store,Sports,42337,2523.16,,,,Manual/source-system review required
T045379,,C01618,P0024,S006,2,2201.41,440.28,4402.82,3962.54,1950.12,3900.24,62.3,1.57,Mada,Store,Electronics,45379,2201.41,,,,Manual/source-system review required
T045554,,C00378,P0329,S012,2,1374.34,0.0,2748.68,2748.68,1010.3,2020.6,728.08,26.49,Card,Store,Grocery,45554,1374.34,,,,Manual/source-system review required
T046979,,C01896,P0032,S001,3,1102.25,165.34,3306.75,3141.41,741.32,2223.96,917.45,29.21,Card,Store,Beauty,46979,1102.25,,,,Manual/source-system review required
T047164,,C02872,P0175,S007,2,3505.69,0.0,7011.38,7011.38,2256.5,4513.0,2498.38,35.63,Mada,Store,Fashion,47164,3505.69,,,,Manual/source-system review required
T047467,,C04550,P0250,S013,2,3525.99,705.2,7051.98,6346.78,2390.12,4780.24,1566.54,24.68,STC Pay,Store,Grocery,47467,3525.99,,,,Manual/source-system review required
T047545,,C02951,P0482,S004,1,2440.67,122.03,2440.67,2318.64,2114.77,2114.77,203.87,8.79,Mada,Store,Sports,47545,2440.67,,,,Manual/source-system review required
T047581,,C02940,P0356,S015,1,2781.85,0.0,2781.85,2781.85,2197.87,2197.87,583.98,20.99,STC Pay,Store,Grocery,47581,2781.85,,,,Manual/source-system review required
T047842,,C03319,P0381,S013,4,3845.42,0.0,15381.68,15381.68,2581.06,10324.24,5057.44,32.88,Card,Store,Beauty,47842,3845.42,,,,Manual/source-system review required
T048103,,C04546,P0163,S011,2,3282.89,0.0,6565.78,6565.78,2012.56,4025.12,2540.66,38.7,Card,Store,Grocery,48103,3282.89,,,,Manual/source-system review required
T049354,,C04239,P0398,S008,5,1509.4,0.0,7547.0,7547.0,1043.81,5219.05,2327.95,30.85,Apple Pay,Store,Fashion,49354,1509.4,,,,Manual/source-system review required
T050682,,C00627,P0417,S014,2,761.12,0.0,1522.24,1522.24,537.1,1074.2,448.04,29.43,STC Pay,Store,Fashion,50682,761.12,,,,Manual/source-system review required
T050941,,C02130,P0260,S017,2,378.47,0.0,756.94,756.94,293.26,586.52,170.42,22.51,Apple Pay,E-commerce,Sports,50941,378.47,,,,Manual/source-system review required
T051685,,C04140,P0307,S007,2,105.02,0.0,210.04,210.04,73.23,146.46,63.58,30.27,Cash,Store,Sports,51685,105.02,,,,Manual/source-system review required
T053970,,C00227,P0476,S008,1,1441.04,72.05,1441.04,1368.99,930.7,930.7,438.29,32.02,Card,Store,Sports,53970,1441.04,,,,Manual/source-system review required
T054630,,C00279,P0484,S013,3,2980.61,0.0,8941.83,8941.83,2092.34,6277.02,2664.81,29.8,STC Pay,Store,Grocery,54630,2980.61,,,,Manual/source-system review required
T055697,,C00354,P0196,S017,6,3600.33,0.0,21601.98,21601.98,2778.19,16669.14,4932.84,22.84,Cash,E-commerce,Grocery,55697,3600.33,,,,Manual/source-system review required
T056004,,C00561,P0049,S003,1,3015.84,0.0,3015.84,3015.84,1955.91,1955.91,1059.93,35.15,Card,E-commerce,Sports,56004,3015.84,,,,Manual/source-system review required
T056381,,C01859,P0495,S018,3,2080.17,1248.1,6240.51,4992.41,1316.84,3950.52,1041.89,20.87,Mada,Store,Home Appliances,56381,2080.17,,,,Manual/source-system review required
T056941,,C00478,P0319,S019,2,892.33,89.23,1784.66,1695.43,618.56,1237.12,458.31,27.03,Apple Pay,Store,Electronics,56941,892.33,,,,Manual/source-system review required
T056976,,C01123,P0347,S017,2,3299.41,0.0,6598.82,6598.82,2349.74,4699.48,1899.34,28.78,Card,E-commerce,Home Appliances,56976,3299.41,,,,Manual/source-system review required
T059313,,C02380,P0016,S013,3,4576.91,686.54,13730.73,13044.19,2915.7,8747.1,4297.09,32.94,Apple Pay,Store,Electronics,59313,4576.91,,,,Manual/source-system review required
T059410,,C00180,P0349,S015,2,827.2,82.72,1654.4,1571.68,708.77,1417.54,154.14,9.81,Cash,E-commerce,Electronics,59410,827.2,,,,Manual/source-system review required
T059584,,C01203,P0377,S003,3,1717.59,515.28,5152.77,4637.49,1447.97,4343.91,293.58,6.33,Mada,Store,Sports,59584,1717.59,,,,Manual/source-system review required
T059878,,C00224,P0028,S019,2,4730.64,473.06,9461.28,8988.22,2915.91,5831.82,3156.4,35.12,Card,Store,Home & Living,59878,4730.64,,,,Manual/source-system review required
T060073,,C03763,P0052,S005,2,2877.7,287.77,5755.4,5467.63,1942.41,3884.82,1582.81,28.95,Cash,Store,Electronics,60073,2877.7,,,,Manual/source-system review required
T060455,,C00399,P0406,S004,5,3254.58,813.64,16272.9,15459.26,2923.01,14615.05,844.21,5.46,Cash,Store,Electronics,60455,3254.58,,,,Manual/source-system review required
T062824,,C04463,P0096,S005,2,2654.04,0.0,5308.08,5308.08,2036.77,4073.54,1234.54,23.26,Mada,Store,Home Appliances,62824,2654.04,,,,Manual/source-system review required
T063649,,C01025,P0398,S011,5,1552.4,0.0,7762.0,7762.0,1043.81,5219.05,2542.95,32.76,Apple Pay,Store,Fashion,63649,1552.4,,,,Manual/source-system review required
T064823,,C02179,P0158,S011,2,3340.87,0.0,6681.74,6681.74,2802.4,5604.8,1076.94,16.12,Cash,Store,Beauty,64823,3340.87,,,,Manual/source-system review required
T065536,,C00195,P0296,S002,2,2368.7,236.87,4737.4,4500.53,1791.3,3582.6,917.93,20.4,STC Pay,Store,Electronics,65536,2368.7,,,,Manual/source-system review required
T067272,,C04328,P0236,S015,2,2027.67,0.0,4055.34,4055.34,1438.63,2877.26,1178.08,29.05,STC Pay,E-commerce,Fashion,67272,2027.67,,,,Manual/source-system review required
T067566,,C02140,P0044,S001,3,2299.1,1034.6,6897.3,5862.7,1933.25,5799.75,62.95,1.07,Cash,Store,Home & Living,67566,2299.1,,,,Manual/source-system review required
T067929,,C01296,P0074,S020,4,4291.51,0.0,17166.04,17166.04,2865.5,11462.0,5704.04,33.23,STC Pay,Store,Fashion,67929,4291.51,,,,Manual/source-system review required
T068215,,C02001,P0381,S020,4,3981.07,796.21,15924.28,15128.07,2581.06,10324.24,4803.83,31.75,Apple Pay,Store,Beauty,68215,3981.07,,,,Manual/source-system review required
T068225,,C02526,P0128,S014,3,2343.37,0.0,7030.11,7030.11,1826.4,5479.2,1550.91,22.06,Card,Store,Electronics,68225,2343.37,,,,Manual/source-system review required
T068410,,C03242,P0210,S001,4,438.5,0.0,1754.0,1754.0,326.88,1307.52,446.48,25.45,Apple Pay,Store,Home Appliances,68410,438.5,,,,Manual/source-system review required
T068871,,C02291,P0026,S016,3,507.35,0.0,1522.05,1522.05,377.2,1131.6,390.45,25.65,Mada,Store,Fashion,68871,507.35,,,,Manual/source-system review required
T069333,,C04328,P0148,S006,3,1093.48,0.0,3280.44,3280.44,723.63,2170.89,1109.55,33.82,Cash,Store,Home & Living,69333,1093.48,,,,Manual/source-system review required
T069357,,C03773,P0256,S019,1,1746.26,0.0,1746.26,1746.26,1264.17,1264.17,482.09,27.61,Mada,Store,Fashion,69357,1746.26,,,,Manual/source-system review required
T070230,,C04693,P0078,S010,4,2064.57,0.0,8258.28,8258.28,1485.02,5940.08,2318.2,28.07,Card,Store,Beauty,70230,2064.57,,,,Manual/source-system review required
T070444,,C00643,P0283,S003,2,634.85,253.94,1269.7,1015.76,497.99,995.98,19.78,1.95,Mada,Store,Electronics,70444,634.85,,,,Manual/source-system review required
T070996,,C04024,P0295,S009,2,4443.19,444.32,8886.38,8442.06,2921.0,5842.0,2600.06,30.8,Mada,Store,Grocery,70996,4443.19,,,,Manual/source-system review required
T073284,,C01899,P0326,S009,2,2150.59,0.0,4301.18,4301.18,1448.25,2896.5,1404.68,32.66,Card,Store,Beauty,73284,2150.59,,,,Manual/source-system review required
T074032,,C03381,P0150,S020,2,3762.62,0.0,7525.24,7525.24,2687.72,5375.44,2149.8,28.57,Apple Pay,Store,Grocery,74032,3762.62,,,,Manual/source-system review required
T074120,,C01771,P0362,S013,3,262.24,0.0,786.72,786.72,163.67,491.01,295.71,37.59,Apple Pay,Store,Electronics,74120,262.24,,,,Manual/source-system review required
T074184,,C04816,P0209,S009,6,2157.79,2589.35,12946.74,10357.39,1612.68,9676.08,681.31,6.58,Apple Pay,Store,Sports,74184,2157.79,,,,Manual/source-system review required
T075989,,C02551,P0417,S008,5,788.6,0.0,3943.0,3943.0,537.1,2685.5,1257.5,31.89,Card,Store,Fashion,75989,788.6,,,,Manual/source-system review required
T078955,,C00126,P0117,S011,2,1319.12,395.74,2638.24,2242.5,1093.83,2187.66,54.84,2.45,Card,Store,Grocery,78955,1319.12,,,,Manual/source-system review required
T080160,,C03039,P0164,S010,3,1258.54,0.0,3775.62,3775.62,854.34,2563.02,1212.6,32.12,Card,E-commerce,Sports,80160,1258.54,,,,Manual/source-system review required
T080284,,C04634,P0130,S008,2,2418.38,0.0,4836.76,4836.76,1570.52,3141.04,1695.72,35.06,Card,Store,Home Appliances,80284,2418.38,,,,Manual/source-system review required
T080713,,C03833,P0117,S020,1,1423.29,0.0,1423.29,1423.29,1093.83,1093.83,329.46,23.15,STC Pay,Store,Grocery,80713,1423.29,,,,Manual/source-system review required
T083202,,C00034,P0389,S020,1,2927.92,292.79,2927.92,2635.13,2304.64,2304.64,330.49,12.54,Mada,Store,Fashion,83202,2927.92,,,,Manual/source-system review required
T083833,,C03627,P0291,S002,1,1470.77,73.54,1470.77,1397.23,1188.61,1188.61,208.62,14.93,Card,E-commerce,Fashion,83833,1470.77,,,,Manual/source-system review required
T084286,,C03528,P0460,S010,4,898.37,359.35,3593.48,3234.13,737.26,2949.04,285.09,8.82,Mada,Store,Grocery,84286,898.37,,,,Manual/source-system review required
T086009,,C01496,P0313,S017,2,2978.22,297.82,5956.44,5658.62,1977.81,3955.62,1703.0,30.1,Cash,Store,Sports,86009,2978.22,,,,Manual/source-system review required
T086104,,C00936,P0111,S019,2,4136.33,827.27,8272.66,7445.39,2775.44,5550.88,1894.51,25.45,Card,Store,Beauty,86104,4136.33,,,,Manual/source-system review required
T086426,,C03394,P0290,S008,2,1000.03,0.0,2000.06,2000.06,864.36,1728.72,271.34,13.57,Mada,Store,Beauty,86426,1000.03,,,,Manual/source-system review required
T087977,,C04683,P0299,S020,2,1631.82,0.0,3263.64,3263.64,1365.13,2730.26,533.38,16.34,STC Pay,Store,Electronics,87977,1631.82,,,,Manual/source-system review required
T089178,,C03065,P0110,S008,7,2068.82,724.09,14481.74,13757.65,1594.54,11161.78,2595.87,18.87,STC Pay,Store,Grocery,89178,2068.82,,,,Manual/source-system review required
T089817,,C03975,P0322,S011,4,4450.24,1780.1,17800.96,16020.86,2806.9,11227.6,4793.26,29.92,Apple Pay,Store,Home Appliances,89817,4450.24,,,,Manual/source-system review required
T089983,,C02293,P0223,S010,4,527.52,316.51,2110.08,1793.57,360.43,1441.72,351.85,19.62,Apple Pay,Store,Home & Living,89983,527.52,,,,Manual/source-system review required
T091657,,C01916,P0414,S005,3,1592.52,477.76,4777.56,4299.8,1185.31,3555.93,743.87,17.3,Card,Store,Home & Living,91657,1592.52,,,,Manual/source-system review required
T092007,,C03764,P0032,S008,2,1024.14,0.0,2048.28,2048.28,741.32,1482.64,565.64,27.62,Apple Pay,Store,Beauty,92007,1024.14,,,,Manual/source-system review required
T093171,,C03081,P0413,S018,3,3779.36,0.0,11338.08,11338.08,2759.79,8279.37,3058.71,26.98,Apple Pay,Store,Grocery,93171,3779.36,,,,Manual/source-system review required
T094607,,C00726,P0438,S013,3,408.42,122.53,1225.26,1102.73,312.29,936.87,165.86,15.04,Mada,Store,Home & Living,94607,408.42,,,,Manual/source-system review required
T094814,,C01381,P0426,S012,6,2509.44,752.83,15056.64,14303.81,1866.1,11196.6,3107.21,21.72,Mada,Store,Beauty,94814,2509.44,,,,Manual/source-system review required
T096342,,C04801,P0287,S014,1,3459.2,518.88,3459.2,2940.32,2499.76,2499.76,440.56,14.98,Cash,E-commerce,Home Appliances,96342,3459.2,,,,Manual/source-system review required
T096882,,C01017,P0273,S008,2,2669.24,533.85,5338.48,4804.63,1876.35,3752.7,1051.93,21.89,Cash,E-commerce,Electronics,96882,2669.24,,,,Manual/source-system review required
T097223,,C01847,P0418,S003,4,2788.84,0.0,11155.36,11155.36,1930.1,7720.4,3434.96,30.79,Mada,Store,Grocery,97223,2788.84,,,,Manual/source-system review required
T098179,,C04961,P0481,S011,2,2375.93,237.59,4751.86,4514.27,1934.13,3868.26,646.01,14.31,Apple Pay,E-commerce,Home Appliances,98179,2375.93,,,,Manual/source-system review required
T098693,,C02669,P0152,S020,4,1391.61,556.64,5566.44,5009.8,1144.31,4577.24,432.56,8.63,Mada,E-commerce,Grocery,98693,1391.61,,,,Manual/source-system review required
T098756,,C03913,P0249,S013,3,1457.78,437.33,4373.34,3936.01,906.1,2718.3,1217.71,30.94,Cash,Store,Home Appliances,98756,1457.78,,,,Manual/source-system review required
T099227,,C04055,P0220,S015,1,1509.24,0.0,1509.24,1509.24,1020.88,1020.88,488.36,32.36,Cash,Store,Electronics,99227,1509.24,,,,Manual/source-system review required
T099244,,C03861,P0278,S010,4,2997.87,1798.72,11991.48,10192.76,2175.79,8703.16,1489.6,14.61,Cash,Store,Home Appliances,99244,2997.87,,,,Manual/source-system review required
T099637,,C00954,P0481,S015,4,2190.18,0.0,8760.72,8760.72,1934.13,7736.52,1024.2,11.69,Cash,Store,Home Appliances,99637,2190.18,,,,Manual/source-system review required
T099925,,C04522,P0439,S019,3,1056.95,0.0,3170.85,3170.85,745.56,2236.68,934.17,29.46,Card,Store,Electronics,99925,1056.95,,,,Manual/source-system review required
T100484,,C00579,P0388,S014,1,3269.98,654.0,3269.98,2615.98,2471.39,2471.39,144.59,5.53,Card,Store,Electronics,100484,3269.98,,,,Manual/source-system review required
T101423,,C00327,P0319,S006,1,936.42,0.0,936.42,936.42,618.56,618.56,317.86,33.94,Cash,Store,Electronics,101423,936.42,,,,Manual/source-system review required
T102086,,C01063,P0175,S020,3,3575.29,536.29,10725.87,10189.58,2256.5,6769.5,3420.08,33.56,Mada,E-commerce,Fashion,102086,3575.29,,,,Manual/source-system review required
T103785,,C03180,P0330,S008,2,1587.85,0.0,3175.7,3175.7,1221.72,2443.44,732.26,23.06,Cash,E-commerce,Electronics,103785,1587.85,,,,Manual/source-system review required
T104075,,C04069,P0422,S020,4,667.37,0.0,2669.48,2669.48,422.8,1691.2,978.28,36.65,Card,Store,Home & Living,104075,667.37,,,,Manual/source-system review required
T105790,,C03809,P0399,S002,3,2362.85,1063.28,7088.55,6025.27,2015.42,6046.26,-20.99,-0.35,Cash,Store,Beauty,105790,2362.85,,,,Manual/source-system review required
T106333,,C00300,P0312,S003,4,303.35,121.34,1213.4,1092.06,235.89,943.56,148.5,13.6,Card,Store,Beauty,106333,303.35,,,,Manual/source-system review required
T106878,,C01143,P0062,S019,4,3828.66,0.0,15314.64,15314.64,2741.46,10965.84,4348.8,28.4,Card,Store,Grocery,106878,3828.66,,,,Manual/source-system review required
T107051,,C03648,P0297,S006,4,1684.53,1010.72,6738.12,5727.4,1128.06,4512.24,1215.16,21.22,Card,Store,Beauty,107051,1684.53,,,,Manual/source-system review required
T108005,,C04002,P0390,S012,5,1134.24,0.0,5671.2,5671.2,721.0,3605.0,2066.2,36.43,Card,Store,Grocery,108005,1134.24,,,,Manual/source-system review required
T108586,,C01567,P0113,S013,3,1460.0,657.0,4380.0,3723.0,897.59,2692.77,1030.23,27.67,Apple Pay,Store,Fashion,108586,1460.0,,,,Manual/source-system review required
T108763,,C03884,P0036,S001,3,2475.09,1485.05,7425.27,5940.22,2039.14,6117.42,-177.2,-2.98,Card,Store,Electronics,108763,2475.09,,,,Manual/source-system review required
T109637,,C03485,P0221,S007,4,1166.35,0.0,4665.4,4665.4,818.83,3275.32,1390.08,29.8,Cash,Store,Electronics,109637,1166.35,,,,Manual/source-system review required
T109901,,C00636,P0324,S010,2,3241.58,648.32,6483.16,5834.84,2355.82,4711.64,1123.2,19.25,Mada,E-commerce,Electronics,109901,3241.58,,,,Manual/source-system review required
T110085,,C04798,P0315,S011,3,1894.29,1136.57,5682.87,4546.3,1721.3,5163.9,-617.6,-13.58,Mada,Store,Grocery,110085,1894.29,,,,Manual/source-system review required
T110179,,C03452,P0167,S020,3,631.87,94.78,1895.61,1800.83,480.0,1440.0,360.83,20.04,Card,E-commerce,Home Appliances,110179,631.87,,,,Manual/source-system review required
T111043,,C03542,P0403,S019,3,2795.76,0.0,8387.28,8387.28,1695.64,5086.92,3300.36,39.35,Mada,Store,Home & Living,111043,2795.76,,,,Manual/source-system review required
T111254,,C00852,P0459,S015,3,1815.81,1089.49,5447.43,4357.94,1307.59,3922.77,435.17,9.99,Card,Store,Fashion,111254,1815.81,,,,Manual/source-system review required
T111819,,C03323,P0484,S012,4,2988.32,0.0,11953.28,11953.28,2092.34,8369.36,3583.92,29.98,STC Pay,E-commerce,Grocery,111819,2988.32,,,,Manual/source-system review required
T112348,,C00208,P0074,S016,2,4321.26,432.13,8642.52,8210.39,2865.5,5731.0,2479.39,30.2,Card,Store,Fashion,112348,4321.26,,,,Manual/source-system review required
T115692,,C00255,P0446,S014,5,3137.55,0.0,15687.75,15687.75,2217.55,11087.75,4600.0,29.32,Card,Store,Beauty,115692,3137.55,,,,Manual/source-system review required
T119636,,C02607,P0407,S007,1,2512.92,251.29,2512.92,2261.63,1629.07,1629.07,632.56,27.97,Apple Pay,Store,Home & Living,119636,2512.92,,,,Manual/source-system review required
T119784,,C03181,P0258,S003,3,55.45,0.0,166.35,166.35,48.27,144.81,21.54,12.95,Card,Store,Electronics,119784,55.45,,,,Manual/source-system review required
T119789,,C03478,P0066,S006,4,133.37,0.0,533.48,533.48,110.89,443.56,89.92,16.86,Card,E-commerce,Home & Living,119789,133.37,,,,Manual/source-system review required
T000001,2026-07-03 20:07:16.363636,C02583,P0085,S016,1,770.82,0.0,770.82,770.82,635.92,635.92,134.9,17.5,Card,Store,Electronics,1,770.82,,,,Manual/source-system review required
T001496,2026-01-30 09:56:21.818181,C04296,P0226,S008,3,3807.81,0.0,11423.43,11423.43,2508.09,7524.27,3899.16,34.13,Cash,E-commerce,Fashion,1496,3807.81,,,,Manual/source-system review required
T001989,2026-11-24 05:34:32.727272,C04658,P0394,S001,2,1582.46,0.0,3164.92,3164.92,1224.87,2449.74,715.18,22.6,Card,Store,Home Appliances,1989,1582.46,,,,Manual/source-system review required
T002530,2026-04-02 22:03:38.181818,C03372,P0242,S008,5,2577.98,0.0,12889.9,12889.9,2090.2,10451.0,2438.9,18.92,Apple Pay,Store,Grocery,2530,2577.98,,,,Manual/source-system review required
T004257,2026-11-27 21:49:05.454545,C04092,P0055,S008,4,1349.55,269.91,5398.2,5128.29,1123.07,4492.28,636.01,12.4,Card,E-commerce,Sports,4257,1349.55,,,,Manual/source-system review required
T005626,2026-01-19 09:12:43.636363,C01808,P0471,S008,4,1888.61,377.72,7554.44,7176.72,1216.45,4865.8,2310.92,32.2,Mada,Store,Electronics,5626,1888.61,,,,Manual/source-system review required
T005976,2026-01-08 08:29:05.454545,C01814,P0370,S016,2,2841.6,284.16,5683.2,5399.04,1934.88,3869.76,1529.28,28.33,Mada,E-commerce,Electronics,5976,2841.6,,,,Manual/source-system review required
T006772,2026-02-06 18:25:27.272727,C00046,P0277,S010,6,1050.34,945.31,6302.04,5356.73,858.55,5151.3,205.43,3.83,Card,E-commerce,Home Appliances,6772,1050.34,,,,Manual/source-system review required
T011669,2026-08-05 22:18:10.909090,C01192,P0402,S015,2,2610.18,0.0,5220.36,5220.36,1682.19,3364.38,1855.98,35.55,Mada,Store,Beauty,11669,2610.18,,,,Manual/source-system review required
T013163,2026-05-02 08:00:00,C00548,P0474,S012,1,4029.65,0.0,4029.65,4029.65,2523.09,2523.09,1506.56,37.39,Apple Pay,Store,Home & Living,13163,4029.65,,,,Manual/source-system review required
T014405,2026-05-20 17:12:43.636363,C03858,P0383,S016,3,435.1,0.0,1305.3,1305.3,279.38,838.14,467.16,35.79,Mada,Store,Electronics,14405,435.1,,,,Manual/source-system review required
T016630,2026-07-14 20:50:54.545454,C01857,P0062,S013,4,3943.62,0.0,15774.48,15774.48,2741.46,10965.84,4808.64,30.48,Card,E-commerce,Grocery,16630,3943.62,,,,Manual/source-system review required
T017287,2026-05-24 09:27:16.363636,C00450,P0260,S007,4,384.43,153.77,1537.72,1383.95,293.26,1173.04,210.91,15.24,Card,Store,Sports,17287,384.43,,,,Manual/source-system review required
T017588,2026-11-09 12:36:21.818181,C01945,P0294,S019,2,233.5,0.0,467.0,467.0,192.6,385.2,81.8,17.52,Mada,Store,Fashion,17588,233.5,,,,Manual/source-system review required
T018213,2026-02-21 11:23:38.181818,C01401,P0317,S010,4,1886.65,0.0,7546.6,7546.6,1562.78,6251.12,1295.48,17.17,Cash,Store,Grocery,18213,1886.65,,,,Manual/source-system review required
T019685,2026-03-26 13:34:32.727272,C01462,P0377,S002,3,1770.0,265.5,5310.0,5044.5,1447.97,4343.91,700.59,13.89,Card,E-commerce,Sports,19685,1770.0,,,,Manual/source-system review required
T020867,2026-10-11 02:40:00,C04482,P0031,S018,5,882.74,220.68,4413.7,4193.02,733.89,3669.45,523.57,12.49,Mada,E-commerce,Home Appliances,20867,882.74,,,,Manual/source-system review required
T021063,2026-11-20 13:20:00,C01002,P0201,S017,2,1994.31,0.0,3988.62,3988.62,1407.79,2815.58,1173.04,29.41,Mada,Store,Beauty,21063,1994.31,,,,Manual/source-system review required
T025947,2026-09-19 01:12:43.636363,C04305,P0219,S002,2,2939.09,293.91,5878.18,5584.27,1935.92,3871.84,1712.43,30.67,Mada,Store,Grocery,25947,2939.09,,,,Manual/source-system review required
T027341,2026-12-23 15:30:54.545454,C02428,P0425,S019,5,707.67,176.92,3538.35,3361.43,591.51,2957.55,403.88,12.02,Card,Store,Grocery,27341,707.67,,,,Manual/source-system review required
T028068,2026-06-22 19:23:38.181818,C03927,P0105,S015,3,3104.81,1397.16,9314.43,7917.27,2265.07,6795.21,1122.06,14.17,Apple Pay,Store,Home Appliances,28068,3104.81,,,,Manual/source-system review required
T029256,2026-11-02 04:07:16.363636,C01056,P0048,S005,4,105.91,42.36,423.64,381.28,73.86,295.44,85.84,22.51,Apple Pay,E-commerce,Fashion,29256,105.91,,,,Manual/source-system review required
T030144,2026-12-01 14:03:38.181818,C02509,P0425,S015,5,764.36,0.0,3821.8,3821.8,591.51,2957.55,864.25,22.61,Mada,Store,Grocery,30144,764.36,,,,Manual/source-system review required
T030646,2026-06-30 03:52:43.636363,C02856,P0160,S001,2,3028.32,0.0,6056.64,6056.64,2530.1,5060.2,996.44,16.45,,Store,Beauty,30646,3028.32,,,,Manual/source-system review required
T030760,2026-09-11 16:43:38.181818,C00999,P0185,S005,6,2941.86,1765.12,17651.16,15886.04,2147.91,12887.46,2998.58,18.88,Card,E-commerce,Electronics,30760,2941.86,,,,Manual/source-system review required
T034420,2026-08-20 15:16:21.818181,C01929,P0299,S007,2,1611.57,0.0,3223.14,3223.14,1365.13,2730.26,492.88,15.29,Card,E-commerce,Electronics,34420,1611.57,,,,Manual/source-system review required
T035198,2026-03-22 21:20:00,C00623,P0372,S007,6,2950.47,2655.42,17702.82,15047.4,2445.02,14670.12,377.28,2.51,STC Pay,Store,Home Appliances,35198,2950.47,,,,Manual/source-system review required
T035472,2026-01-26 17:41:49.090909,C01020,P0403,S016,4,2637.98,527.6,10551.92,10024.32,1695.64,6782.56,3241.76,32.34,Card,Store,Home & Living,35472,2637.98,,,,Manual/source-system review required
T038156,2026-04-28 15:45:27.272727,C00617,P0468,S019,4,3156.53,0.0,12626.12,12626.12,2072.88,8291.52,4334.6,34.33,Mada,Store,Home & Living,38156,3156.53,,,,Manual/source-system review required
T038247,2026-05-28 01:41:49.090909,C03284,P0205,S015,2,594.27,178.28,1188.54,1010.26,463.01,926.02,84.24,8.34,Card,Store,Home Appliances,38247,594.27,,,,Manual/source-system review required
T038573,2026-04-10 06:32:43.636363,C03493,P0460,S013,2,901.42,90.14,1802.84,1712.7,737.26,1474.52,238.18,13.91,Card,Store,Grocery,38573,901.42,,,,Manual/source-system review required
T039315,2026-05-31 17:56:21.818181,C02908,P0018,S006,4,1684.37,0.0,6737.48,6737.48,1329.22,5316.88,1420.6,21.09,Card,Store,Fashion,39315,1684.37,,,,Manual/source-system review required
T039796,2026-11-13 04:50:54.545454,C02288,P0135,S009,2,2142.63,214.26,4285.26,4071.0,1651.39,3302.78,768.22,18.87,Card,Store,Grocery,39796,2142.63,,,,Manual/source-system review required
T040989,2026-02-10 10:40:00,C01081,P0467,S020,4,3043.75,0.0,12175.0,12175.0,2235.4,8941.6,3233.4,26.56,Mada,Store,Beauty,40989,3043.75,,,,Manual/source-system review required
T042392,2026-03-04 12:07:16.363636,C00105,P0495,S015,4,1977.35,0.0,7909.4,7909.4,1316.84,5267.36,2642.04,33.4,Mada,Store,Home Appliances,42392,1977.35,,,,Manual/source-system review required
T043439,2026-01-15 16:58:10.909090,C04230,P0351,S006,2,2453.05,0.0,4906.1,4906.1,1762.32,3524.64,1381.46,28.16,Card,Store,Home Appliances,43439,2453.05,,,,Manual/source-system review required
T044398,2026-06-15 10:54:32.727272,C02206,P0070,S009,7,2634.49,2766.21,18441.43,15675.22,2149.49,15046.43,628.79,4.01,Card,Store,Home & Living,44398,2634.49,,,,Manual/source-system review required
T045282,2026-09-08 00:29:05.454545,C03943,P0206,S014,2,2188.04,0.0,4376.08,4376.08,1794.25,3588.5,787.58,18.0,Mada,E-commerce,Fashion,45282,2188.04,,,,Manual/source-system review required
T045517,2026-04-21 07:16:21.818181,C03008,P0137,S009,4,3949.91,0.0,15799.64,15799.64,2781.23,11124.92,4674.72,29.59,Mada,E-commerce,Home Appliances,45517,3949.91,,,,Manual/source-system review required
T048049,2026-03-15 12:50:54.545454,C04856,P0384,S010,2,2908.54,581.71,5817.08,5235.37,1906.79,3813.58,1421.79,27.16,STC Pay,Store,Beauty,48049,2908.54,,,,Manual/source-system review required
T050621,2026-01-01 00:00:00,C00387,P0180,S009,2,1590.96,0.0,3181.92,3181.92,1164.0,2328.0,853.92,26.84,Card,Store,Grocery,50621,1590.96,,,,Manual/source-system review required
T052379,2026-10-18 11:09:05.454545,C01516,P0242,S006,3,2695.9,0.0,8087.7,8087.7,2090.2,6270.6,1817.1,22.47,Mada,Store,Grocery,52379,2695.9,,,,Manual/source-system review required
T052724,2026-04-24 23:30:54.545454,C01981,P0092,S008,4,3009.72,0.0,12038.88,12038.88,2045.94,8183.76,3855.12,32.02,Apple Pay,E-commerce,Home Appliances,52724,3009.72,,,,Manual/source-system review required
T053611,2026-12-08 22:32:43.636363,C04746,P0314,S003,4,1661.93,0.0,6647.72,6647.72,1451.91,5807.64,840.08,12.64,Apple Pay,Store,Home Appliances,53611,1661.93,,,,Manual/source-system review required
T055785,2026-08-13 06:47:16.363636,C02650,P0136,S015,6,2907.2,1744.32,17443.2,15698.88,1873.82,11242.92,4455.96,28.38,Mada,Store,Sports,55785,2907.2,,,,Manual/source-system review required
T060250,2026-08-16 23:01:49.090909,C00910,P0263,S013,3,111.04,16.66,333.12,316.46,73.26,219.78,96.68,30.55,Mada,E-commerce,Home Appliances,60250,111.04,,,,Manual/source-system review required
T061193,2026-07-29 13:49:05.454545,C01071,P0061,S015,4,1176.78,235.36,4707.12,4471.76,903.6,3614.4,857.36,19.17,Mada,Store,Home & Living,61193,1176.78,,,,Manual/source-system review required
T061499,2026-05-06 00:14:32.727272,C02782,P0268,S010,1,1895.73,284.36,1895.73,1611.37,1547.81,1547.81,63.56,3.94,Apple Pay,Store,Home & Living,61499,1895.73,,,,Manual/source-system review required
T062006,2026-07-22 05:20:00,C01953,P0041,S012,2,893.4,268.02,1786.8,1518.78,740.72,1481.44,37.34,2.46,Mada,E-commerce,Home & Living,62006,893.4,,,,Manual/source-system review required
T062689,2026-09-22 17:27:16.363636,C04664,P0287,S012,2,3365.58,0.0,6731.16,6731.16,2499.76,4999.52,1731.64,25.73,Apple Pay,E-commerce,Home Appliances,62689,3365.58,,,,Manual/source-system review required
T063528,2026-05-13 08:43:38.181818,C02279,P0256,S019,2,1670.94,0.0,3341.88,3341.88,1264.17,2528.34,813.54,24.34,Mada,E-commerce,Fashion,63528,1670.94,,,,Manual/source-system review required
T063653,2026-01-12 00:43:38.181818,C02715,P0116,S012,2,2556.36,255.64,5112.72,4857.08,1947.61,3895.22,961.86,19.8,Mada,E-commerce,Fashion,63653,2556.36,,,,Manual/source-system review required
T064202,2026-09-26 09:41:49.090909,C04284,P0235,S010,4,3996.21,799.24,15984.84,15185.6,2748.23,10992.92,4192.68,27.61,Mada,Store,Fashion,64202,3996.21,,,,Manual/source-system review required
T064928,2026-07-25 21:34:32.727272,C04059,P0037,S005,2,2382.94,714.88,4765.88,4051.0,1942.61,3885.22,165.78,4.09,Apple Pay,E-commerce,Electronics,64928,2382.94,,,,Manual/source-system review required
T065562,2026-02-25 03:38:10.909090,C01082,P0319,S007,3,870.53,0.0,2611.59,2611.59,618.56,1855.68,755.91,28.94,Apple Pay,Store,Electronics,65562,870.53,,,,Manual/source-system review required
T066167,2026-12-19 23:16:21.818181,C937300,P0214,S008,2,2883.34,0.0,5766.68,5766.68,2403.75,4807.5,959.18,16.63,Card,Store,Fashion,66167,2883.34,,,,Manual/source-system review required
T066230,2026-12-05 06:18:10.909090,C03237,P0136,S019,3,2800.07,0.0,8400.21,8400.21,1873.82,5621.46,2778.75,33.08,Card,Store,Sports,66230,2800.07,,,,Manual/source-system review required
T066385,2026-05-09 16:29:05.454545,C03239,P0271,S019,2,3556.25,1066.88,7112.5,6045.62,2984.83,5969.66,75.96,1.26,Card,Store,Fashion,66385,3556.25,,,,Manual/source-system review required
T067943,2026-08-27 23:45:27.272727,C04508,P0056,S001,3,4342.43,0.0,13027.29,13027.29,2891.59,8674.77,4352.52,33.41,Mada,Store,Grocery,67943,4342.43,,,,Manual/source-system review required
T070648,2026-06-08 02:25:27.272727,C01990,P0370,S007,2,2822.08,1128.83,5644.16,4515.33,1934.88,3869.76,645.57,14.3,Card,Store,Electronics,70648,2822.08,,,,Manual/source-system review required
T072215,2026-06-04 10:10:54.545454,C02111,P0109,S009,2,929.19,0.0,1858.38,1858.38,727.77,1455.54,402.84,21.68,Cash,Store,Electronics,72215,929.19,,,,Manual/source-system review required
T074284,2026-09-04 08:14:32.727272,C01019,P0462,S009,3,2257.64,1354.58,6772.92,5418.34,1641.17,4923.51,494.83,9.13,Mada,E-commerce,Home Appliances,74284,2257.64,,,,Manual/source-system review required
T074363,2026-10-29 11:52:43.636363,C01761,P0384,S016,1,2940.27,0.0,2940.27,2940.27,1906.79,1906.79,1033.48,35.15,Mada,Store,Beauty,74363,2940.27,,,,Manual/source-system review required
T074809,2026-09-30 01:56:21.818181,C00605,P0090,S003,2,3470.12,694.02,6940.24,6246.22,2256.83,4513.66,1732.56,27.74,Card,E-commerce,Electronics,74809,3470.12,,,,Manual/source-system review required
T075525,2026-02-17 19:09:05.454545,C01098,P0345,S014,3,2818.27,0.0,8454.81,8454.81,1771.9,5315.7,3139.11,37.13,Cash,Store,Electronics,75525,2818.27,,,,Manual/source-system review required
T076151,2026-04-06 14:18:10.909090,C00432,P0205,S017,5,617.82,154.46,3089.1,2934.64,463.01,2315.05,619.59,21.11,Mada,Store,Home Appliances,76151,617.82,,,,Manual/source-system review required
T077110,2026-04-17 15:01:49.090909,C00924,P0053,S009,1,2699.08,134.95,2699.08,2564.13,2172.91,2172.91,391.22,15.26,Mada,Store,Electronics,77110,2699.08,,,,Manual/source-system review required
T077456,2026-10-07 10:25:27.272727,C00635,P0253,S006,6,1530.44,1836.53,9182.64,7346.11,1032.83,6196.98,1149.13,15.64,STC Pay,Store,Electronics,77456,1530.44,,,,Manual/source-system review required
T077683,2026-08-31 16:00:00,C01977,P0088,S019,5,2083.92,0.0,10419.6,10419.6,1498.19,7490.95,2928.65,28.11,Apple Pay,Store,Electronics,77683,2083.92,,,,Manual/source-system review required
T079460,2026-12-27 07:45:27.272727,C04217,P0387,S015,3,2143.17,642.95,6429.51,5786.56,1678.78,5036.34,750.22,12.96,Card,Store,Fashion,79460,2143.17,,,,Manual/source-system review required
T082316,2026-11-16 21:05:27.272727,C04153,P0121,S006,1,1919.53,191.95,1919.53,1727.58,1245.54,1245.54,482.04,27.9,Card,E-commerce,Beauty,82316,1919.53,,,,Manual/source-system review required
T083298,2026-08-24 07:30:54.545454,C04214,P0289,S008,2,1361.58,272.32,2723.16,2450.84,1142.55,2285.1,165.74,6.76,Card,Store,Grocery,83298,1361.58,,,,Manual/source-system review required
T083604,2026-12-31 00:00:00,C03770,P0177,S006,2,2687.85,268.79,5375.7,5106.91,1773.15,3546.3,1560.61,30.56,Apple Pay,E-commerce,Electronics,83604,2687.85,,,,Manual/source-system review required
T084672,2026-03-19 05:05:27.272727,C01588,P0204,S006,1,83.37,4.17,83.37,79.2,59.02,59.02,20.18,25.48,Mada,E-commerce,Beauty,84672,83.37,,,,Manual/source-system review required
T091511,2026-02-03 02:10:54.545454,C04896,P0062,S010,8,3833.5,4600.2,30668.0,26067.8,2741.46,21931.68,4136.12,15.87,Card,Store,Grocery,91511,3833.5,,,,Manual/source-system review required
T093059,2026-10-03 18:10:54.545454,C02012,P0463,S004,4,3397.7,2038.62,13590.8,11552.18,2190.9,8763.6,2788.58,24.14,Card,E-commerce,Home & Living,93059,3397.7,,,,Manual/source-system review required
T094132,2026-07-18 13:05:27.272727,C04175,P0323,S009,1,388.08,0.0,388.08,388.08,258.74,258.74,129.34,33.33,Card,Store,Home & Living,94132,388.08,,,,Manual/source-system review required
T097364,2026-03-08 04:21:49.090909,C04430,P0247,S018,5,251.17,125.58,1255.85,1130.27,173.76,868.8,261.47,23.13,Apple Pay,Store,Beauty,97364,251.17,,,,Manual/source-system review required
T097471,2026-10-22 03:23:38.181818,C03276,P0008,S010,2,715.58,71.56,1431.16,1359.6,604.03,1208.06,151.54,11.15,Cash,E-commerce,Sports,97471,715.58,,,,Manual/source-system review required
T100010,2026-01-04 16:14:32.727272,C01594,P0498,S016,3,2329.86,0.0,6989.58,6989.58,1838.47,5515.41,1474.17,21.09,Card,Store,Fashion,100010,2329.86,,,,Manual/source-system review required
T100190,2026-07-11 04:36:21.818181,C04996,P0313,S010,4,2967.47,0.0,11869.88,11869.88,1977.81,7911.24,3958.64,33.35,Cash,Store,Sports,100190,2967.47,,,,Manual/source-system review required
T100899,2026-07-07 12:21:49.090909,C01810,P0373,S003,2,2480.38,0.0,4960.76,4960.76,1748.91,3497.82,1462.94,29.49,Mada,Store,Home Appliances,100899,2480.38,,,,Manual/source-system review required
T105172,2026-02-14 02:54:32.727272,C03503,P0320,S007,1,613.62,0.0,613.62,613.62,519.1,519.1,94.52,15.4,Card,E-commerce,Sports,105172,613.62,,,,Manual/source-system review required
T106184,2026-06-11 18:40:00,C02924,P0389,S001,2,2691.31,0.0,5382.62,5382.62,2304.64,4609.28,773.34,14.37,Cash,E-commerce,Fashion,106184,2691.31,,,,Manual/source-system review required
T107058,2026-06-19 03:09:05.454545,C02852,P0315,S018,2,1939.84,0.0,3879.68,3879.68,1721.3,3442.6,437.08,11.27,Mada,E-commerce,grocery,107058,1939.84,,,,Manual/source-system review required
T108862,2026-11-05 20:21:49.090909,C03601,P0108,S015,3,541.71,0.0,1625.13,1625.13,370.23,1110.69,514.44,31.66,STC Pay,E-commerce,Home & Living,108862,541.71,,,,Manual/source-system review required
T109692,2026-04-13 22:47:16.363636,C02277,P0006,S020,4,2061.82,1237.09,8247.28,7010.19,1711.75,6847.0,163.19,2.33,Card,Store,Home Appliances,109692,2061.82,,,,Manual/source-system review required
T110029,2026-08-09 14:32:43.636363,C01850,P0107,S011,2,1717.87,0.0,3435.74,3435.74,1488.02,2976.04,459.7,13.38,Card,E-commerce,Grocery,110029,1717.87,,,,Manual/source-system review required
T110181,2026-08-02 06:03:38.181818,C00484,P0232,S009,3,1916.79,287.52,5750.37,5462.85,1225.06,3675.18,1787.67,32.72,Mada,E-commerce,Fashion,110181,1916.79,,,,Manual/source-system review required
T110316,2026-12-16 07:01:49.090909,C03859,P0078,S005,5,2069.86,517.46,10349.3,9831.84,1485.02,7425.1,2406.74,24.48,Apple Pay,Store,Beauty,110316,2069.86,,,,Manual/source-system review required
T112995,2026-10-14 18:54:32.727272,C00417,P0472,S014,1,3497.81,174.89,3497.81,3322.92,2232.2,2232.2,1090.72,32.82,Card,Store,Beauty,112995,3497.81,,,,Manual/source-system review required
T113161,2026-05-17 00:58:10.909090,C04433,P0106,S014,2,2722.44,0.0,5444.88,5444.88,2121.15,4242.3,1202.58,22.09,Mada,E-commerce,Grocery,113161,2722.44,,,,Manual/source-system review required
T113390,2026-09-15 08:58:10.909090,C01624,P0199,S008,2,1548.54,309.71,3097.08,2787.37,1018.89,2037.78,749.59,26.89,Cash,Store,Sports,113390,1548.54,,,,Manual/source-system review required
T114278,2026-12-12 14:47:16.363636,C03398,P0062,S007,2,3806.33,380.63,7612.66,7232.03,2741.46,5482.92,1749.11,24.19,STC Pay,Store,Grocery,114278,3806.33,,,,Manual/source-system review required
T114643,2026-01-23 01:27:16.363636,C00359,P0044,S018,5,2357.2,589.3,11786.0,11196.7,1933.25,9666.25,1530.45,13.67,Cash,E-commerce,Home & Living,114643,2357.2,,,,Manual/source-system review required
T115583,2026-03-30 05:49:05.454545,,P0294,S015,2,236.78,0.0,473.56,473.56,192.6,385.2,88.36,18.66,Card,Store,Fashion,115583,236.78,,,,Manual/source-system review required
T116122,2026-06-26 11:38:10.909090,C04836,P0407,S009,2,2585.07,1034.03,5170.14,4136.11,1629.07,3258.14,877.97,21.23,Apple Pay,Store,Home & Living,116122,2585.07,,,,Manual/source-system review required
T117034,2026-02-28 19:52:43.636363,C04811,P0414,S002,3,1687.08,759.19,5061.24,4302.05,1185.31,3555.93,746.12,17.34,Mada,Store,Home & Living,117034,1687.08,,,,Manual/source-system review required
T119984,2026-10-25 19:38:10.909090,C04113,P0135,S015,4,2266.03,906.41,9064.12,8157.71,1651.39,6605.56,1552.15,19.03,Cash,E-commerce,Grocery,119984,2266.03,,,,Manual/source-system review required
T000519,2025-02-13 00:00:00,C03363,P0146,S009,4,659.52,3420.86,2638.08,2506.18,487.79,1951.16,555.02,22.15,Apple Pay,Store,Home & Living,519,659.52,C03363,P0146,S009,Manual/source-system review required
T000645,2024-10-29 00:00:00,C01246,P0407,S013,5,2533.43,17606.41,12667.15,12033.79,1629.07,8145.35,3888.44,32.31,Apple Pay,Store,Home & Living,645,2533.43,C01246,P0407,S013,Manual/source-system review required
T000961,2024-10-19 00:00:00,C01867,P0061,S015,2,1176.8,2793.17,2353.6,2353.6,903.6,1807.2,546.4,23.22,Card,Store,Home & Living,961,1176.8,C01867,P0061,S015,Manual/source-system review required
T002847,2025-02-21 00:00:00,C00035,P0022,S015,1,2997.31,4181.27,2997.31,2997.31,2414.94,2414.94,582.37,19.43,Apple Pay,Store,Home & Living,2847,2997.31,C00035,P0022,S015,Manual/source-system review required
T004235,2024-02-21 00:00:00,C04834,P0438,S016,4,438.04,2448.05,1752.16,1752.16,312.29,1249.16,503.0,28.71,Mada,E-commerce,Home & Living,4235,438.04,C04834,P0438,S016,Manual/source-system review required
T004657,2024-02-27 00:00:00,C03735,P0038,S004,2,2390.5,6444.25,4781.0,4781.0,1562.9,3125.8,1655.2,34.62,Cash,E-commerce,Electronics,4657,2390.5,C03735,P0038,S004,Manual/source-system review required
T005588,2024-08-25 00:00:00,C01192,P0305,S006,2,2018.69,5247.29,4037.38,3431.77,1425.17,2850.34,581.43,16.94,Card,E-commerce,Beauty,5588,2018.69,C01192,P0305,S006,Manual/source-system review required
T006095,2024-03-19 00:00:00,C01453,P0475,S003,6,3324.4,29002.81,19946.4,18949.08,2280.86,13685.16,5263.92,27.78,Card,E-commerce,Sports,6095,3324.4,C01453,P0475,S003,Manual/source-system review required
T006841,2024-01-21 00:00:00,C03247,P0295,S016,4,4642.84,21085.2,18571.36,18571.36,2921.0,11684.0,6887.36,37.09,Cash,E-commerce,Grocery,6841,4642.84,C03247,P0295,S016,Manual/source-system review required
T008573,2024-11-13 00:00:00,C03367,P0270,S017,7,2361.46,22392.96,16530.22,16530.22,1896.74,13277.18,3253.04,19.68,Mada,E-commerce,Home Appliances,8573,2361.46,C03367,P0270,S017,Manual/source-system review required
T008623,2025-09-14 00:00:00,C01565,P0230,S013,3,1057.49,4742.6,3172.47,2855.22,805.78,2417.34,437.88,15.34,Card,Store,Fashion,8623,1057.49,C01565,P0230,S013,Manual/source-system review required
T008742,2024-06-20 00:00:00,C02744,P0412,S015,2,1381.15,3121.42,2762.3,2762.3,853.52,1707.04,1055.26,38.2,Card,Store,Beauty,8742,1381.15,C02744,P0412,S015,Manual/source-system review required
T010257,2025-05-12 00:00:00,C04876,P0386,S014,4,1916.02,11266.08,7664.08,7280.88,1244.86,4979.44,2301.44,31.61,Mada,Store,Fashion,10257,1916.02,C04876,P0386,S014,Manual/source-system review required
T010485,2025-06-10 00:00:00,C01998,P0463,S004,4,3215.81,14949.13,12863.24,12220.08,2190.9,8763.6,3456.48,28.29,Mada,E-commerce,Home & Living,10485,3215.81,C01998,P0463,S004,Manual/source-system review required
T010731,2024-11-19 00:00:00,C00871,P0074,S011,3,4452.72,14758.37,13358.16,12022.34,2865.5,8596.5,3425.84,28.5,Apple Pay,E-commerce,Fashion,10731,4452.72,C00871,P0074,S011,Manual/source-system review required
T011321,2024-09-14 00:00:00,C01145,P0281,S006,3,2765.38,11487.52,8296.14,7466.53,2040.49,6121.47,1345.06,18.01,Card,E-commerce,Electronics,11321,2765.38,C01145,P0281,S006,Manual/source-system review required
T011789,2024-10-14 00:00:00,C02497,P0179,S014,2,1925.64,4913.94,3851.28,3658.72,1327.46,2654.92,1003.8,27.44,Card,Store,Home Appliances,11789,1925.64,C02497,P0179,S014,Manual/source-system review required
T012780,2024-10-08 00:00:00,C00493,P0025,S013,3,56.95,221.7,170.85,153.77,40.72,122.16,31.61,20.56,Apple Pay,Store,Beauty,12780,56.95,C00493,P0025,S013,Manual/source-system review required
T014217,2024-03-24 00:00:00,C03748,P0204,S005,7,83.68,747.66,585.76,556.47,59.02,413.14,143.33,25.76,Card,Store,Beauty,14217,83.68,C03748,P0204,S005,Manual/source-system review required
T014295,2024-01-26 00:00:00,C00892,P0002,S001,1,4635.02,6538.43,4635.02,4635.02,2847.68,2847.68,1787.34,38.56,Mada,Store,Fashion,14295,4635.02,C00892,P0002,S001,Manual/source-system review required
T014687,2024-07-17 00:00:00,C02315,P0330,S016,3,1497.14,6304.77,4491.42,4042.28,1221.72,3665.16,377.12,9.33,Apple Pay,Store,Electronics,14687,1497.14,C02315,P0330,S016,Manual/source-system review required
T015474,2024-03-13 00:00:00,C02895,P0339,S020,2,1605.73,3729.89,3211.46,2890.31,1322.75,2645.5,244.81,8.47,Cash,Store,Home Appliances,15474,1605.73,C02895,P0339,S020,Manual/source-system review required
T015794,2024-08-24 00:00:00,C04486,P0046,S003,4,3669.78,16335.8,14679.12,13945.16,2921.52,11686.08,2259.08,16.2,Card,Store,Sports,15794,3669.78,C04486,P0046,S003,Manual/source-system review required
T016184,2024-12-30 00:00:00,C03805,P0270,S007,2,2393.71,6421.67,4787.42,4308.68,1896.74,3793.48,515.2,11.96,Apple Pay,Store,Home Appliances,16184,2393.71,C03805,P0270,S007,Manual/source-system review required
T016282,2024-09-10 00:00:00,C01867,P0125,S015,5,2479.0,17748.4,12395.0,10535.75,1612.35,8061.75,2474.0,23.48,Card,E-commerce,Home Appliances,16282,2479.0,C01867,P0125,S015,Manual/source-system review required
T016913,2024-10-31 00:00:00,C01297,P0356,S011,1,2687.16,3281.78,2687.16,2149.73,2197.87,2197.87,-48.14,-2.24,Card,Store,Grocery,16913,2687.16,C01297,P0356,S011,Manual/source-system review required
T018830,2024-10-25 00:00:00,C02998,P0295,S010,5,4453.5,25835.63,22267.5,21154.12,2921.0,14605.0,6549.12,30.96,Cash,E-commerce,Grocery,18830,4453.5,C02998,P0295,S010,Manual/source-system review required
T018916,2025-07-22 00:00:00,C03620,P0200,S011,3,458.01,1609.6,1374.03,1374.03,360.52,1081.56,292.47,21.29,Mada,Store,Home & Living,18916,458.01,C03620,P0200,S011,Manual/source-system review required
T019181,2024-10-30 00:00:00,C00587,P0420,S016,2,735.63,1643.43,1471.26,1397.7,541.02,1082.04,315.66,22.58,Card,Store,Sports,19181,735.63,C00587,P0420,S016,Manual/source-system review required
T019389,2024-02-16 00:00:00,C01347,P0062,S013,5,3652.72,22010.35,18263.6,17350.42,2741.46,13707.3,3643.12,21.0,Card,Store,Grocery,19389,3652.72,C01347,P0062,S013,Manual/source-system review required
T019451,2024-05-30 00:00:00,C00647,P0371,S008,3,3539.04,14700.08,10617.12,10617.12,2592.73,7778.19,2838.93,26.74,Card,Store,Fashion,19451,3539.04,C00647,P0371,S008,Manual/source-system review required
T019529,2025-02-07 00:00:00,C04817,P0129,S013,3,200.1,794.98,600.3,600.3,159.75,479.25,121.05,20.16,Unknown,E-commerce,Grocery,19529,200.1,C04817,P0129,S013,Manual/source-system review required
T019866,2024-07-30 00:00:00,C01400,P0013,S002,2,3210.26,9510.01,6420.52,5457.44,1960.21,3920.42,1537.02,28.16,Mada,E-commerce,Home Appliances,19866,3210.26,C01400,P0013,S002,Manual/source-system review required
T020827,2025-02-16 00:00:00,C04118,P0387,S004,2,2046.73,5910.91,4093.46,4093.46,1678.78,3357.56,735.9,17.98,Mada,Store,Fashion,20827,2046.73,C04118,P0387,S004,Manual/source-system review required
T020947,2025-05-17 00:00:00,C01182,P0415,S005,6,3231.42,27886.12,19388.52,18419.09,2456.0,14736.0,3683.09,20.0,Cash,Store,Grocery,20947,3231.42,C01182,P0415,S005,Manual/source-system review required
T022348,2024-11-03 00:00:00,C04554,P0235,S009,3,4199.08,16614.67,12597.24,12597.24,2748.23,8244.69,4352.55,34.55,Card,Store,Fashion,22348,4199.08,C04554,P0235,S009,Manual/source-system review required
T022594,2025-12-08 00:00:00,C04967,P0174,S008,2,2573.0,6596.95,5146.0,5146.0,2170.36,4340.72,805.28,15.65,Unknown,E-commerce,Electronics,22594,2573.0,C04967,P0174,S008,Manual/source-system review required
T022748,2025-04-02 00:00:00,C04803,P0354,S011,3,1480.2,5732.34,4440.6,3774.51,1041.11,3123.33,651.18,17.25,Card,E-commerce,Sports,22748,1480.2,C04803,P0354,S011,Manual/source-system review required
T022759,2024-07-20 00:00:00,C00196,P0182,S003,1,1210.27,1693.98,1210.27,1210.27,1018.02,1018.02,192.25,15.88,Card,Store,Electronics,22759,1210.27,C00196,P0182,S003,Manual/source-system review required
T023177,2024-03-26 00:00:00,C00273,P0026,S007,2,474.38,1226.4,948.76,806.45,377.2,754.4,52.05,6.45,Mada,E-commerce,Fashion,23177,474.38,C00273,P0026,S007,Manual/source-system review required
T023562,2025-04-16 00:00:00,C02172,P0327,S012,2,1303.58,3590.5,2607.16,2346.44,1023.95,2047.9,298.54,12.72,Apple Pay,Store,Grocery,23562,1303.58,C02172,P0327,S012,Manual/source-system review required
T024179,2024-12-03 00:00:00,C03552,P0299,S015,3,1636.47,6840.71,4909.41,4418.47,1365.13,4095.39,323.08,7.31,Apple Pay,E-commerce,Electronics,24179,1636.47,C03552,P0299,S015,Manual/source-system review required
T025066,2024-02-17 00:00:00,C00594,P0088,S012,2,2100.65,4742.09,4201.3,3571.1,1498.19,2996.38,574.72,16.09,Card,Store,Electronics,25066,2100.65,C00594,P0088,S012,Manual/source-system review required
T025166,2025-07-06 00:00:00,C01082,P0050,S003,3,377.86,1339.37,1133.58,1133.58,299.15,897.45,236.13,20.83,Apple Pay,Store,Grocery,25166,377.86,C01082,P0050,S003,Manual/source-system review required
T025438,2024-04-20 00:00:00,C00907,P0478,S010,4,2327.8,12291.99,9311.2,8380.08,1787.27,7149.08,1231.0,14.69,Cash,E-commerce,Fashion,25438,2327.8,C00907,P0478,S010,Manual/source-system review required
T025675,2024-08-29 00:00:00,C02162,P0114,S017,3,3201.85,12274.69,9605.55,9605.55,2705.45,8116.35,1489.2,15.5,Mada,Store,Home & Living,25675,3201.85,C02162,P0114,S017,Manual/source-system review required
T026803,2024-12-03 00:00:00,C03922,P0324,S003,4,3310.9,18486.85,13243.6,13243.6,2355.82,9423.28,3820.32,28.85,Card,E-commerce,Electronics,26803,3310.9,C03922,P0324,S003,Manual/source-system review required
T027093,2025-11-23 00:00:00,C01539,P0280,S003,1,2035.36,2256.12,2035.36,1831.82,1452.15,1452.15,379.67,20.73,Cash,E-commerce,Grocery,27093,2035.36,C01539,P0280,S003,Manual/source-system review required
T027457,2024-10-15 00:00:00,C03904,P0067,S017,4,534.83,3000.26,2139.32,1818.42,398.64,1594.56,223.86,12.31,Card,E-commerce,Home Appliances,27457,534.83,C03904,P0067,S017,Manual/source-system review required
T028512,2024-12-04 00:00:00,C04483,P0368,S017,2,1644.69,3995.8,3289.38,3289.38,1177.9,2355.8,933.58,28.38,Card,E-commerce,Home Appliances,28512,1644.69,C04483,P0368,S017,Manual/source-system review required
T028691,2025-06-19 00:00:00,C02874,P0137,S003,2,3778.69,11245.99,7557.38,6801.64,2781.23,5562.46,1239.18,18.22,STC Pay,Store,Home Appliances,28691,3778.69,C02874,P0137,S003,Manual/source-system review required
T028753,2025-10-16 00:00:00,C03003,P0479,S006,2,666.6,1969.17,1333.2,1266.54,551.55,1103.1,163.44,12.9,Card,E-commerce,Home & Living,28753,666.6,C03003,P0479,S006,Manual/source-system review required
T029308,2025-09-03 00:00:00,C01868,P0405,S003,3,1526.58,6697.61,4579.74,4121.77,916.54,2749.62,1372.15,33.29,Apple Pay,Store,Sports,29308,1526.58,C01868,P0405,S003,Manual/source-system review required
T029639,2024-11-10 00:00:00,C03855,P0453,S011,1,1061.18,1340.62,1061.18,1061.18,698.97,698.97,362.21,34.13,Apple Pay,Store,Grocery,29639,1061.18,C03855,P0453,S011,Manual/source-system review required
T029768,2024-07-25 00:00:00,C00488,P0044,S020,3,2205.87,8904.2,6617.61,6617.61,1933.25,5799.75,817.86,12.36,Mada,E-commerce,Home & Living,29768,2205.87,C00488,P0044,S020,Manual/source-system review required
T029928,2025-09-12 00:00:00,C01411,P0145,S019,4,418.82,2257.38,1675.28,1591.52,295.03,1180.12,411.4,25.85,Card,E-commerce,Beauty,29928,418.82,C01411,P0145,S019,Manual/source-system review required
T030488,2025-07-11 00:00:00,C01779,P0491,S017,4,1467.56,7747.53,5870.24,5870.24,1099.46,4397.84,1472.4,25.08,Mada,Store,Home Appliances,30488,1467.56,C01779,P0491,S017,Manual/source-system review required
T030523,2024-05-22 00:00:00,C04754,P0073,S017,1,2332.23,3006.3,2332.23,2215.62,1656.7,1656.7,558.92,25.23,Mada,E-commerce,Electronics,30523,2332.23,C04754,P0073,S017,Manual/source-system review required
T030713,2024-07-01 00:00:00,C03585,P0206,S014,4,2076.42,11640.48,8305.68,8305.68,1794.25,7177.0,1128.68,13.59,Card,Store,Fashion,30713,2076.42,C03585,P0206,S014,Manual/source-system review required
T030849,2024-01-16 00:00:00,C00469,P0150,S016,3,3893.88,15777.87,11681.64,11681.64,2687.72,8063.16,3618.48,30.98,Cash,Store,Grocery,30849,3893.88,C00469,P0150,S016,Manual/source-system review required
T031879,2025-05-04 00:00:00,C03906,P0032,S016,1,1059.63,1338.96,1059.63,1059.63,741.32,741.32,318.31,30.04,Cash,Store,Beauty,31879,1059.63,C03906,P0032,S016,Manual/source-system review required
T032075,2024-03-27 00:00:00,C04019,P0434,S016,3,1178.65,4224.84,3535.95,3182.35,794.24,2382.72,799.63,25.13,Mada,Store,Home & Living,32075,1178.65,C04019,P0434,S016,Manual/source-system review required
T033053,2024-05-02 00:00:00,C00433,P0271,S015,3,3841.62,15473.58,11524.86,11524.86,2984.83,8954.49,2570.37,22.3,Cash,E-commerce,Fashion,33053,3841.62,C00433,P0271,S015,Manual/source-system review required
T033235,2025-11-28 00:00:00,C03843,P0076,S005,2,500.84,1183.1,1001.68,1001.68,378.09,756.18,245.5,24.51,Mada,Store,Sports,33235,500.84,C03843,P0076,S005,Manual/source-system review required
T034725,2024-09-05 00:00:00,C00878,P0458,S016,3,1612.68,6952.71,4838.04,4596.14,1028.04,3084.12,1512.02,32.9,Card,Store,Electronics,34725,1612.68,C00878,P0458,S016,Manual/source-system review required
T034894,2025-09-29 00:00:00,C02799,P0288,S009,3,3038.39,10811.48,9115.17,9115.17,1858.44,5575.32,3539.85,38.83,Apple Pay,Store,Home Appliances,34894,3038.39,C02799,P0288,S009,Manual/source-system review required
T034930,2025-03-12 00:00:00,C03241,P0125,S014,4,2454.63,11255.55,9818.52,9818.52,1612.35,6449.4,3369.12,34.31,Mada,Store,Home Appliances,34930,2454.63,C03241,P0125,S014,Manual/source-system review required
T036882,2024-08-18 00:00:00,C01297,P0194,S009,4,4122.23,23170.36,16488.92,16488.92,2769.05,11076.2,5412.72,32.83,Card,E-commerce,Sports,36882,4122.23,C01297,P0194,S009,Manual/source-system review required
T037239,2025-11-15 00:00:00,C03226,P0482,S020,4,2601.64,13953.1,10406.56,10406.56,2114.77,8459.08,1947.48,18.71,Card,Store,Sports,37239,2601.64,C03226,P0482,S020,Manual/source-system review required
T040657,2025-08-30 00:00:00,C01234,P0325,S009,6,1988.74,15239.4,11932.44,11932.44,1327.05,7962.3,3970.14,33.27,Apple Pay,Store,Fashion,40657,1988.74,C01234,P0325,S009,Manual/source-system review required
T040780,2025-07-06 00:00:00,C01827,P0262,S017,2,3744.74,11093.86,7489.48,6740.53,2561.41,5122.82,1617.71,24.0,Mada,Store,Sports,40780,3744.74,C01827,P0262,S017,Manual/source-system review required
T042483,2025-08-16 00:00:00,C01798,P0079,S017,3,244.94,1044.25,734.82,734.82,163.22,489.66,245.16,33.36,Apple Pay,Store,Electronics,42483,244.94,C01798,P0079,S017,Manual/source-system review required
T042904,2024-11-26 00:00:00,C04889,P0074,S019,2,4355.06,11357.41,8710.12,7839.11,2865.5,5731.0,2108.11,26.89,Mada,E-commerce,Fashion,42904,4355.06,C04889,P0074,S019,Manual/source-system review required
T043802,2024-11-07 00:00:00,C00513,P0100,S020,2,2502.21,6597.42,5004.42,5004.42,1646.83,3293.66,1710.76,34.18,Card,Store,Home Appliances,43802,2502.21,C00513,P0100,S020,Manual/source-system review required
T044779,2024-07-19 00:00:00,C00569,P0086,S002,2,420.44,1229.67,840.88,798.84,301.44,602.88,195.96,24.53,Card,E-commerce,Beauty,44779,420.44,C00569,P0086,S002,Manual/source-system review required
T045585,2025-06-01 00:00:00,C04438,P0353,S019,1,4082.6,4565.92,4082.6,4082.6,2919.83,2919.83,1162.77,28.48,Card,Store,Electronics,45585,4082.6,C04438,P0353,S019,Manual/source-system review required
T047337,2024-04-06 00:00:00,C02477,P0403,S011,3,2759.91,11143.64,8279.73,7037.77,1695.64,5086.92,1950.85,27.72,Card,E-commerce,Home & Living,47337,2759.91,C02477,P0403,S011,Manual/source-system review required
T047361,2024-01-30 00:00:00,C03814,P0243,S009,2,1404.27,4196.66,2808.54,2808.54,957.5,1915.0,893.54,31.82,Card,Store,Electronics,47361,1404.27,C03814,P0243,S009,Manual/source-system review required
T047632,2024-05-01 00:00:00,C04525,P0175,S001,2,3379.67,8653.51,6759.34,6083.41,2256.5,4513.0,1570.41,25.81,Apple Pay,Store,Fashion,47632,3379.67,C04525,P0175,S001,Manual/source-system review required
T047668,2025-08-11 00:00:00,C01846,P0391,S008,2,347.63,943.89,695.26,695.26,305.23,610.46,84.8,12.2,Cash,Store,Electronics,47668,347.63,C01846,P0391,S008,Manual/source-system review required
T048137,2025-06-12 00:00:00,C00143,P0378,S002,2,2212.39,5263.62,4424.78,3761.06,1578.79,3157.58,603.48,16.05,Card,Store,Sports,48137,2212.39,C00143,P0378,S002,Manual/source-system review required
T048478,2024-02-29 00:00:00,C00022,P0293,S010,5,2585.87,14593.88,12929.35,12929.35,2130.35,10651.75,2277.6,17.62,Cash,Store,Electronics,48478,2585.87,C00022,P0293,S010,Manual/source-system review required
T048579,2025-08-13 00:00:00,C02762,P0198,S007,6,945.21,8163.87,5671.26,5671.26,697.64,4185.84,1485.42,26.19,Mada,Store,Electronics,48579,945.21,C02762,P0198,S007,Manual/source-system review required
T048620,2024-09-09 00:00:00,C00506,P0475,S020,5,3332.85,19999.99,16664.25,14164.61,2280.86,11404.3,2208.25,19.49,Apple Pay,Store,Sports,48620,3332.85,C00506,P0475,S020,Manual/source-system review required
T048648,2024-06-05 00:00:00,C00472,P0170,S013,4,513.91,3075.47,2055.64,2055.64,433.7,1734.8,320.84,15.61,Mada,Store,Electronics,48648,513.91,C00472,P0170,S013,Manual/source-system review required
T049422,2025-05-13 00:00:00,C02591,P0039,S002,2,586.76,1417.2,1173.52,1173.52,358.15,716.3,457.22,38.96,Mada,Store,Beauty,49422,586.76,C02591,P0039,S002,Manual/source-system review required
T049643,2024-04-18 00:00:00,C03796,P0130,S003,5,2342.79,14477.2,11713.95,10542.55,1570.52,7852.6,2689.95,25.52,Cash,Store,Home Appliances,49643,2342.79,C03796,P0130,S003,Manual/source-system review required
T049914,2024-12-20 00:00:00,C03656,P0039,S001,5,547.59,3590.59,2737.95,2737.95,358.15,1790.75,947.2,34.6,Card,E-commerce,Beauty,49914,547.59,C03656,P0039,S001,Manual/source-system review required
T051102,2025-07-14 00:00:00,C04307,P0374,S008,2,3434.08,8171.51,6868.16,6868.16,2442.7,4885.4,1982.76,28.87,Card,Store,Sports,51102,3434.08,C04307,P0374,S008,Manual/source-system review required
T051803,2025-03-07 00:00:00,C02039,P0475,S008,4,3311.1,16320.69,13244.4,13244.4,2280.86,9123.44,4120.96,31.11,Card,Store,Sports,51803,3311.1,C02039,P0475,S008,Manual/source-system review required
T052112,2024-05-29 00:00:00,C02914,P0030,S016,3,3845.75,16657.76,11537.25,10960.39,2930.31,8790.93,2169.46,19.79,Card,Store,Grocery,52112,3845.75,C02914,P0030,S016,Manual/source-system review required
T052272,2024-12-31 00:00:00,C00128,P0043,S004,4,3348.3,16114.13,13393.2,13393.2,2183.35,8733.4,4659.8,34.79,Mada,Store,Fashion,52272,3348.3,C00128,P0043,S004,Manual/source-system review required
T053221,2024-11-08 00:00:00,C04347,P0498,S013,5,2208.34,14378.51,11041.7,9937.53,1838.47,9192.35,745.18,7.5,Mada,Store,Fashion,53221,2208.34,C04347,P0498,S013,Manual/source-system review required
T054756,2024-10-10 00:00:00,C04903,P0286,S017,3,529.84,2112.05,1589.52,1430.57,404.03,1212.09,218.48,15.27,Card,Store,Grocery,54756,529.84,C04903,P0286,S017,Manual/source-system review required
T055918,2024-06-10 00:00:00,C03157,P0453,S001,2,1094.16,3217.43,2188.32,2188.32,698.97,1397.94,790.38,36.12,Card,Store,Grocery,55918,1094.16,C03157,P0453,S001,Manual/source-system review required
T056446,2024-09-09 00:00:00,C04707,P0252,S004,3,2422.53,8442.86,7267.59,6177.45,1690.82,5072.46,1104.99,17.89,Mada,Store,Grocery,56446,2422.53,C04707,P0252,S004,Manual/source-system review required
T057192,2024-04-30 00:00:00,C03561,P0330,S001,5,1539.36,9313.22,7696.8,6927.12,1221.72,6108.6,818.52,11.82,STC Pay,Store,Electronics,57192,1539.36,C03561,P0330,S001,Manual/source-system review required
T057783,2025-10-04 00:00:00,C04382,P0449,S017,3,1411.62,5800.39,4234.86,4023.12,1072.69,3218.07,805.05,20.01,Card,Store,Home & Living,57783,1411.62,C04382,P0449,S017,Manual/source-system review required
T060667,2024-05-28 00:00:00,C02347,P0118,S018,6,1402.81,11038.4,8416.86,7154.33,942.39,5654.34,1499.99,20.97,Cash,Store,Home & Living,60667,1402.81,C02347,P0118,S018,Manual/source-system review required
T060941,2024-09-06 00:00:00,C01930,P0343,S004,2,1114.3,2608.95,2228.6,2228.6,719.33,1438.66,789.94,35.45,Apple Pay,E-commerce,Electronics,60941,1114.3,C01930,P0343,S004,Manual/source-system review required
T060958,2025-06-10 00:00:00,C01216,P0203,S019,3,160.44,639.19,481.32,433.19,120.96,362.88,70.31,16.23,Apple Pay,Store,Home Appliances,60958,160.44,C01216,P0203,S019,Manual/source-system review required
T061907,2025-02-22 00:00:00,C01063,P0460,S011,4,902.2,4691.74,3608.8,3428.36,737.26,2949.04,479.32,13.98,Card,Store,Grocery,61907,902.2,C01063,P0460,S011,Manual/source-system review required
T062534,2024-06-16 00:00:00,C00642,P0005,S012,4,819.92,4655.11,3279.68,3115.7,563.06,2252.24,863.46,27.71,Mada,Store,Electronics,62534,819.92,C00642,P0005,S012,Manual/source-system review required
T063078,2024-10-02 00:00:00,C00753,P0016,S019,4,4488.9,23083.16,17955.6,17057.82,2915.7,11662.8,5395.02,31.63,Apple Pay,Store,Electronics,63078,4488.9,C00753,P0016,S019,Manual/source-system review required
T063115,2024-08-27 00:00:00,C02278,P0380,S011,4,4487.94,22462.68,17951.76,14361.41,2930.64,11722.56,2638.85,18.37,Mada,Store,Grocery,63115,4487.94,C02278,P0380,S011,Manual/source-system review required
T063452,2025-07-04 00:00:00,C02888,P0196,S009,2,3792.3,9593.79,7584.6,6446.91,2778.19,5556.38,890.53,13.81,Mada,Store,Grocery,63452,3792.3,C02888,P0196,S009,Manual/source-system review required
T063625,2025-12-02 00:00:00,C03236,P0230,S001,1,1009.64,1200.9,1009.64,959.16,805.78,805.78,153.38,15.99,Card,Store,Fashion,63625,1009.64,C03236,P0230,S001,Manual/source-system review required
T064849,2025-06-02 00:00:00,C01431,P0400,S010,2,2504.31,7499.95,5008.62,4758.19,1786.58,3573.16,1185.03,24.91,Card,Store,Home & Living,64849,2504.31,C01431,P0400,S010,Manual/source-system review required
T064967,2024-09-14 00:00:00,C04633,P0074,S008,5,4147.17,26511.05,20735.85,19699.06,2865.5,14327.5,5371.56,27.27,Card,Store,Fashion,64967,4147.17,C04633,P0074,S008,Manual/source-system review required
T065305,2024-04-20 00:00:00,C02545,P0339,S019,6,1532.86,10182.58,9197.16,7817.59,1322.75,7936.5,-118.91,-1.52,Cash,E-commerce,Home Appliances,65305,1532.86,C02545,P0339,S019,Manual/source-system review required
T068021,2025-08-17 00:00:00,C04491,P0173,S013,3,3399.62,11638.11,10198.86,10198.86,2816.25,8448.75,1750.11,17.16,STC Pay,Store,Home & Living,68021,3399.62,C04491,P0173,S013,Manual/source-system review required
T068827,2025-10-13 00:00:00,C03442,P0266,S006,4,4253.67,25420.25,17014.68,15313.21,2713.1,10852.4,4460.81,29.13,Mada,E-commerce,Sports,68827,4253.67,C03442,P0266,S006,Manual/source-system review required
T068926,2024-09-03 00:00:00,C04570,P0218,S003,4,354.11,1926.81,1416.44,1345.62,274.82,1099.28,246.34,18.31,Card,Store,Grocery,68926,354.11,C04570,P0218,S003,Manual/source-system review required
T069744,2025-07-31 00:00:00,C01794,P0025,S010,4,53.53,250.69,214.12,203.41,40.72,162.88,40.53,19.93,STC Pay,Store,Beauty,69744,53.53,C01794,P0025,S010,Manual/source-system review required
T070292,2024-02-07 00:00:00,C01597,P0027,S004,2,969.54,2772.43,1939.08,1939.08,671.92,1343.84,595.24,30.7,Card,E-commerce,Sports,70292,969.54,C01597,P0027,S004,Manual/source-system review required
T072093,2024-12-23 00:00:00,C01831,P0328,S010,1,2134.66,2974.11,2134.66,2134.66,1504.62,1504.62,630.04,29.51,Card,E-commerce,Home & Living,72093,2134.66,C01831,P0328,S010,Manual/source-system review required
T072506,2024-11-12 00:00:00,C02949,P0381,S014,4,3883.67,18020.47,15534.68,15534.68,2581.06,10324.24,5210.44,33.54,Mada,Store,Beauty,72506,3883.67,C02949,P0381,S014,Manual/source-system review required
T072673,2025-03-21 00:00:00,C00059,P0466,S007,2,3727.18,10731.23,7454.36,6708.92,2525.3,5050.6,1658.32,24.72,Cash,Store,Grocery,72673,3727.18,C00059,P0466,S007,Manual/source-system review required
T073295,2025-02-06 00:00:00,C01374,P0465,S008,5,587.55,3598.41,2937.75,2790.86,412.55,2062.75,728.11,26.09,Apple Pay,Store,Beauty,73295,587.55,C01374,P0465,S008,Manual/source-system review required
T074074,2024-06-22 00:00:00,C03485,P0140,S020,4,2488.1,13018.03,9952.4,9952.4,2099.05,8396.2,1556.2,15.64,Cash,Store,Sports,74074,2488.1,C03485,P0140,S020,Manual/source-system review required
T074647,2024-09-13 00:00:00,C04838,P0128,S011,4,2229.93,13169.35,8919.72,8473.73,1826.4,7305.6,1168.13,13.79,Mada,Store,Electronics,74647,2229.93,C04838,P0128,S011,Manual/source-system review required
T074908,2024-04-26 00:00:00,C00349,P0453,S012,5,1081.78,6599.45,5408.9,5138.46,698.97,3494.85,1643.61,31.99,Cash,E-commerce,Grocery,74908,1081.78,C00349,P0453,S012,Manual/source-system review required
T076212,2025-08-25 00:00:00,C01753,P0382,S005,6,2226.57,16667.15,13359.42,13359.42,1710.59,10263.54,3095.88,23.17,Mada,Store,Home Appliances,76212,2226.57,C01753,P0382,S005,Manual/source-system review required
T076728,2025-05-22 00:00:00,C00717,P0453,S012,3,1084.2,4011.82,3252.6,2602.08,698.97,2096.91,505.17,19.41,Apple Pay,Store,Grocery,76728,1084.2,C00717,P0453,S012,Manual/source-system review required
T077017,2024-12-12 00:00:00,C04771,P0250,S003,4,3580.88,18583.37,14323.52,14323.52,2390.12,9560.48,4763.04,33.25,STC Pay,Store,Grocery,77017,3580.88,C04771,P0250,S003,Manual/source-system review required
T077087,2025-01-09 00:00:00,C01092,P0221,S015,3,1176.98,4006.5,3530.94,3530.94,818.83,2456.49,1074.45,30.43,Apple Pay,Store,Electronics,77087,1176.98,C01092,P0221,S015,Manual/source-system review required
T077412,2025-05-10 00:00:00,C04457,P0060,S018,2,2941.06,7979.83,5882.12,5882.12,2549.04,5098.08,784.04,13.33,Card,Store,Electronics,77412,2941.06,C04457,P0060,S018,Manual/source-system review required
T078664,2024-07-10 00:00:00,C02779,P0147,S008,4,3497.55,20978.74,13990.2,13290.69,2422.48,9689.92,3600.77,27.09,STC Pay,Store,Grocery,78664,3497.55,C02779,P0147,S008,Manual/source-system review required
T079560,2025-12-06 00:00:00,C02903,P0204,S019,1,89.64,106.88,89.64,89.64,59.02,59.02,30.62,34.16,Mada,E-commerce,Beauty,79560,89.64,C02903,P0204,S019,Manual/source-system review required
T081116,2024-06-25 00:00:00,C00515,P0193,S020,3,2235.67,7525.09,6707.01,6707.01,1787.03,5361.09,1345.92,20.07,Cash,E-commerce,Electronics,81116,2235.67,C00515,P0193,S020,Manual/source-system review required
T081529,2025-12-23 00:00:00,C00949,P0115,S007,4,1926.04,9032.0,7704.16,7318.95,1377.86,5511.44,1807.51,24.7,Apple Pay,E-commerce,Beauty,81529,1926.04,C00949,P0115,S007,Manual/source-system review required
T081801,2025-04-25 00:00:00,C00893,P0436,S018,2,3864.88,8896.11,7729.76,6956.78,2408.58,4817.16,2139.62,30.76,Mada,Store,Beauty,81801,3864.88,C00893,P0436,S018,Manual/source-system review required
T083217,2025-05-24 00:00:00,C00265,P0059,S011,1,578.73,851.12,578.73,549.79,437.45,437.45,112.34,20.43,Card,Store,Grocery,83217,578.73,C00265,P0059,S011,Manual/source-system review required
T084284,2024-01-13 00:00:00,C03154,P0081,S018,1,3069.86,3656.65,3069.86,3069.86,2058.21,2058.21,1011.65,32.95,Cash,Store,Electronics,84284,3069.86,C03154,P0081,S018,Manual/source-system review required
T087101,2025-12-20 00:00:00,C03453,P0384,S003,3,3144.44,13794.5,9433.32,9433.32,1906.79,5720.37,3712.95,39.36,Apple Pay,Store,Beauty,87101,3144.44,C03453,P0384,S003,Manual/source-system review required
T087837,2025-08-16 00:00:00,C04785,P0333,S011,3,2405.93,10132.75,7217.79,6496.01,1744.45,5233.35,1262.66,19.44,Mada,Store,Grocery,87837,2405.93,C04785,P0333,S011,Manual/source-system review required
T087856,2024-10-05 00:00:00,C04318,P0319,S011,4,891.99,4966.29,3567.96,3032.77,618.56,2474.24,558.53,18.42,Card,Store,Electronics,87856,891.99,C04318,P0319,S011,Manual/source-system review required
T087976,2024-05-05 00:00:00,C01448,P0128,S012,5,2401.34,15211.31,12006.7,10806.03,1826.4,9132.0,1674.03,15.49,STC Pay,Store,Electronics,87976,2401.34,C01448,P0128,S012,Manual/source-system review required
T088864,2024-10-13 00:00:00,C00208,UNKNOWN,S010,3,515.61,2301.35,1546.83,1392.15,404.03,1212.09,180.06,12.93,Card,E-commerce,,88864,515.61,C00208,P9252,S010,Manual/source-system review required
T088911,2024-07-08 00:00:00,C03456,P0250,S001,6,3457.75,27886.65,20746.5,17634.52,2390.12,14340.72,3293.8,18.68,Mada,E-commerce,Grocery,88911,3457.75,C03456,P0250,S001,Manual/source-system review required
T089020,2024-07-22 00:00:00,C04005,P0478,S015,7,2400.32,19122.21,16802.24,16802.24,1787.27,12510.89,4291.35,25.54,Mada,E-commerce,Fashion,89020,2400.32,C04005,P0478,S015,Manual/source-system review required
T089319,2025-01-03 00:00:00,C03195,P0162,S004,5,4038.83,25996.5,20194.15,18174.73,2599.21,12996.05,5178.68,28.49,Card,E-commerce,Home & Living,89319,4038.83,C03195,P0162,S004,Manual/source-system review required
T089840,2024-07-19 00:00:00,C01638,P0178,S011,3,1475.84,6378.68,4427.52,4206.14,1143.29,3429.87,776.27,18.46,Mada,Store,Fashion,89840,1475.84,C01638,P0178,S011,Manual/source-system review required
T090036,2025-01-23 00:00:00,C03753,P0447,S003,2,198.32,436.39,396.64,396.64,133.31,266.62,130.02,32.78,Card,E-commerce,Home Appliances,90036,198.32,C03753,P0447,S003,Manual/source-system review required
T090396,2024-11-08 00:00:00,C04265,P0467,S017,3,3234.75,12409.17,9704.25,9219.04,2235.4,6706.2,2512.84,27.26,Card,Store,Beauty,90396,3234.75,C04265,P0467,S017,Manual/source-system review required
T090962,2025-09-13 00:00:00,C04977,P0491,S016,4,1499.18,8129.22,5996.72,5996.72,1099.46,4397.84,1598.88,26.66,Unknown,Store,Home Appliances,90962,1499.18,C04977,P0491,S016,Manual/source-system review required
T091661,2025-09-22 00:00:00,C01484,P0175,UNKNOWN,3,3527.41,14896.57,10582.23,10053.12,2256.5,6769.5,3283.62,32.66,Cash,E-commerce,Fashion,91661,3527.41,C01484,P0175,S973,Manual/source-system review required
T092508,2024-12-24 00:00:00,C04603,P0312,S001,4,321.26,1712.56,1285.04,1028.03,235.89,943.56,84.47,8.22,STC Pay,Store,Beauty,92508,321.26,C04603,P0312,S001,Manual/source-system review required
T093001,2025-01-26 00:00:00,C00020,P0038,S003,2,2358.76,6234.64,4717.52,3774.02,1562.9,3125.8,648.22,17.18,Cash,Store,Electronics,93001,2358.76,C00020,P0038,S003,Manual/source-system review required
T093421,2024-08-23 00:00:00,C03269,P0372,S006,2,3039.2,8883.96,6078.4,6078.4,2445.02,4890.04,1188.36,19.55,STC Pay,Store,Home Appliances,93421,3039.2,C03269,P0372,S006,Manual/source-system review required
T093453,2025-07-24 00:00:00,C01334,P0110,S004,4,2117.23,12194.53,8468.92,8468.92,1594.54,6378.16,2090.76,24.69,STC Pay,Store,Grocery,93453,2117.23,C01334,P0110,S004,Manual/source-system review required
T093475,2025-03-26 00:00:00,C02847,P0259,S012,2,2925.99,8609.36,5851.98,5266.78,1889.97,3779.94,1486.84,28.23,Card,E-commerce,Grocery,93475,2925.99,C02847,P0259,S012,Manual/source-system review required
T094181,2024-04-25 00:00:00,C00464,P0318,S012,2,324.71,763.38,649.42,616.95,254.16,508.32,108.63,17.61,Mada,E-commerce,Beauty,94181,324.71,C00464,P0318,S012,Manual/source-system review required
T094412,2024-10-19 00:00:00,C01480,P0215,S014,2,3408.75,9572.92,6817.5,6476.62,2168.02,4336.04,2140.58,33.05,Apple Pay,E-commerce,Electronics,94412,3408.75,C01480,P0215,S014,Manual/source-system review required
T094857,2024-06-07 00:00:00,C02597,P0026,S007,2,476.65,1411.62,953.3,857.97,377.2,754.4,103.57,12.07,STC Pay,Store,Fashion,94857,476.65,C02597,P0026,S007,Manual/source-system review required
T094937,2025-11-29 00:00:00,C00360,P0006,S011,1,2030.36,2619.41,2030.36,2030.36,1711.75,1711.75,318.61,15.69,Card,Store,Home Appliances,94937,2030.36,C00360,P0006,S011,Manual/source-system review required
T095954,2024-03-31 00:00:00,C01617,P0092,S013,2,2960.58,8714.94,5921.16,5625.1,2045.94,4091.88,1533.22,27.26,Mada,E-commerce,Home Appliances,95954,2960.58,C01617,P0092,S013,Manual/source-system review required
T095974,2024-12-30 00:00:00,C02890,P0436,S004,2,3730.85,11105.13,7461.7,6342.45,2408.58,4817.16,1525.29,24.05,Card,Store,Beauty,95974,3730.85,C02890,P0436,S004,Manual/source-system review required
T096135,2024-05-22 00:00:00,C02898,P0032,S010,3,1071.11,4283.3,3213.33,3052.66,741.32,2223.96,828.7,27.15,Card,Store,Beauty,96135,1071.11,C02898,P0032,S010,Manual/source-system review required
T096301,2025-09-29 00:00:00,C01408,P0302,S012,2,4357.29,12838.09,8714.58,8714.58,2894.27,5788.54,2926.04,33.58,STC Pay,Store,Home & Living,96301,4357.29,C01408,P0302,S012,Manual/source-system review required
T096781,2024-11-15 00:00:00,C01839,P0175,S019,1,3239.83,3780.71,3239.83,3077.84,2256.5,2256.5,821.34,26.69,Card,Store,Fashion,96781,3239.83,C01839,P0175,S019,Manual/source-system review required
T097607,2025-01-07 00:00:00,C01935,P0126,S016,2,3538.95,8355.74,7077.9,6016.22,2311.58,4623.16,1393.06,23.16,Mada,Store,Electronics,97607,3538.95,C01935,P0126,S016,Manual/source-system review required
T098247,2024-02-12 00:00:00,C04630,P0013,S005,1,3084.55,3975.95,3084.55,3084.55,1960.21,1960.21,1124.34,36.45,Apple Pay,E-commerce,Home Appliances,98247,3084.55,C04630,P0013,S005,Manual/source-system review required
T098977,2025-05-12 00:00:00,UNKNOWN,P0386,S002,1,1982.59,2854.72,1982.59,1982.59,1244.86,1244.86,737.73,37.21,Mada,Store,Fashion,98977,1982.59,,P0386,S002,Manual/source-system review required
T100394,2025-11-06 00:00:00,C00261,P0446,S019,1,2982.43,3569.01,2982.43,2982.43,2217.55,2217.55,764.88,25.65,Apple Pay,Store,Beauty,100394,2982.43,C00261,P0446,S019,Manual/source-system review required
T100629,2025-10-02 00:00:00,C01921,P0383,S007,5,421.45,2621.14,2107.25,2107.25,279.38,1396.9,710.35,33.71,Mada,E-commerce,Electronics,100629,421.45,C01921,P0383,S007,Manual/source-system review required
T101345,2024-07-23 00:00:00,C01206,P0063,S006,2,315.12,709.64,630.24,630.24,231.4,462.8,167.44,26.57,Mada,Store,Electronics,101345,315.12,C01206,P0063,S006,Manual/source-system review required
T102093,2024-01-14 00:00:00,C03006,P0389,S013,1,2710.67,3465.74,2710.67,2439.6,2304.64,2304.64,134.96,5.53,Apple Pay,Store,Fashion,102093,2710.67,C03006,P0389,S013,Manual/source-system review required
T102314,2025-06-28 00:00:00,C04414,P0019,S019,2,2342.44,6880.56,4684.88,4450.64,1535.54,3071.08,1379.56,31.0,Mada,Store,Home Appliances,102314,2342.44,C04414,P0019,S019,Manual/source-system review required
T102628,2024-06-10 00:00:00,C03727,P0467,S003,2,3273.41,8078.9,6546.82,6546.82,2235.4,4470.8,2076.02,31.71,Mada,Store,Beauty,102628,3273.41,C03727,P0467,S003,Manual/source-system review required
T103476,2025-01-03 00:00:00,C02087,P0220,S013,1,1518.13,1989.83,1518.13,1214.5,1020.88,1020.88,193.62,15.94,Cash,Store,Electronics,103476,1518.13,C02087,P0220,S013,Manual/source-system review required
T103510,2024-06-21 00:00:00,C03596,P0027,S012,2,969.18,2149.04,1938.36,1938.36,671.92,1343.84,594.52,30.67,Cash,Store,Sports,103510,969.18,C03596,P0027,S012,Manual/source-system review required
T103874,2024-06-04 00:00:00,C03709,P0424,S010,2,2306.74,6026.47,4613.48,4382.81,1815.61,3631.22,751.59,17.15,STC Pay,Store,Home Appliances,103874,2306.74,C03709,P0424,S010,Manual/source-system review required
T104616,2024-11-04 00:00:00,C00127,P0491,S012,2,1491.42,4346.66,2982.84,2833.7,1099.46,2198.92,634.78,22.4,Apple Pay,Store,Home Appliances,104616,1491.42,C00127,P0491,S012,Manual/source-system review required
T105748,2025-06-21 00:00:00,C02192,P0009,S020,1,3059.39,3871.88,3059.39,2906.42,2247.01,2247.01,659.41,22.69,Card,E-commerce,Fashion,105748,3059.39,C02192,P0009,S020,Manual/source-system review required
T106401,2024-01-07 00:00:00,C00327,P0231,S004,1,2690.35,3424.22,2690.35,2690.35,1906.63,1906.63,783.72,29.13,Cash,Store,Fashion,106401,2690.35,C00327,P0231,S004,Manual/source-system review required
T108164,2024-01-15 00:00:00,C00347,P0370,S017,3,2949.99,10889.85,8849.97,7522.47,1934.88,5804.64,1717.83,22.84,Card,E-commerce,Electronics,108164,2949.99,C00347,P0370,S017,Manual/source-system review required
T109424,2024-06-16 00:00:00,C01435,P0290,S001,5,1028.69,6664.4,5143.45,5143.45,864.36,4321.8,821.65,15.97,Apple Pay,E-commerce,Beauty,109424,1028.69,C01435,P0290,S001,Manual/source-system review required
T110172,2025-05-29 00:00:00,C00264,P0266,S007,5,4343.42,24567.74,21717.1,21717.1,2713.1,13565.5,8151.6,37.54,Card,Store,Sports,110172,4343.42,C00264,P0266,S007,Manual/source-system review required
T110634,2025-07-19 00:00:00,C01065,P0395,S009,1,85.89,105.35,85.89,85.89,67.15,67.15,18.74,21.82,Mada,E-commerce,Home Appliances,110634,85.89,C01065,P0395,S009,Manual/source-system review required
T110756,2024-07-09 00:00:00,C04727,P0211,S018,3,1188.55,4328.87,3565.65,3209.08,826.82,2480.46,728.62,22.7,Card,Store,Home Appliances,110756,1188.55,C04727,P0211,S018,Manual/source-system review required
T111302,2025-07-01 00:00:00,C02069,P0028,S002,3,4824.56,15984.83,14473.68,13750.0,2915.91,8747.73,5002.27,36.38,Cash,Store,Home & Living,111302,4824.56,C02069,P0028,S002,Manual/source-system review required
T112132,2024-09-29 00:00:00,C00108,P0121,S006,4,1845.77,10070.48,7383.08,7383.08,1245.54,4982.16,2400.92,32.52,Mada,E-commerce,Beauty,112132,1845.77,C00108,P0121,S006,Manual/source-system review required
T113201,2025-08-19 00:00:00,C00478,P0037,S006,5,2373.59,16902.43,11867.95,11867.95,1942.61,9713.05,2154.9,18.16,STC Pay,Store,Electronics,113201,2373.59,C00478,P0037,S006,Manual/source-system review required
T113799,2025-02-21 00:00:00,C04079,P0340,S019,2,1537.57,3597.68,3075.14,2460.11,1090.52,2181.04,279.07,11.34,Card,Store,Sports,113799,1537.57,C04079,P0340,S019,Manual/source-system review required
T115913,2025-03-30 00:00:00,C03911,P0098,S006,1,3420.76,4767.37,3420.76,3249.72,2378.91,2378.91,870.81,26.8,Mada,Store,Home & Living,115913,3420.76,C03911,P0098,S006,Manual/source-system review required
T115944,2025-05-14 00:00:00,C04664,P0387,S014,1,2113.38,2595.95,2113.38,2113.38,1678.78,1678.78,434.6,20.56,Apple Pay,Store,Fashion,115944,2113.38,C04664,P0387,S014,Manual/source-system review required
T116873,2024-10-09 00:00:00,C02653,P0217,S003,2,1532.79,4393.39,3065.58,2912.3,1231.05,2462.1,450.2,15.46,Card,E-commerce,Home Appliances,116873,1532.79,C02653,P0217,S003,Manual/source-system review required
T117633,2024-12-08 00:00:00,C04183,P0024,S003,4,2202.07,10554.31,8808.28,8808.28,1950.12,7800.48,1007.8,11.44,STC Pay,Store,Electronics,117633,2202.07,C04183,P0024,S003,Manual/source-system review required
T118485,2024-01-30 00:00:00,C00005,P0020,S016,4,813.72,3866.25,3254.88,2929.39,701.82,2807.28,122.11,4.17,Card,Store,Home Appliances,118485,813.72,C00005,P0020,S016,Manual/source-system review required
T118761,2024-10-30 00:00:00,C04689,P0061,S017,1,1167.23,1317.22,1167.23,1050.51,903.6,903.6,146.91,13.98,Mada,Store,Home & Living,118761,1167.23,C04689,P0061,S017,Manual/source-system review required
T118798,2024-05-20 00:00:00,C03257,P0045,S017,4,2772.77,14307.59,11091.08,11091.08,2013.58,8054.32,3036.76,27.38,Apple Pay,Store,Fashion,118798,2772.77,C03257,P0045,S017,Manual/source-system review required
T119042,2025-09-08 00:00:00,C01763,P0394,S015,1,1593.14,2365.62,1593.14,1593.14,1224.87,1224.87,368.27,23.12,Apple Pay,Store,Home Appliances,119042,1593.14,C01763,P0394,S015,Manual/source-system review required
T119064,2025-04-17 00:00:00,C02415,P0467,S013,2,3075.34,8379.37,6150.68,6150.68,2235.4,4470.8,1679.88,27.31,Apple Pay,E-commerce,Beauty,119064,3075.34,C02415,P0467,S013,Manual/source-system review required
T119700,2025-03-21 00:00:00,C02190,P0370,S013,5,2995.82,18587.34,14979.1,14979.1,1934.88,9674.4,5304.7,35.41,Card,E-commerce,Electronics,119700,2995.82,C02190,P0370,S013,Manual/source-system review required
T119790,2024-05-16 00:00:00,C01587,P0121,S014,2,1868.02,5005.44,3736.04,3549.24,1245.54,2491.08,1058.16,29.81,Mada,Store,Beauty,119790,1868.02,C01587,P0121,S014,Manual/source-system review required
