customer_id,customer_name,gender,age,city,customer_segment
C00001,Maha Mahmoud,Male,27,Medina,Standard
C00002,Faisal Farooq,Female,26,Mecca,Value
C00003,Lina Abdullah,Male,60,Riyadh,Standard
C00004,Saad Saeed,Male,32,Jeddah,Value
C00005,Aisha Ibrahim,Male,38,Jeddah,Value
C00006,Maha Saleh,Female,54,Jeddah,Value
C00007,Khalid Mahmoud,Male,66,Dammam,Standard
C00008,Fatimah Saleh,Female,58,Riyadh,Standard
C00009,Hassan Saleh,Male,24,Medina,Standard
C00010,Mohammed Farooq,Male,60,Riyadh,Value
C00011,Mohammed Saeed,Male,63,Medina,Value
C00012,Khalid Hassan,Male,39,Riyadh,Standard
C00013,Reem Ahmed,Male,56,Medina,Standard
C00014,Faisal Farooq,Female,27,Dammam,Premium
C00015,Saad Rahman,Female,37,Jeddah,Standard
C00016,Aisha Mahmoud,Female,57,Mecca,Standard
C00017,Maha Ansari,Male,58,Jeddah,Value
C00018,Mohammed Saleh,Male,20,Khobar,Standard
C00019,Faisal Ibrahim,Male,69,Taif,Value
C00020,Maryam Rahman,Male,68,Dammam,Standard
C00021,Ibrahim Khan,Male,54,Mecca,Standard
C00022,Aisha Yousuf,Female,57,Jeddah,Standard
C00023,Fatimah Hassan,Female,24,Dammam,Standard
C00024,Sara Mahmoud,Female,55,Riyadh,Standard
C00025,Yousef Rahman,Male,49,Khobar,Value
C00026,Faisal Yousuf,Male,36,Riyadh,Value
C00027,Reem Ali,Male,62,Taif,Premium
C00028,Mohammed Khan,Female,45,Medina,Value
C00029,Khalid Saleh,Female,20,Riyadh,Premium
C00030,Khalid Ahmed,Female,45,Mecca,Standard
C00031,Faisal Ahmed,Female,61,Riyadh,Standard
C00032,Fatimah Saleh,Female,38,Jeddah,Value
C00033,Reem Rahman,Female,45,Jeddah,Premium
C00034,Amal Hassan,Male,58,Dammam,Standard
C00035,Reem Saeed,Female,34,Mecca,Value
C00036,Abdullah Ali,Female,37,Mecca,Standard
C00037,Yousef Mahmoud,Male,45,Taif,Standard
C00038,Ahmed Mahmoud,Female,40,Taif,Standard
C00039,Aisha Saeed,Female,32,Taif,Premium
C00040,Maha Khan,Female,31,Khobar,Value
C00041,Abdullah Farooq,Female,30,Taif,Standard
C00042,Mohammed Mahmoud,Female,63,Medina,Standard
C00043,Abdullah Ahmed,Male,47,Taif,Premium
C00044,Yousef Mahmoud,Male,31,Jeddah,Value
C00045,Maryam Yousuf,Male,68,Dammam,Value
C00046,Amal Malik,Female,24,Medina,Value
C00047,Maryam Al-Qahtani,Male,69,Medina,Standard
C00048,Omar Mahmoud,Male,34,Medina,Premium
C00049,Amal Saleh,Male,31,Dammam,Premium
C00050,Maha Yousuf,Male,58,Khobar,Premium
C00051,Mohammed Saleh,Female,63,Medina,Value
C00052,Reem Malik,Male,66,Medina,Standard
C00053,Maha Hassan,Male,38,Taif,Standard
C00054,Khalid Ahmed,Male,61,Riyadh,Value
C00055,Ibrahim Khan,Male,52,Riyadh,Premium
C00056,Yousef Malik,Female,40,Taif,Premium
C00057,Maha Al-Qahtani,Female,32,Riyadh,Standard
C00058,Yousef Rahman,Male,68,Medina,Standard
C00059,Omar Ibrahim,Female,24,Khobar,Premium
C00060,Nora Ahmed,Male,39,Khobar,Value
C00061,Ibrahim Ali,Female,25,Taif,Standard
C00062,Lina Ali,Female,29,Medina,Premium
C00063,Hassan Ali,Male,46,Mecca,Standard
C00064,Abdullah Malik,Male,37,Riyadh,Standard
C00065,Maha Ali,Male,25,Dammam,Value
C00066,Saad Rahman,Male,70,Riyadh,Standard
C00067,Ibrahim Saleh,Male,41,Mecca,Standard
C00068,Maryam Ansari,Female,56,Taif,Value
C00069,Sara Yousuf,Male,36,Dammam,Premium
C00070,Ahmed Mahmoud,Male,61,Dammam,Standard
C00071,Nora Farooq,Female,65,Riyadh,Value
C00072,Khalid Mahmoud,Female,42,Dammam,Premium
C00073,Aisha Ibrahim,Female,66,Taif,Value
C00074,Omar Yousuf,Male,50,Taif,Standard
C00075,Aisha Farooq,Male,57,Khobar,Value
C00076,Maryam Al-Qahtani,Male,58,Taif,Standard
C00077,Hassan Hassan,Female,68,Dammam,Standard
C00078,Maryam Saeed,Male,26,Riyadh,Standard
C00079,Faisal Ansari,Male,70,Jeddah,Standard
C00080,Yousef Hassan,Female,34,Riyadh,Standard
C00081,Ahmed Ibrahim,Male,62,Taif,Premium
C00082,Huda Al-Qahtani,Male,48,Riyadh,Value
C00083,Sara Hassan,Female,53,Dammam,Premium
C00084,Faisal Abdullah,Male,47,Khobar,Standard
C00085,Abdullah Farooq,Male,61,Taif,Value
C00086,Sara Abdullah,Male,53,Khobar,Standard
C00087,Khalid Ibrahim,Male,21,Mecca,Value
C00088,Amal Ahmed,Male,46,Jeddah,Standard
C00089,Sara Al-Qahtani,Female,48,Dammam,Standard
C00090,Faisal Rahman,Male,25,Jeddah,Value
C00091,Faisal Ali,Male,48,Khobar,Standard
C00092,Abdullah Ansari,Female,62,Khobar,Premium
C00093,Sara Ansari,Male,59,Dammam,Premium
C00094,Aisha Rahman,Female,47,Jeddah,Value
C00095,Hassan Farooq,Male,54,Dammam,Value
C00096,Ibrahim Ali,Female,46,Mecca,Standard
C00097,Huda Malik,Male,49,Medina,Standard
C00098,Huda Malik,Male,51,Mecca,Value
C00099,Maryam Ahmed,Female,59,Jeddah,Standard
C00100,Huda Rahman,Male,63,Taif,Standard
C00101,Saad Khan,Female,68,Riyadh,Standard
C00102,Abdullah Malik,Male,64,Jeddah,Standard
C00103,Huda Ahmed,Male,35,Medina,Standard
C00104,Khalid Ibrahim,Female,38,Khobar,Value
C00105,Maryam Al-Qahtani,Female,44,Mecca,Standard
C00106,Aisha Farooq,Male,38,Medina,Value
C00107,Huda Mahmoud,Male,37,Riyadh,Value
C00108,Huda Ahmed,Female,36,Jeddah,Value
C00109,Faisal Al-Qahtani,Male,53,Medina,Standard
C00110,Aisha Ansari,Male,28,Riyadh,Standard
C00111,Maha Ansari,Female,35,Khobar,Value
C00112,Omar Ibrahim,Female,62,Dammam,Standard
C00113,Amal Malik,Male,34,Riyadh,Value
C00114,Maryam Al-Qahtani,Female,55,Dammam,Standard
C00115,Maha Malik,Male,48,Taif,Premium
C00116,Sara Ahmed,Male,27,Jeddah,Standard
C00117,Fatimah Hassan,Female,58,Dammam,Standard
C00118,Aisha Ahmed,Female,36,Jeddah,Standard
C00119,Saad Yousuf,Female,24,Dammam,Value
C00120,Ahmed Al-Qahtani,Female,54,Mecca,Value
C00121,Ibrahim Al-Qahtani,Female,18,Khobar,Value
C00122,Ibrahim Hassan,Male,63,Medina,Standard
C00123,Faisal Ansari,Male,52,Dammam,Standard
C00124,Mohammed Malik,Male,36,Dammam,Value
C00125,Huda Ibrahim,Female,51,Jeddah,Standard
C00126,Mohammed Hassan,Male,43,Mecca,Standard
C00127,Mohammed Ibrahim,Male,20,Taif,Value
C00128,Saad Rahman,Male,56,Riyadh,Standard
C00129,Nora Rahman,Male,36,Mecca,Standard
C00130,Huda Ibrahim,Female,40,Medina,Standard
C00131,Amal Khan,Female,49,Jeddah,Standard
C00132,Amal Rahman,Female,41,Taif,Standard
C00133,Nora Ansari,Male,40,Jeddah,Standard
C00134,Mohammed Hassan,Male,51,Taif,Premium
C00135,Aisha Saleh,Female,48,Riyadh,Standard
C00136,Faisal Ali,Male,40,Jeddah,Standard
C00137,Fatimah Saleh,Male,46,Khobar,Premium
C00138,Maryam Saleh,Male,44,Jeddah,Standard
C00139,Aisha Ahmed,Female,30,Dammam,Value
C00140,Fatimah Ahmed,Male,54,Riyadh,Standard
C00141,Ahmed Farooq,Male,44,Riyadh,Value
C00142,Sara Malik,Male,54,Riyadh,Standard
C00143,Omar Al-Qahtani,Male,42,Medina,Standard
C00144,Maryam Farooq,Male,54,Jeddah,Premium
C00145,Saad Farooq,Male,58,Dammam,Standard
C00146,Maha Ahmed,Male,61,Riyadh,Premium
C00147,Lina Rahman,Female,30,Khobar,Value
C00148,Ibrahim Saeed,Male,28,Medina,Value
C00149,Nora Ibrahim,Male,62,Mecca,Standard
C00150,Saad Khan,Male,35,Dammam,Standard
C00151,Yousef Saeed,Female,18,Khobar,Premium
C00152,Nora Saleh,Male,66,Medina,Value
C00153,Aisha Rahman,Male,27,Medina,Standard
C00154,Mohammed Saeed,Female,34,Khobar,Value
C00155,Abdullah Al-Qahtani,Male,55,Riyadh,Value
C00156,Sara Saleh,Male,53,Jeddah,Standard
C00157,Amal Ibrahim,Female,45,Taif,Standard
C00158,Fatimah Ansari,Male,70,Jeddah,Value
C00159,Mohammed Rahman,Female,23,Taif,Premium
C00160,Ahmed Ibrahim,Male,24,Khobar,Standard
C00161,Reem Ansari,Male,70,Khobar,Standard
C00162,Maryam Saleh,Female,49,Dammam,Value
C00163,Yousef Malik,Female,39,Dammam,Standard
C00164,Ibrahim Malik,Male,51,Jeddah,Standard
C00165,Fatimah Abdullah,Female,21,Jeddah,Value
C00166,Amal Hassan,Male,28,Taif,Standard
C00167,Huda Ansari,Female,43,Khobar,Standard
C00168,Hassan Ansari,Female,62,Dammam,Premium
C00169,Yousef Khan,Female,64,Taif,Standard
C00170,Huda Al-Qahtani,Male,69,Medina,Standard
C00171,Aisha Al-Qahtani,Male,58,Medina,Premium
C00172,Khalid Khan,Male,69,Riyadh,Standard
C00173,Lina Saeed,Male,44,Jeddah,Standard
C00174,Maha Rahman,Male,23,Medina,Value
C00175,Maha Abdullah,Female,63,Mecca,Standard
C00176,Faisal Malik,Male,25,Khobar,Value
C00177,Huda Ansari,Female,30,Jeddah,Value
C00178,Faisal Saleh,Male,33,Khobar,Value
C00179,Fatimah Ansari,Female,54,Riyadh,Value
C00180,Faisal Saeed,Male,35,Jeddah,Premium
C00181,Mohammed Ali,Female,60,Dammam,Standard
C00182,Yousef Malik,Female,59,Medina,Value
C00183,Ahmed Ansari,Male,56,Riyadh,Standard
C00184,Fatimah Saleh,Male,54,Jeddah,Value
C00185,Hassan Al-Qahtani,Male,60,Mecca,Standard
C00186,Mohammed Ibrahim,Male,25,Dammam,Standard
C00187,Abdullah Farooq,Male,30,Mecca,Premium
C00188,Mohammed Ahmed,Male,18,Riyadh,Value
C00189,Amal Khan,Male,70,Medina,Value
C00190,Maha Ali,Female,35,Mecca,Standard
C00191,Lina Khan,Male,18,Jeddah,Value
C00192,Amal Khan,Female,40,Jeddah,Value
C00193,Khalid Abdullah,Female,18,Riyadh,Premium
C00194,Ibrahim Malik,Female,21,Mecca,Value
C00195,Abdullah Farooq,Male,43,Dammam,Standard
C00196,Aisha Ibrahim,Male,24,Jeddah,Value
C00197,Omar Ibrahim,Male,59,Khobar,Standard
C00198,Yousef Saleh,Male,65,Dammam,Standard
C00199,Maha Saleh,Male,44,Khobar,Standard
C00200,Ahmed Ahmed,Female,64,Dammam,Value
C00201,Mohammed Malik,Male,41,Jeddah,Value
C00202,Huda Ibrahim,Male,70,Khobar,Standard
C00203,Ibrahim Saleh,Male,23,Mecca,Value
C00204,Saad Saeed,Male,38,Mecca,Standard
C00205,Aisha Khan,Female,45,Khobar,Standard
C00206,Aisha Saleh,Female,22,Mecca,Standard
C00207,Khalid Saleh,Male,65,Dammam,Standard
C00208,Reem Ansari,Male,64,Medina,Standard
C00209,Yousef Ali,Male,33,Dammam,Standard
C00210,Mohammed Al-Qahtani,Female,26,Riyadh,Value
C00211,Huda Khan,Male,65,Khobar,Standard
C00212,Khalid Saeed,Male,66,Riyadh,Value
C00213,Huda Saleh,Male,41,Jeddah,Standard
C00214,Faisal Ali,Female,64,Taif,Premium
C00215,Huda Hassan,Female,58,Mecca,Premium
C00216,Amal Khan,Male,70,Dammam,Premium
C00217,Reem Al-Qahtani,Female,62,Taif,Standard
C00218,Aisha Khan,Male,49,Khobar,Standard
C00219,Amal Ahmed,Male,57,Medina,Value
C00220,Omar Mahmoud,Female,46,Dammam,Value
C00221,Yousef Ahmed,Male,70,Riyadh,Standard
C00222,Yousef Malik,Male,65,Medina,Standard
C00223,Sara Abdullah,Male,42,Khobar,Standard
C00224,Mohammed Mahmoud,Female,39,Dammam,Standard
C00225,Maha Mahmoud,Male,20,Jeddah,Value
C00226,Lina Khan,Female,33,Khobar,Standard
C00227,Sara Rahman,Male,44,Khobar,Standard
C00228,Maha Rahman,Male,50,Medina,Premium
C00229,Khalid Ansari,Male,19,Medina,Standard
C00230,Nora Khan,Female,24,Taif,Premium
C00231,Amal Malik,Female,41,Jeddah,Value
C00232,Yousef Abdullah,Female,46,Jeddah,Standard
C00233,Khalid Farooq,Female,58,Mecca,Standard
C00234,Huda Ansari,Male,66,Khobar,Premium
C00235,Mohammed Saleh,Female,52,Jeddah,Standard
C00236,Sara Ibrahim,Female,56,Dammam,Premium
C00237,Ibrahim Saeed,Female,37,Khobar,Standard
C00238,Mohammed Yousuf,Male,70,Jeddah,Value
C00239,Hassan Saleh,Male,50,Medina,Standard
C00240,Mohammed Malik,Male,21,Riyadh,Premium
C00241,Aisha Ansari,Male,39,Dammam,Value
C00242,Omar Hassan,Male,47,Riyadh,Premium
C00243,Nora Khan,Female,24,Riyadh,Standard
C00244,Hassan Khan,Female,26,Mecca,Standard
C00245,Faisal Saeed,Female,34,Jeddah,Premium
C00246,Abdullah Khan,Male,38,Taif,Value
C00247,Omar Malik,Female,26,Dammam,Premium
C00248,Huda Ansari,Male,58,Jeddah,Value
C00249,Saad Ali,Male,70,Taif,Premium
C00250,Ahmed Saleh,Female,63,Mecca,Premium
C00251,Sara Malik,Female,67,Dammam,Standard
C00252,Reem Hassan,Male,47,Taif,Value
C00253,Maryam Khan,Female,30,Medina,Standard
C00254,Maha Mahmoud,Male,68,Medina,Standard
C00255,Faisal Ansari,Female,42,Taif,Standard
C00256,Khalid Saleh,Male,35,Dammam,Standard
C00257,Sara Ansari,Female,55,Jeddah,Standard
C00258,Sara Rahman,Male,32,Khobar,Standard
C00259,Sara Abdullah,Male,30,Khobar,Standard
C00260,Sara Saeed,Male,41,Khobar,Standard
C00261,Abdullah Yousuf,Male,55,Jeddah,Standard
C00262,Reem Malik,Female,22,Riyadh,Standard
C00263,Saad Ahmed,Female,62,Taif,Standard
C00264,Khalid Ali,Male,21,Khobar,Standard
C00265,Amal Mahmoud,Male,42,Mecca,Standard
C00266,Khalid Khan,Female,63,Jeddah,Standard
C00267,Reem Ali,Male,66,Mecca,Value
C00268,Nora Ahmed,Male,56,Medina,Standard
C00269,Huda Farooq,Female,40,Dammam,Standard
C00270,Ibrahim Malik,Male,64,Mecca,Standard
C00271,Amal Al-Qahtani,Female,65,Taif,Standard
C00272,Mohammed Rahman,Female,23,Khobar,Standard
C00273,Ahmed Yousuf,Male,34,Medina,Standard
C00274,Maha Abdullah,Female,27,Taif,Premium
C00275,Ibrahim Abdullah,Male,45,Dammam,Standard
C00276,Maryam Saeed,Male,32,Medina,Value
C00277,Ibrahim Al-Qahtani,Female,50,Medina,Value
C00278,Yousef Al-Qahtani,Female,59,Riyadh,Standard
C00279,Nora Saeed,Male,18,Jeddah,Premium
C00280,Reem Ali,Female,70,Mecca,Standard
C00281,Huda Ibrahim,Male,30,Mecca,Value
C00282,Huda Ibrahim,Female,70,Riyadh,Premium
C00283,Abdullah Al-Qahtani,Female,46,Mecca,Standard
C00284,Reem Saleh,Female,45,Riyadh,Standard
C00285,Reem Saleh,Female,68,Khobar,Standard
C00286,Maha Malik,Female,36,Dammam,Value
C00287,Abdullah Ansari,Female,70,Medina,Standard
C00288,Maryam Hassan,Female,49,Medina,Standard
C00289,Yousef Khan,Male,32,Khobar,Standard
C00290,Lina Hassan,Female,30,Mecca,Value
C00291,Hassan Malik,Male,20,Dammam,Premium
C00292,Yousef Ansari,Female,21,Dammam,Standard
C00293,Sara Ansari,Male,47,Dammam,Value
C00294,Ibrahim Farooq,Female,48,Khobar,Premium
C00295,Reem Saleh,Male,53,Riyadh,Standard
C00296,Nora Yousuf,Female,56,Jeddah,Value
C00297,Maryam Farooq,Male,46,Dammam,Standard
C00298,Faisal Malik,Male,34,Taif,Standard
C00299,Omar Abdullah,Male,54,Mecca,Standard
C00300,Hassan Malik,Male,30,Dammam,Standard
C00301,Yousef Malik,Male,19,Medina,Value
C00302,Sara Al-Qahtani,Female,33,Riyadh,Standard
C00303,Maryam Abdullah,Male,40,Jeddah,Value
C00304,Faisal Saleh,Male,64,Dammam,Value
C00305,Ahmed Yousuf,Female,62,Khobar,Standard
C00306,Omar Ibrahim,Male,39,Jeddah,Standard
C00307,Omar Ibrahim,Female,23,Khobar,Value
C00308,Ahmed Farooq,Female,25,Riyadh,Standard
C00309,Abdullah Al-Qahtani,Male,22,Khobar,Premium
C00310,Faisal Saleh,Female,63,Dammam,Standard
C00311,Saad Mahmoud,Female,30,Medina,Premium
C00312,Ahmed Saeed,Female,55,Dammam,Value
C00313,Hassan Ahmed,Male,62,Dammam,Standard
C00314,Nora Ali,Male,52,Khobar,Value
C00315,Sara Yousuf,Female,65,Mecca,Standard
C00316,Maha Mahmoud,Male,67,Riyadh,Value
C00317,Aisha Ansari,Male,52,Dammam,Standard
C00318,Hassan Ahmed,Female,42,Khobar,Value
C00319,Sara Hassan,Female,27,Mecca,Standard
C00320,Maryam Ibrahim,Male,41,Dammam,Value
C00321,Khalid Al-Qahtani,Male,22,Dammam,Standard
C00322,Huda Abdullah,Male,37,Medina,Standard
C00323,Sara Malik,Male,35,Dammam,Standard
C00324,Sara Rahman,Male,61,Mecca,Premium
C00325,Ibrahim Saeed,Female,27,Medina,Standard
C00326,Omar Ali,Female,32,Khobar,Premium
C00327,Huda Malik,Male,63,Medina,Premium
C00328,Ahmed Ibrahim,Female,60,Taif,Value
C00329,Faisal Ahmed,Female,45,Jeddah,Standard
C00330,Khalid Ali,Male,55,Jeddah,Value
C00331,Yousef Farooq,Male,57,Dammam,Premium
C00332,Yousef Abdullah,Male,47,Riyadh,Standard
C00333,Reem Yousuf,Female,60,Taif,Standard
C00334,Reem Ansari,Female,70,Taif,Standard
C00335,Abdullah Ahmed,Female,37,Mecca,Value
C00336,Yousef Al-Qahtani,Female,48,Mecca,Premium
C00337,Saad Rahman,Male,29,Riyadh,Standard
C00338,Maryam Yousuf,Female,28,Jeddah,Premium
C00339,Mohammed Ansari,Male,37,Jeddah,Standard
C00340,Amal Al-Qahtani,Male,54,Khobar,Value
C00341,Yousef Mahmoud,Female,57,Khobar,Standard
C00342,Maha Mahmoud,Female,46,Medina,Premium
C00343,Huda Khan,Female,30,Khobar,Standard
C00344,Lina Saeed,Female,41,Taif,Standard
C00345,Sara Farooq,Male,63,Medina,Premium
C00346,Yousef Yousuf,Male,41,Dammam,Premium
C00347,Huda Ali,Male,48,Taif,Standard
C00348,Mohammed Saleh,Female,39,Mecca,Standard
C00349,Fatimah Mahmoud,Male,34,Taif,Standard
C00350,Saad Malik,Male,34,Riyadh,Value
C00351,Lina Malik,Male,33,Riyadh,Standard
C00352,Maryam Farooq,Male,24,Riyadh,Value
C00353,Saad Khan,Male,42,Medina,Value
C00354,Huda Rahman,Female,23,Dammam,Value
C00355,Maha Al-Qahtani,Male,21,Khobar,Standard
C00356,Faisal Al-Qahtani,Male,55,Khobar,Standard
C00357,Abdullah Malik,Female,51,Medina,Standard
C00358,Yousef Yousuf,Male,23,Medina,Standard
C00359,Fatimah Ali,Female,48,Mecca,Value
C00360,Ibrahim Al-Qahtani,Male,38,Jeddah,Standard
C00361,Omar Malik,Male,62,Taif,Standard
C00362,Amal Malik,Male,34,Medina,Standard
C00363,Nora Ali,Male,41,Jeddah,Standard
C00364,Maha Mahmoud,Female,25,Dammam,Standard
C00365,Saad Rahman,Female,66,Khobar,Value
C00366,Mohammed Saeed,Male,35,Taif,Standard
C00367,Lina Malik,Female,63,Medina,Standard
C00368,Reem Ibrahim,Female,34,Dammam,Standard
C00369,Hassan Farooq,Female,48,Mecca,Premium
C00370,Ahmed Saleh,Male,69,Riyadh,Value
C00371,Abdullah Ansari,Male,51,Riyadh,Standard
C00372,Nora Yousuf,Male,25,Dammam,Standard
C00373,Yousef Abdullah,Male,68,Dammam,Standard
C00374,Ahmed Abdullah,Female,46,Mecca,Standard
C00375,Faisal Saeed,Female,67,Medina,Premium
C00376,Yousef Saleh,Female,66,Dammam,Standard
C00377,Maryam Hassan,Male,57,Dammam,Standard
C00378,Faisal Ahmed,Male,55,Khobar,Value
C00379,Maryam Khan,Female,21,Medina,Standard
C00380,Nora Khan,Male,49,Riyadh,Value
C00381,Maha Ahmed,Female,52,Medina,Premium
C00382,Ahmed Abdullah,Male,35,Riyadh,Value
C00383,Reem Hassan,Male,21,Medina,Premium
C00384,Reem Mahmoud,Male,29,Taif,Standard
C00385,Mohammed Ahmed,Female,41,Medina,Premium
C00386,Amal Mahmoud,Female,27,Dammam,Value
C00387,Reem Ali,Female,32,Dammam,Standard
C00388,Aisha Hassan,Female,40,Taif,Standard
C00389,Omar Ibrahim,Female,65,Taif,Premium
C00390,Mohammed Yousuf,Male,20,Jeddah,Standard
C00391,Amal Saeed,Female,38,Medina,Standard
C00392,Aisha Abdullah,Male,63,Khobar,Value
C00393,Khalid Saeed,Female,66,Dammam,Standard
C00394,Omar Ansari,Female,35,Mecca,Value
C00395,Abdullah Mahmoud,Male,67,Jeddah,Standard
C00396,Sara Malik,Male,22,Jeddah,Standard
C00397,Nora Saeed,Male,46,Mecca,Premium
C00398,Ahmed Mahmoud,Male,68,Medina,Value
C00399,Saad Abdullah,Male,30,Dammam,Value
C00400,Ibrahim Ibrahim,Male,48,Jeddah,Standard
C00401,Amal Saleh,Male,29,Riyadh,Standard
C00402,Aisha Ali,Male,18,Riyadh,Standard
C00403,Aisha Ali,Male,39,Medina,Value
C00404,Aisha Ali,Female,34,Medina,Standard
C00405,Huda Yousuf,Male,62,Medina,Standard
C00406,Yousef Malik,Male,32,Medina,Value
C00407,Abdullah Farooq,Female,23,Mecca,Value
C00408,Mohammed Abdullah,Female,64,Mecca,Standard
C00409,Lina Hassan,Male,21,Riyadh,Value
C00410,Saad Farooq,Female,32,Dammam,Value
C00411,Abdullah Ali,Male,52,Dammam,Standard
C00412,Reem Farooq,Female,57,Mecca,Standard
C00413,Lina Ali,Female,52,Khobar,Standard
C00414,Maha Rahman,Female,65,Taif,Standard
C00415,Reem Farooq,Male,33,Medina,Standard
C00416,Nora Hassan,Male,48,Dammam,Standard
C00417,Sara Al-Qahtani,Male,26,Taif,Standard
C00418,Fatimah Ahmed,Female,56,Jeddah,Standard
C00419,Hassan Saeed,Male,35,Jeddah,Standard
C00420,Mohammed Ansari,Male,62,Taif,Value
C00421,Maha Farooq,Male,21,Mecca,Value
C00422,Lina Al-Qahtani,Male,57,Jeddah,Standard
C00423,Amal Saeed,Male,65,Dammam,Standard
C00424,Sara Ali,Female,49,Khobar,Standard
C00425,Maryam Rahman,Male,49,Medina,Value
C00426,Ahmed Khan,Male,39,Taif,Standard
C00427,Abdullah Saleh,Female,29,Taif,Standard
C00428,Ibrahim Saleh,Male,40,Jeddah,Standard
C00429,Aisha Khan,Male,40,Medina,Value
C00430,Reem Al-Qahtani,Male,42,Jeddah,Value
C00431,Ibrahim Saleh,Male,31,Dammam,Standard
C00432,Abdullah Ansari,Male,28,Mecca,Value
C00433,Huda Yousuf,Female,19,Khobar,Premium
C00434,Sara Ali,Female,68,Jeddah,Value
C00435,Reem Saeed,Female,61,Dammam,Standard
C00436,Fatimah Farooq,Male,30,Khobar,Value
C00437,Aisha Al-Qahtani,Male,25,Taif,Premium
C00438,Yousef Farooq,Male,29,Mecca,Value
C00439,Huda Mahmoud,Female,53,Mecca,Premium
C00440,Omar Farooq,Male,46,Taif,Value
C00441,Reem Yousuf,Male,27,Taif,Premium
C00442,Khalid Malik,Male,20,Taif,Standard
C00443,Maryam Malik,Male,59,Mecca,Value
C00444,Amal Malik,Female,37,Riyadh,Standard
C00445,Reem Hassan,Male,22,Medina,Premium
C00446,Mohammed Malik,Male,60,Medina,Value
C00447,Amal Khan,Male,64,Khobar,Premium
C00448,Faisal Saeed,Male,69,Taif,Value
C00449,Omar Hassan,Male,35,Mecca,Standard
C00450,Khalid Saeed,Female,21,Mecca,Value
C00451,Ibrahim Abdullah,Male,48,Taif,Premium
C00452,Abdullah Saleh,Male,38,Mecca,Standard
C00453,Mohammed Ansari,Female,69,Jeddah,Standard
C00454,Huda Yousuf,Male,56,Mecca,Standard
C00455,Sara Ibrahim,Male,38,Khobar,Standard
C00456,Fatimah Al-Qahtani,Male,34,Riyadh,Standard
C00457,Aisha Farooq,Male,70,Jeddah,Value
C00458,Omar Farooq,Female,36,Jeddah,Standard
C00459,Sara Malik,Male,20,Khobar,Standard
C00460,Mohammed Ali,Female,33,Jeddah,Standard
C00461,Faisal Farooq,Male,42,Mecca,Standard
C00462,Ahmed Malik,Female,58,Medina,Standard
C00463,Reem Malik,Male,39,Riyadh,Value
C00464,Ibrahim Hassan,Male,49,Jeddah,Standard
C00465,Ibrahim Farooq,Male,43,Riyadh,Standard
C00466,Reem Khan,Female,56,Khobar,Value
C00467,Omar Mahmoud,Female,44,Jeddah,Standard
C00468,Aisha Farooq,Female,54,Khobar,Standard
C00469,Hassan Yousuf,Male,31,Mecca,Standard
C00470,Fatimah Saeed,Male,23,Khobar,Value
C00471,Reem Malik,Female,53,Riyadh,Standard
C00472,Amal Hassan,Female,55,Dammam,Standard
C00473,Reem Ansari,Female,22,Khobar,Standard
C00474,Saad Al-Qahtani,Male,31,Medina,Standard
C00475,Maha Malik,Female,24,Medina,Premium
C00476,Ibrahim Saeed,Male,64,Khobar,Standard
C00477,Amal Ibrahim,Male,57,Dammam,Standard
C00478,Abdullah Ali,Female,45,Dammam,Premium
C00479,Yousef Malik,Male,37,Dammam,Value
C00480,Mohammed Malik,Male,22,Khobar,Standard
C00481,Ahmed Khan,Male,61,Taif,Premium
C00482,Sara Malik,Female,43,Dammam,Value
C00483,Aisha Ali,Male,34,Jeddah,Standard
C00484,Reem Ahmed,Female,50,Dammam,Value
C00485,Fatimah Farooq,Female,37,Mecca,Standard
C00486,Maryam Saeed,Female,36,Medina,Premium
C00487,Nora Farooq,Female,39,Khobar,Standard
C00488,Sara Ahmed,Female,25,Khobar,Standard
C00489,Maryam Abdullah,Male,40,Dammam,Standard
C00490,Maryam Ibrahim,Female,68,Khobar,Standard
C00491,Sara Abdullah,Male,59,Dammam,Value
C00492,Maryam Saeed,Male,63,Khobar,Standard
C00493,Ahmed Ahmed,Female,57,Dammam,Premium
C00494,Saad Ansari,Female,56,Mecca,Value
C00495,Faisal Yousuf,Female,29,Dammam,Value
C00496,Reem Saleh,Male,30,Riyadh,Value
C00497,Amal Saeed,Male,21,Dammam,Value
C00498,Sara Farooq,Female,58,Taif,Value
C00499,Sara Al-Qahtani,Male,43,Riyadh,Premium
C00500,Omar Yousuf,Male,31,Dammam,Standard
C00501,Reem Yousuf,Female,47,Khobar,Standard
C00502,Maryam Saeed,Male,59,Dammam,Standard
C00503,Amal Abdullah,Male,55,Taif,Standard
C00504,Huda Hassan,Female,66,Riyadh,Standard
C00505,Reem Malik,Male,67,Medina,Value
C00506,Fatimah Rahman,Male,51,Khobar,Value
C00507,Omar Ali,Male,24,Medina,Standard
C00508,Yousef Malik,Male,41,Dammam,Standard
C00509,Sara Ansari,Male,49,Medina,Premium
C00510,Reem Ahmed,Male,64,Dammam,Standard
C00511,Huda Ibrahim,Male,65,Medina,Value
C00512,Omar Yousuf,Male,47,Medina,Standard
C00513,Omar Hassan,Female,43,Mecca,Standard
C00514,Nora Saeed,Female,23,Khobar,Premium
C00515,Khalid Hassan,Male,48,Medina,Value
C00516,Ahmed Abdullah,Female,54,Khobar,Value
C00517,Ibrahim Saeed,Male,38,Khobar,Value
C00518,Aisha Hassan,Male,69,Taif,Standard
C00519,Abdullah Ibrahim,Male,60,Jeddah,Standard
C00520,Ahmed Farooq,Male,48,Jeddah,Standard
C00521,Omar Ali,Male,51,Mecca,Premium
C00522,Faisal Abdullah,Male,42,Taif,Standard
C00523,Reem Al-Qahtani,Male,31,Taif,Standard
C00524,Huda Saleh,Male,62,Medina,Premium
C00525,Hassan Rahman,Female,49,Dammam,Standard
C00526,Aisha Ibrahim,Female,46,Dammam,Standard
C00527,Aisha Ahmed,Male,23,Khobar,Standard
C00528,Maryam Ahmed,Male,25,Taif,Standard
C00529,Maryam Rahman,Male,20,Mecca,Standard
C00530,Abdullah Saleh,Male,31,Mecca,Premium
C00531,Saad Saeed,Female,51,Riyadh,Value
C00532,Fatimah Ali,Male,27,Dammam,Standard
C00533,Huda Saleh,Male,67,Khobar,Value
C00534,Maha Yousuf,Female,58,Khobar,Standard
C00535,Aisha Rahman,Female,60,Riyadh,Premium
C00536,Maha Farooq,Male,35,Dammam,Premium
C00537,Maryam Mahmoud,Female,44,Taif,Standard
C00538,Ahmed Khan,Female,63,Riyadh,Premium
C00539,Yousef Saeed,Female,33,Taif,Standard
C00540,Amal Saeed,Male,35,Taif,Standard
C00541,Nora Hassan,Male,64,Taif,Value
C00542,Aisha Saleh,Male,28,Dammam,Value
C00543,Maha Yousuf,Male,62,Khobar,Standard
C00544,Sara Ibrahim,Female,39,Taif,Premium
C00545,Fatimah Ibrahim,Male,45,Khobar,Value
C00546,Amal Malik,Male,66,Mecca,Standard
C00547,Abdullah Mahmoud,Male,33,Medina,Standard
C00548,Reem Farooq,Male,65,Dammam,Standard
C00549,Fatimah Ibrahim,Male,39,Mecca,Standard
C00550,Ibrahim Ali,Male,23,Taif,Standard
C00551,Sara Ibrahim,Female,49,Medina,Value
C00552,Aisha Ali,Male,38,Riyadh,Standard
C00553,Fatimah Hassan,Male,41,Dammam,Value
C00554,Saad Hassan,Male,65,Khobar,Standard
C00555,Nora Saleh,Male,48,Mecca,Value
C00556,Nora Ali,Female,40,Khobar,Standard
C00557,Huda Farooq,Male,58,Jeddah,Standard
C00558,Faisal Ansari,Male,55,Medina,Premium
C00559,Yousef Ahmed,Male,70,Dammam,Premium
C00560,Huda Khan,Male,41,Mecca,Standard
C00561,Nora Ali,Female,60,Jeddah,Value
C00562,Maryam Ibrahim,Male,36,Riyadh,Value
C00563,Ahmed Abdullah,Female,36,Riyadh,Standard
C00564,Lina Hassan,Male,42,Mecca,Standard
C00565,Faisal Saleh,Male,65,Dammam,Premium
C00566,Amal Hassan,Male,41,Khobar,Standard
C00567,Omar Al-Qahtani,Female,57,Riyadh,Standard
C00568,Huda Al-Qahtani,Male,52,Riyadh,Value
C00569,Amal Al-Qahtani,Male,35,Taif,Standard
C00570,Hassan Malik,Female,27,Mecca,Standard
C00571,Reem Al-Qahtani,Female,63,Riyadh,Premium
C00572,Khalid Malik,Male,59,Mecca,Standard
C00573,Khalid Abdullah,Male,26,Khobar,Standard
C00574,Saad Mahmoud,Female,56,Mecca,Value
C00575,Maryam Rahman,Male,48,Riyadh,Standard
C00576,Huda Malik,Male,19,Riyadh,Value
C00577,Hassan Ibrahim,Male,23,Dammam,Standard
C00578,Amal Rahman,Male,36,Medina,Standard
C00579,Aisha Yousuf,Male,33,Riyadh,Standard
C00580,Abdullah Ibrahim,Female,31,Riyadh,Standard
C00581,Maryam Ali,Female,42,Taif,Standard
C00582,Lina Farooq,Female,33,Khobar,Standard
C00583,Nora Malik,Male,24,Dammam,Value
C00584,Faisal Mahmoud,Male,35,Taif,Value
C00585,Huda Yousuf,Male,41,Dammam,Standard
C00586,Mohammed Farooq,Male,20,Dammam,Value
C00587,Reem Rahman,Male,56,Medina,Value
C00588,Reem Saeed,Female,24,Riyadh,Value
C00589,Yousef Mahmoud,Male,21,Dammam,Value
C00590,Yousef Ibrahim,Male,44,Riyadh,Standard
C00591,Fatimah Ibrahim,Female,58,Dammam,Value
C00592,Lina Al-Qahtani,Male,53,Mecca,Standard
C00593,Abdullah Rahman,Female,65,Dammam,Value
C00594,Amal Yousuf,Male,65,Mecca,Value
C00595,Amal Ibrahim,Male,35,Jeddah,Standard
C00596,Aisha Saeed,Male,44,Taif,Value
C00597,Aisha Ahmed,Male,64,Mecca,Standard
C00598,Amal Ali,Female,30,Riyadh,Premium
C00599,Maha Saleh,Male,46,Jeddah,Standard
C00600,Faisal Yousuf,Male,25,Dammam,Standard
C00601,Maha Saleh,Male,47,Mecca,Standard
C00602,Abdullah Rahman,Male,33,Jeddah,Standard
C00603,Huda Abdullah,Male,19,Khobar,Standard
C00604,Faisal Ali,Male,56,Riyadh,Standard
C00605,Reem Ahmed,Female,58,Mecca,Standard
C00606,Mohammed Saleh,Male,60,Khobar,Standard
C00607,Mohammed Ibrahim,Male,46,Medina,Value
C00608,Saad Ali,Female,50,Riyadh,Premium
C00609,Lina Ansari,Male,60,Dammam,Standard
C00610,Ibrahim Ibrahim,Female,53,Khobar,Value
C00611,Lina Abdullah,Male,41,Riyadh,Standard
C00612,Nora Ali,Female,54,Dammam,Standard
C00613,Aisha Hassan,Male,40,Medina,Premium
C00614,Omar Ahmed,Female,24,Jeddah,Value
C00615,Ahmed Khan,Female,63,Riyadh,Value
C00616,Maha Saleh,Male,64,Khobar,Value
C00617,Faisal Khan,Male,41,Dammam,Premium
C00618,Huda Ali,Male,41,Taif,Standard
C00619,Abdullah Yousuf,Male,47,Mecca,Value
C00620,Maryam Saleh,Female,59,Jeddah,Value
C00621,Lina Ibrahim,Male,34,Medina,Standard
C00622,Maha Mahmoud,Male,39,Dammam,Standard
C00623,Fatimah Hassan,Male,52,Jeddah,Standard
C00624,Faisal Rahman,Female,18,Dammam,Standard
C00625,Reem Farooq,Female,57,Jeddah,Standard
C00626,Hassan Ansari,Female,34,Riyadh,Value
C00627,Saad Farooq,Female,32,Jeddah,Standard
C00628,Maha Ibrahim,Male,49,Dammam,Value
C00629,Huda Rahman,Male,29,Medina,Standard
C00630,Ahmed Saeed,Male,64,Mecca,Standard
C00631,Faisal Malik,Female,50,Taif,Value
C00632,Aisha Farooq,Male,44,Jeddah,Value
C00633,Khalid Malik,Female,19,Taif,Value
C00634,Faisal Ibrahim,Male,33,Medina,Standard
C00635,Abdullah Ibrahim,Female,46,Jeddah,Standard
C00636,Saad Ahmed,Male,49,Taif,Value
C00637,Ahmed Malik,Male,31,Khobar,Standard
C00638,Saad Abdullah,Male,51,Medina,Value
C00639,Huda Ali,Male,27,Dammam,Standard
C00640,Fatimah Mahmoud,Male,33,Riyadh,Standard
C00641,Huda Yousuf,Female,67,Jeddah,Standard
C00642,Saad Malik,Male,32,Riyadh,Standard
C00643,Ahmed Ansari,Male,27,Riyadh,Standard
C00644,Faisal Saleh,Male,62,Medina,Standard
C00645,Khalid Saleh,Male,19,Riyadh,Standard
C00646,Omar Ali,Female,34,Mecca,Standard
C00647,Sara Rahman,Male,38,Jeddah,Value
C00648,Nora Ali,Male,35,Jeddah,Standard
C00649,Lina Ali,Female,26,Medina,Value
C00650,Lina Ansari,Male,37,Taif,Value
C00651,Aisha Ansari,Male,32,Khobar,Standard
C00652,Amal Abdullah,Female,42,Jeddah,Standard
C00653,Lina Rahman,Female,20,Jeddah,Value
C00654,Fatimah Ali,Male,29,Riyadh,Standard
C00655,Huda Ibrahim,Female,43,Dammam,Value
C00656,Saad Yousuf,Female,63,Khobar,Value
C00657,Ahmed Ali,Female,42,Jeddah,Premium
C00658,Yousef Malik,Male,56,Khobar,Standard
C00659,Saad Saleh,Male,31,Dammam,Premium
C00660,Ahmed Abdullah,Male,62,Khobar,Standard
C00661,Sara Hassan,Female,31,Khobar,Standard
C00662,Fatimah Ali,Female,30,Medina,Standard
C00663,Reem Khan,Male,57,Jeddah,Premium
C00664,Nora Ibrahim,Male,34,Medina,Premium
C00665,Amal Ansari,Female,63,Dammam,Standard
C00666,Omar Yousuf,Female,33,Dammam,Standard
C00667,Faisal Malik,Female,53,Medina,Premium
C00668,Maryam Mahmoud,Female,24,Dammam,Standard
C00669,Sara Rahman,Female,65,Taif,Value
C00670,Abdullah Abdullah,Male,22,Taif,Value
C00671,Abdullah Malik,Male,23,Riyadh,Standard
C00672,Sara Saeed,Female,25,Jeddah,Standard
C00673,Maha Ibrahim,Male,31,Jeddah,Value
C00674,Maha Hassan,Male,58,Jeddah,Value
C00675,Maryam Ali,Male,29,Taif,Standard
C00676,Hassan Rahman,Male,39,Riyadh,Value
C00677,Mohammed Farooq,Female,34,Jeddah,Standard
C00678,Maryam Ansari,Male,29,Riyadh,Standard
C00679,Omar Abdullah,Male,38,Khobar,Standard
C00680,Hassan Farooq,Female,31,Medina,Value
C00681,Fatimah Hassan,Female,47,Taif,Value
C00682,Ibrahim Ali,Male,43,Medina,Value
C00683,Fatimah Abdullah,Female,23,Riyadh,Standard
C00684,Maryam Abdullah,Male,25,Mecca,Standard
C00685,Saad Mahmoud,Female,50,Dammam,Value
C00686,Amal Farooq,Female,65,Jeddah,Standard
C00687,Amal Abdullah,Male,49,Jeddah,Standard
C00688,Mohammed Saleh,Male,69,Medina,Standard
C00689,Saad Mahmoud,Female,50,Mecca,Standard
C00690,Khalid Hassan,Male,37,Dammam,Value
C00691,Lina Yousuf,Male,41,Mecca,Value
C00692,Amal Ali,Male,28,Jeddah,Value
C00693,Aisha Malik,Female,57,Riyadh,Standard
C00694,Khalid Yousuf,Female,36,Jeddah,Value
C00695,Ahmed Farooq,Male,41,Jeddah,Premium
C00696,Reem Rahman,Male,43,Medina,Premium
C00697,Abdullah Abdullah,Male,57,Dammam,Premium
C00698,Mohammed Ansari,Female,61,Khobar,Standard
C00699,Fatimah Hassan,Female,54,Taif,Value
C00700,Reem Ibrahim,Male,57,Medina,Value
C00701,Khalid Malik,Male,22,Dammam,Value
C00702,Maha Hassan,Female,32,Jeddah,Standard
C00703,Abdullah Al-Qahtani,Female,32,Khobar,Value
C00704,Sara Farooq,Male,43,Mecca,Premium
C00705,Reem Malik,Male,62,Riyadh,Value
C00706,Reem Yousuf,Male,21,Taif,Premium
C00707,Fatimah Abdullah,Male,54,Riyadh,Premium
C00708,Amal Saeed,Male,45,Dammam,Premium
C00709,Nora Ibrahim,Female,59,Mecca,Standard
C00710,Hassan Saeed,Male,21,Mecca,Standard
C00711,Yousef Rahman,Female,68,Jeddah,Premium
C00712,Aisha Rahman,Male,46,Dammam,Standard
C00713,Omar Al-Qahtani,Male,35,Khobar,Value
C00714,Omar Rahman,Male,20,Riyadh,Value
C00715,Abdullah Yousuf,Male,51,Riyadh,Standard
C00716,Nora Hassan,Male,32,Khobar,Standard
C00717,Khalid Hassan,Male,59,Riyadh,Standard
C00718,Reem Ansari,Male,44,Dammam,Standard
C00719,Huda Yousuf,Female,55,Taif,Standard
C00720,Ibrahim Khan,Female,24,Taif,Premium
C00721,Aisha Al-Qahtani,Female,64,Dammam,Standard
C00722,Huda Farooq,Female,43,Riyadh,Value
C00723,Omar Yousuf,Female,61,Medina,Value
C00724,Lina Saleh,Female,67,Taif,Standard
C00725,Omar Al-Qahtani,Male,61,Taif,Standard
C00726,Amal Al-Qahtani,Male,40,Khobar,Standard
C00727,Huda Hassan,Male,54,Mecca,Standard
C00728,Maha Yousuf,Female,53,Khobar,Value
C00729,Fatimah Ibrahim,Female,61,Mecca,Standard
C00730,Khalid Ibrahim,Female,27,Jeddah,Standard
C00731,Hassan Abdullah,Male,55,Dammam,Value
C00732,Yousef Ali,Male,45,Riyadh,Standard
C00733,Huda Saleh,Male,34,Mecca,Premium
C00734,Amal Malik,Male,57,Medina,Standard
C00735,Lina Ali,Male,30,Medina,Standard
C00736,Sara Ali,Male,53,Jeddah,Standard
C00737,Ahmed Ibrahim,Male,44,Mecca,Value
C00738,Maha Ibrahim,Male,69,Khobar,Standard
C00739,Khalid Mahmoud,Female,38,Jeddah,Standard
C00740,Maryam Ali,Female,18,Mecca,Premium
C00741,Ibrahim Mahmoud,Male,20,Riyadh,Standard
C00742,Amal Khan,Male,61,Mecca,Value
C00743,Reem Ibrahim,Male,23,Dammam,Standard
C00744,Ibrahim Ali,Male,19,Dammam,Value
C00745,Hassan Abdullah,Male,37,Riyadh,Premium
C00746,Omar Ahmed,Male,34,Mecca,Value
C00747,Saad Ali,Male,56,Khobar,Premium
C00748,Khalid Yousuf,Male,29,Khobar,Standard
C00749,Maryam Mahmoud,Male,31,Mecca,Standard
C00750,Fatimah Hassan,Female,34,Medina,Value
C00751,Huda Ali,Male,32,Khobar,Standard
C00752,Abdullah Saeed,Male,44,Dammam,Standard
C00753,Huda Malik,Female,18,Jeddah,Standard
C00754,Saad Farooq,Male,39,Jeddah,Value
C00755,Lina Ansari,Male,56,Riyadh,Standard
C00756,Mohammed Ibrahim,Female,53,Jeddah,Premium
C00757,Ibrahim Ansari,Male,26,Medina,Premium
C00758,Lina Rahman,Male,31,Khobar,Standard
C00759,Fatimah Hassan,Female,60,Medina,Standard
C00760,Amal Malik,Male,55,Taif,Premium
C00761,Ahmed Ibrahim,Male,48,Khobar,Value
C00762,Hassan Saeed,Female,29,Taif,Standard
C00763,Fatimah Abdullah,Male,34,Khobar,Standard
C00764,Maryam Farooq,Male,56,Taif,Premium
C00765,Nora Abdullah,Male,68,Medina,Standard
C00766,Faisal Hassan,Female,54,Jeddah,Standard
C00767,Hassan Ahmed,Female,20,Mecca,Standard
C00768,Saad Malik,Male,19,Khobar,Premium
C00769,Amal Saeed,Female,36,Mecca,Value
C00770,Nora Ahmed,Male,38,Medina,Value
C00771,Abdullah Khan,Female,54,Medina,Standard
C00772,Yousef Malik,Male,21,Medina,Value
C00773,Huda Khan,Male,57,Riyadh,Premium
C00774,Nora Khan,Female,19,Khobar,Standard
C00775,Aisha Ansari,Female,20,Dammam,Value
C00776,Khalid Khan,Female,56,Taif,Premium
C00777,Nora Farooq,Male,30,Jeddah,Standard
C00778,Reem Malik,Female,52,Dammam,Standard
C00779,Saad Rahman,Male,27,Jeddah,Value
C00780,Sara Malik,Male,24,Mecca,Standard
C00781,Amal Saleh,Male,51,Jeddah,Standard
C00782,Saad Ali,Male,62,Dammam,Standard
C00783,Maha Saeed,Male,55,Jeddah,Value
C00784,Aisha Farooq,Female,66,Mecca,Standard
C00785,Ahmed Saeed,Female,67,Taif,Standard
C00786,Khalid Yousuf,Female,68,Taif,Standard
C00787,Reem Farooq,Male,35,Taif,Standard
C00788,Abdullah Hassan,Male,45,Jeddah,Standard
C00789,Khalid Ibrahim,Male,45,Mecca,Premium
C00790,Nora Ansari,Female,43,Taif,Premium
C00791,Faisal Rahman,Male,40,Khobar,Standard
C00792,Reem Al-Qahtani,Female,36,Riyadh,Value
C00793,Maryam Ibrahim,Female,21,Medina,Standard
C00794,Amal Ansari,Male,50,Medina,Standard
C00795,Saad Al-Qahtani,Female,55,Medina,Premium
C00796,Aisha Hassan,Male,18,Taif,Premium
C00797,Saad Ali,Female,42,Dammam,Standard
C00798,Maryam Hassan,Male,35,Medina,Value
C00799,Khalid Saleh,Male,19,Jeddah,Standard
C00800,Hassan Hassan,Female,29,Khobar,Standard
C00801,Faisal Ali,Male,20,Jeddah,Standard
C00802,Nora Abdullah,Female,55,Taif,Standard
C00803,Aisha Ansari,Male,33,Riyadh,Premium
C00804,Aisha Al-Qahtani,Male,30,Taif,Standard
C00805,Faisal Abdullah,Female,55,Medina,Value
C00806,Ahmed Rahman,Male,24,Medina,Premium
C00807,Amal Mahmoud,Female,63,Taif,Standard
C00808,Ibrahim Al-Qahtani,Male,47,Jeddah,Value
C00809,Omar Khan,Female,62,Medina,Standard
C00810,Ibrahim Mahmoud,Female,46,Medina,Premium
C00811,Maha Rahman,Male,50,Riyadh,Standard
C00812,Nora Abdullah,Male,46,Dammam,Standard
C00813,Yousef Ibrahim,Female,46,Mecca,Value
C00814,Ibrahim Ansari,Female,63,Jeddah,Standard
C00815,Ahmed Ibrahim,Female,27,Jeddah,Standard
C00816,Abdullah Saeed,Male,23,Mecca,Value
C00817,Mohammed Farooq,Female,39,Mecca,Standard
C00818,Amal Ali,Female,18,Riyadh,Standard
C00819,Nora Yousuf,Male,58,Taif,Value
C00820,Fatimah Malik,Female,43,Mecca,Standard
C00821,Abdullah Mahmoud,Male,45,Khobar,Value
C00822,Huda Ahmed,Male,32,Taif,Standard
C00823,Aisha Abdullah,Male,68,Khobar,Standard
C00824,Hassan Ansari,Male,35,Jeddah,Standard
C00825,Saad Ansari,Male,56,Dammam,Standard
C00826,Ahmed Rahman,Female,65,Taif,Standard
C00827,Omar Khan,Female,67,Mecca,Value
C00828,Ahmed Farooq,Female,52,Medina,Premium
C00829,Reem Abdullah,Male,36,Riyadh,Premium
C00830,Sara Malik,Male,69,Mecca,Premium
C00831,Omar Khan,Male,70,Jeddah,Standard
C00832,Mohammed Rahman,Female,53,Khobar,Standard
C00833,Huda Farooq,Male,48,Dammam,Value
C00834,Khalid Hassan,Female,69,Medina,Standard
C00835,Saad Abdullah,Female,64,Dammam,Value
C00836,Maryam Ansari,Male,54,Jeddah,Standard
C00837,Saad Yousuf,Female,29,Dammam,Standard
C00838,Hassan Ansari,Male,34,Mecca,Value
C00839,Ahmed Khan,Female,53,Jeddah,Standard
C00840,Lina Yousuf,Female,42,Taif,Standard
C00841,Aisha Malik,Female,21,Jeddah,Standard
C00842,Saad Ansari,Male,31,Dammam,Standard
C00843,Faisal Malik,Male,59,Jeddah,Value
C00844,Reem Saleh,Male,55,Mecca,Standard
C00845,Amal Rahman,Female,25,Khobar,Value
C00846,Khalid Al-Qahtani,Female,62,Riyadh,Premium
C00847,Abdullah Yousuf,Female,67,Khobar,Value
C00848,Ibrahim Abdullah,Male,19,Medina,Standard
C00849,Maryam Malik,Male,56,Khobar,Premium
C00850,Mohammed Malik,Male,58,Khobar,Premium
C00851,Mohammed Hassan,Male,30,Medina,Standard
C00852,Hassan Mahmoud,Male,60,Taif,Standard
C00853,Saad Al-Qahtani,Female,23,Medina,Standard
C00854,Faisal Ansari,Female,66,Jeddah,Value
C00855,Sara Ibrahim,Female,51,Jeddah,Standard
C00856,Amal Yousuf,Female,61,Medina,Standard
C00857,Sara Al-Qahtani,Male,47,Jeddah,Standard
C00858,Amal Mahmoud,Female,42,Dammam,Standard
C00859,Yousef Ahmed,Female,40,Dammam,Premium
C00860,Maryam Hassan,Male,59,Mecca,Standard
C00861,Maryam Rahman,Female,36,Riyadh,Standard
C00862,Fatimah Mahmoud,Female,22,Jeddah,Standard
C00863,Khalid Saeed,Female,32,Mecca,Premium
C00864,Ahmed Ansari,Male,35,Jeddah,Premium
C00865,Nora Ibrahim,Female,50,Jeddah,Standard
C00866,Mohammed Ali,Male,23,Medina,Value
C00867,Lina Ansari,Male,58,Khobar,Standard
C00868,Faisal Yousuf,Male,39,Medina,Value
C00869,Abdullah Yousuf,Male,39,Dammam,Premium
C00870,Lina Saleh,Male,30,Mecca,Standard
C00871,Ibrahim Al-Qahtani,Female,69,Jeddah,Value
C00872,Mohammed Ahmed,Female,55,Dammam,Premium
C00873,Faisal Ibrahim,Female,65,Riyadh,Value
C00874,Ibrahim Khan,Male,29,Mecca,Value
C00875,Omar Rahman,Male,18,Dammam,Premium
C00876,Fatimah Malik,Male,58,Jeddah,Premium
C00877,Abdullah Saeed,Male,53,Dammam,Standard
C00878,Abdullah Saeed,Male,32,Khobar,Standard
C00879,Reem Abdullah,Female,66,Dammam,Standard
C00880,Faisal Al-Qahtani,Male,68,Jeddah,Value
C00881,Reem Ali,Female,70,Dammam,Standard
C00882,Faisal Ibrahim,Female,38,Riyadh,Premium
C00883,Faisal Ibrahim,Female,61,Khobar,Premium
C00884,Yousef Abdullah,Female,69,Dammam,Value
C00885,Maha Saeed,Female,40,Medina,Premium
C00886,Khalid Ahmed,Female,44,Riyadh,Standard
C00887,Saad Yousuf,Female,63,Mecca,Value
C00888,Sara Ibrahim,Male,19,Riyadh,Premium
C00889,Khalid Rahman,Male,22,Khobar,Standard
C00890,Faisal Khan,Male,67,Riyadh,Standard
C00891,Faisal Saleh,Female,20,Riyadh,Standard
C00892,Maryam Farooq,Female,65,Riyadh,Premium
C00893,Khalid Hassan,Female,39,Taif,Standard
C00894,Abdullah Farooq,Female,70,Khobar,Standard
C00895,Ahmed Mahmoud,Male,41,Jeddah,Standard
C00896,Amal Farooq,Female,30,Mecca,Premium
C00897,Reem Al-Qahtani,Female,61,Riyadh,Premium
C00898,Lina Malik,Male,49,Jeddah,Standard
C00899,Khalid Saeed,Male,33,Riyadh,Value
C00900,Lina Ibrahim,Female,21,Jeddah,Premium
C00901,Abdullah Abdullah,Male,35,Mecca,Value
C00902,Huda Ali,Male,42,Mecca,Value
C00903,Huda Abdullah,Male,31,Mecca,Standard
C00904,Saad Mahmoud,Female,30,Jeddah,Standard
C00905,Saad Mahmoud,Female,35,Riyadh,Standard
C00906,Huda Ahmed,Male,44,Medina,Value
C00907,Amal Saleh,Male,21,Jeddah,Standard
C00908,Reem Abdullah,Female,47,Taif,Standard
C00909,Abdullah Abdullah,Female,33,Medina,Standard
C00910,Lina Ansari,Male,53,Riyadh,Standard
C00911,Amal Saleh,Male,19,Riyadh,Value
C00912,Abdullah Khan,Male,23,Taif,Standard
C00913,Faisal Malik,Male,51,Taif,Premium
C00914,Maha Abdullah,Female,24,Medina,Value
C00915,Hassan Ali,Male,31,Khobar,Premium
C00916,Nora Al-Qahtani,Male,44,Riyadh,Standard
C00917,Maha Hassan,Male,54,Jeddah,Standard
C00918,Yousef Khan,Male,59,Medina,Premium
C00919,Abdullah Ansari,Male,28,Taif,Value
C00920,Maryam Farooq,Female,32,Taif,Standard
C00921,Lina Ansari,Male,43,Khobar,Premium
C00922,Omar Saeed,Male,67,Medina,Standard
C00923,Sara Farooq,Female,19,Dammam,Value
C00924,Lina Ibrahim,Male,67,Medina,Standard
C00925,Abdullah Ansari,Female,61,Khobar,Standard
C00926,Sara Ibrahim,Female,42,Mecca,Value
C00927,Reem Saeed,Female,38,Khobar,Value
C00928,Nora Rahman,Male,21,Khobar,Standard
C00929,Maryam Ahmed,Male,54,Mecca,Premium
C00930,Maryam Ali,Male,34,Dammam,Standard
C00931,Maha Ahmed,Female,29,Khobar,Standard
C00932,Aisha Ibrahim,Male,46,Riyadh,Standard
C00933,Maha Farooq,Male,47,Riyadh,Premium
C00934,Faisal Ansari,Male,35,Mecca,Premium
C00935,Yousef Al-Qahtani,Male,32,Dammam,Standard
C00936,Lina Farooq,Male,29,Riyadh,Value
C00937,Saad Ibrahim,Female,38,Jeddah,Standard
C00938,Amal Malik,Male,59,Khobar,Standard
C00939,Yousef Abdullah,Male,62,Mecca,Standard
C00940,Khalid Ali,Male,66,Jeddah,Standard
C00941,Aisha Abdullah,Male,54,Jeddah,Standard
C00942,Saad Yousuf,Male,56,Khobar,Premium
C00943,Faisal Khan,Male,59,Jeddah,Standard
C00944,Faisal Farooq,Male,22,Dammam,Standard
C00945,Amal Ahmed,Male,65,Khobar,Standard
C00946,Saad Ibrahim,Female,24,Medina,Standard
C00947,Ibrahim Ahmed,Female,35,Riyadh,Standard
C00948,Amal Yousuf,Female,61,Riyadh,Standard
C00949,Reem Ansari,Male,57,Jeddah,Standard
C00950,Aisha Yousuf,Male,50,Jeddah,Standard
C00951,Khalid Saleh,Male,35,Dammam,Value
C00952,Faisal Ansari,Male,57,Khobar,Standard
C00953,Ibrahim Al-Qahtani,Male,19,Mecca,Standard
C00954,Yousef Rahman,Male,50,Taif,Value
C00955,Nora Ahmed,Male,49,Dammam,Premium
C00956,Yousef Rahman,Male,34,Medina,Standard
C00957,Ibrahim Mahmoud,Male,40,Dammam,Value
C00958,Amal Hassan,Female,42,Dammam,Standard
C00959,Mohammed Yousuf,Male,39,Dammam,Value
C00960,Abdullah Ali,Male,63,Medina,Standard
C00961,Yousef Hassan,Male,49,Taif,Value
C00962,Aisha Yousuf,Male,69,Medina,Standard
C00963,Huda Malik,Male,30,Mecca,Standard
C00964,Faisal Mahmoud,Male,68,Riyadh,Standard
C00965,Aisha Yousuf,Male,25,Jeddah,Standard
C00966,Sara Farooq,Male,27,Riyadh,Standard
C00967,Omar Ibrahim,Female,70,Jeddah,Premium
C00968,Ahmed Mahmoud,Male,21,Mecca,Standard
C00969,Nora Khan,Male,48,Medina,Value
C00970,Reem Ibrahim,Male,39,Mecca,Value
C00971,Saad Farooq,Male,24,Dammam,Standard
C00972,Reem Abdullah,Female,57,Riyadh,Standard
C00973,Omar Saleh,Female,41,Khobar,Standard
C00974,Lina Farooq,Male,44,Taif,Standard
C00975,Amal Abdullah,Male,29,Mecca,Standard
C00976,Reem Yousuf,Female,44,Riyadh,Premium
C00977,Khalid Abdullah,Female,60,Medina,Standard
C00978,Maryam Ahmed,Male,64,Taif,Value
C00979,Nora Ibrahim,Male,54,Taif,Standard
C00980,Huda Khan,Male,44,Riyadh,Standard
C00981,Reem Yousuf,Female,44,Taif,Value
C00982,Lina Khan,Male,33,Riyadh,Standard
C00983,Yousef Saeed,Male,55,Mecca,Standard
C00984,Fatimah Farooq,Female,29,Taif,Standard
C00985,Hassan Farooq,Male,49,Riyadh,Value
C00986,Faisal Abdullah,Female,61,Dammam,Premium
C00987,Khalid Hassan,Male,33,Riyadh,Standard
C00988,Sara Abdullah,Male,29,Mecca,Value
C00989,Khalid Ibrahim,Male,26,Jeddah,Premium
C00990,Maha Saeed,Male,25,Dammam,Standard
C00991,Khalid Hassan,Male,51,Dammam,Standard
C00992,Fatimah Hassan,Male,67,Taif,Premium
C00993,Maha Mahmoud,Male,24,Medina,Standard
C00994,Faisal Khan,Male,51,Riyadh,Standard
C00995,Huda Ansari,Female,27,Dammam,Value
C00996,Fatimah Ansari,Male,66,Khobar,Value
C00997,Sara Saeed,Male,23,Dammam,Standard
C00998,Omar Rahman,Female,34,Medina,Value
C00999,Abdullah Hassan,Female,70,Dammam,Standard
C01000,Reem Mahmoud,Female,65,Jeddah,Standard
C01001,Huda Ali,Female,29,Mecca,Standard
C01002,Ahmed Ali,Male,53,Mecca,Premium
C01003,Saad Al-Qahtani,Male,59,Riyadh,Value
C01004,Saad Abdullah,Female,41,Dammam,Premium
C01005,Omar Khan,Female,45,Riyadh,Standard
C01006,Khalid Ibrahim,Male,41,Riyadh,Value
C01007,Nora Al-Qahtani,Female,19,Taif,Value
C01008,Saad Khan,Male,28,Mecca,Value
C01009,Nora Rahman,Male,34,Mecca,Premium
C01010,Faisal Mahmoud,Female,30,Mecca,Standard
C01011,Faisal Malik,Female,43,Taif,Value
C01012,Sara Malik,Female,60,Taif,Value
C01013,Faisal Ali,Female,54,Mecca,Standard
C01014,Ahmed Al-Qahtani,Male,18,Dammam,Standard
C01015,Sara Ali,Female,18,Mecca,Standard
C01016,Abdullah Hassan,Male,58,Medina,Standard
C01017,Maha Malik,Male,53,Mecca,Value
C01018,Mohammed Ibrahim,Male,39,Mecca,Standard
C01019,Nora Saeed,Female,54,Taif,Standard
C01020,Amal Ali,Male,31,Khobar,Standard
C01021,Maha Mahmoud,Female,37,Mecca,Standard
C01022,Maryam Ali,Male,19,Taif,Value
C01023,Maha Ali,Male,44,Mecca,Premium
C01024,Maha Mahmoud,Male,20,Taif,Standard
C01025,Abdullah Al-Qahtani,Male,31,Khobar,Standard
C01026,Huda Mahmoud,Female,66,Mecca,Standard
C01027,Sara Saleh,Male,51,Jeddah,Standard
C01028,Omar Mahmoud,Female,29,Dammam,Standard
C01029,Nora Rahman,Male,23,Riyadh,Premium
C01030,Aisha Abdullah,Female,25,Dammam,Standard
C01031,Faisal Saeed,Male,52,Jeddah,Value
C01032,Fatimah Saeed,Female,28,Khobar,Standard
C01033,Sara Khan,Female,69,Taif,Standard
C01034,Ibrahim Al-Qahtani,Male,58,Jeddah,Standard
C01035,Abdullah Ansari,Female,48,Medina,Value
C01036,Aisha Malik,Male,69,Khobar,Value
C01037,Lina Hassan,Female,24,Taif,Value
C01038,Mohammed Mahmoud,Male,37,Jeddah,Standard
C01039,Hassan Rahman,Male,28,Riyadh,Standard
C01040,Mohammed Rahman,Male,37,Mecca,Value
C01041,Fatimah Saeed,Female,37,Jeddah,Value
C01042,Maha Khan,Male,22,Dammam,Premium
C01043,Nora Mahmoud,Male,30,Medina,Standard
C01044,Maha Ali,Male,66,Dammam,Value
C01045,Khalid Ali,Male,56,Jeddah,Standard
C01046,Amal Abdullah,Male,59,Medina,Standard
C01047,Hassan Abdullah,Male,68,Riyadh,Standard
C01048,Mohammed Ali,Female,47,Taif,Premium
C01049,Mohammed Yousuf,Male,66,Riyadh,Value
C01050,Omar Farooq,Male,57,Mecca,Premium
C01051,Lina Farooq,Male,59,Dammam,Premium
C01052,Reem Yousuf,Male,64,Taif,Standard
C01053,Maryam Rahman,Male,56,Dammam,Value
C01054,Yousef Malik,Male,50,Jeddah,Value
C01055,Lina Ansari,Male,27,Khobar,Standard
C01056,Nora Hassan,Female,41,Jeddah,Premium
C01057,Ibrahim Farooq,Female,52,Riyadh,Value
C01058,Hassan Rahman,Female,26,Khobar,Value
C01059,Khalid Saleh,Female,39,Riyadh,Standard
C01060,Fatimah Saleh,Male,44,Riyadh,Standard
C01061,Ibrahim Farooq,Female,66,Riyadh,Standard
C01062,Mohammed Saleh,Male,46,Jeddah,Value
C01063,Aisha Mahmoud,Male,43,Khobar,Premium
C01064,Reem Saeed,Female,29,Dammam,Standard
C01065,Lina Abdullah,Female,59,Taif,Standard
C01066,Ahmed Al-Qahtani,Male,21,Khobar,Value
C01067,Ibrahim Hassan,Female,63,Riyadh,Standard
C01068,Amal Ali,Female,30,Riyadh,Standard
C01069,Reem Malik,Male,60,Riyadh,Standard
C01070,Sara Farooq,Male,59,Dammam,Standard
C01071,Huda Al-Qahtani,Female,26,Jeddah,Value
C01072,Lina Rahman,Male,23,Medina,Premium
C01073,Reem Saleh,Female,19,Mecca,Premium
C01074,Abdullah Saleh,Male,39,Taif,Value
C01075,Hassan Yousuf,Female,39,Medina,Standard
C01076,Hassan Farooq,Male,18,Mecca,Standard
C01077,Aisha Rahman,Female,61,Jeddah,Value
C01078,Aisha Saeed,Male,28,Mecca,Standard
C01079,Lina Saleh,Male,67,Jeddah,Value
C01080,Maha Ahmed,Male,48,Jeddah,Standard
C01081,Faisal Yousuf,Male,21,Jeddah,Standard
C01082,Maryam Malik,Male,68,Riyadh,Premium
C01083,Reem Yousuf,Male,42,Dammam,Standard
C01084,Maryam Al-Qahtani,Male,43,Jeddah,Standard
C01085,Nora Saleh,Male,19,Jeddah,Standard
C01086,Abdullah Saleh,Female,30,Taif,Standard
C01087,Yousef Ansari,Male,58,Jeddah,Standard
C01088,Khalid Saleh,Male,18,Riyadh,Premium
C01089,Hassan Al-Qahtani,Male,28,Medina,Standard
C01090,Reem Ahmed,Male,19,Dammam,Standard
C01091,Lina Khan,Female,64,Medina,Standard
C01092,Yousef Abdullah,Female,35,Medina,Standard
C01093,Yousef Farooq,Female,25,Taif,Value
C01094,Huda Khan,Female,34,Medina,Value
C01095,Fatimah Rahman,Male,49,Dammam,Value
C01096,Maha Ansari,Female,69,Khobar,Value
C01097,Aisha Yousuf,Female,61,Dammam,Standard
C01098,Omar Ansari,Male,30,Mecca,Standard
C01099,Nora Abdullah,Female,55,Jeddah,Premium
C01100,Maryam Mahmoud,Male,36,Riyadh,Standard
C01101,Mohammed Abdullah,Male,39,Mecca,Value
C01102,Reem Khan,Female,32,Riyadh,Value
C01103,Nora Yousuf,Male,64,Jeddah,Standard
C01104,Amal Ahmed,Female,29,Khobar,Standard
C01105,Huda Al-Qahtani,Male,60,Riyadh,Standard
C01106,Fatimah Al-Qahtani,Male,35,Taif,Standard
C01107,Ahmed Malik,Female,32,Taif,Premium
C01108,Faisal Yousuf,Male,61,Dammam,Standard
C01109,Amal Saeed,Male,41,Riyadh,Standard
C01110,Ahmed Mahmoud,Male,42,Medina,Standard
C01111,Khalid Ibrahim,Male,42,Medina,Premium
C01112,Aisha Ali,Female,39,Dammam,Premium
C01113,Lina Al-Qahtani,Female,58,Jeddah,Value
C01114,Aisha Ali,Male,44,Riyadh,Standard
C01115,Saad Ahmed,Female,46,Taif,Standard
C01116,Fatimah Yousuf,Male,37,Mecca,Standard
C01117,Saad Abdullah,Female,19,Taif,Standard
C01118,Ibrahim Malik,Female,45,Dammam,Standard
C01119,Faisal Khan,Female,18,Jeddah,Value
C01120,Yousef Ibrahim,Female,62,Taif,Premium
C01121,Ahmed Mahmoud,Female,53,Dammam,Standard
C01122,Amal Yousuf,Male,58,Mecca,Standard
C01123,Lina Yousuf,Female,61,Mecca,Value
C01124,Sara Saleh,Male,67,Medina,Premium
C01125,Huda Yousuf,Female,18,Riyadh,Standard
C01126,Khalid Saleh,Female,52,Dammam,Standard
C01127,Lina Ali,Male,19,Medina,Standard
C01128,Reem Al-Qahtani,Male,43,Taif,Standard
C01129,Aisha Ibrahim,Female,32,Dammam,Standard
C01130,Hassan Ahmed,Male,40,Riyadh,Premium
C01131,Maha Al-Qahtani,Male,70,Jeddah,Value
C01132,Ahmed Ali,Male,43,Riyadh,Premium
C01133,Amal Al-Qahtani,Male,30,Khobar,Standard
C01134,Nora Mahmoud,Male,28,Dammam,Standard
C01135,Ibrahim Khan,Male,45,Riyadh,Premium
C01136,Khalid Yousuf,Male,46,Jeddah,Standard
C01137,Faisal Mahmoud,Male,29,Mecca,Value
C01138,Amal Al-Qahtani,Female,48,Taif,Premium
C01139,Reem Malik,Male,56,Khobar,Value
C01140,Lina Ansari,Female,32,Mecca,Standard
C01141,Omar Al-Qahtani,Female,26,Taif,Standard
C01142,Nora Malik,Male,57,Khobar,Value
C01143,Ahmed Saeed,Male,66,Riyadh,Standard
C01144,Saad Hassan,Female,43,Medina,Standard
C01145,Hassan Ansari,Female,62,Riyadh,Value
C01146,Abdullah Ahmed,Female,50,Mecca,Value
C01147,Abdullah Al-Qahtani,Male,49,Medina,Standard
C01148,Amal Ahmed,Male,50,Khobar,Value
C01149,Aisha Yousuf,Female,36,Dammam,Standard
C01150,Ibrahim Rahman,Female,37,Jeddah,Premium
C01151,Maryam Saleh,Female,49,Dammam,Standard
C01152,Maha Farooq,Male,41,Mecca,Standard
C01153,Maryam Rahman,Female,44,Jeddah,Premium
C01154,Maha Mahmoud,Male,35,Khobar,Standard
C01155,Omar Farooq,Male,62,Mecca,Standard
C01156,Abdullah Al-Qahtani,Male,19,Riyadh,Premium
C01157,Yousef Ahmed,Male,44,Riyadh,Value
C01158,Reem Ibrahim,Female,20,Taif,Standard
C01159,Aisha Mahmoud,Male,55,Jeddah,Value
C01160,Saad Abdullah,Female,55,Medina,Value
C01161,Khalid Ibrahim,Male,48,Taif,Value
C01162,Saad Mahmoud,Male,51,Riyadh,Value
C01163,Faisal Saeed,Male,58,Khobar,Premium
C01164,Huda Khan,Male,24,Dammam,Standard
C01165,Nora Ansari,Female,62,Jeddah,Value
C01166,Ibrahim Abdullah,Female,21,Riyadh,Value
C01167,Reem Ali,Male,46,Taif,Premium
C01168,Abdullah Saeed,Male,31,Jeddah,Value
C01169,Maha Ibrahim,Female,53,Jeddah,Standard
C01170,Saad Al-Qahtani,Female,32,Jeddah,Standard
C01171,Ahmed Ansari,Male,67,Medina,Value
C01172,Huda Khan,Male,64,Jeddah,Value
C01173,Sara Ansari,Male,23,Riyadh,Standard
C01174,Khalid Al-Qahtani,Male,44,Jeddah,Standard
C01175,Khalid Abdullah,Male,53,Jeddah,Premium
C01176,Hassan Hassan,Male,34,Medina,Standard
C01177,Ahmed Al-Qahtani,Female,50,Medina,Premium
C01178,Ahmed Rahman,Male,58,Medina,Value
C01179,Huda Al-Qahtani,Female,18,Khobar,Value
C01180,Ahmed Saleh,Male,18,Jeddah,Value
C01181,Sara Malik,Male,67,Jeddah,Value
C01182,Maha Khan,Female,34,Riyadh,Premium
C01183,Abdullah Ansari,Female,67,Khobar,Standard
C01184,Hassan Al-Qahtani,Male,50,Dammam,Standard
C01185,Reem Yousuf,Male,51,Riyadh,Standard
C01186,Fatimah Ali,Female,42,Khobar,Value
C01187,Hassan Malik,Male,48,Dammam,Premium
C01188,Ibrahim Ansari,Male,62,Dammam,Standard
C01189,Hassan Ibrahim,Male,21,Dammam,Standard
C01190,Sara Khan,Female,53,Medina,Standard
C01191,Nora Ansari,Male,47,Dammam,Standard
C01192,Sara Ahmed,Male,44,Mecca,Standard
C01193,Reem Rahman,Male,43,Riyadh,Value
C01194,Nora Abdullah,Female,39,Taif,Value
C01195,Ahmed Farooq,Female,53,Dammam,Value
C01196,Faisal Rahman,Male,26,Mecca,Standard
C01197,Mohammed Abdullah,Male,61,Dammam,Standard
C01198,Huda Ibrahim,Male,41,Dammam,Standard
C01199,Saad Saleh,Male,36,Mecca,Standard
C01200,Mohammed Hassan,Female,67,Dammam,Standard
C01201,Sara Ali,Female,24,Taif,Premium
C01202,Aisha Yousuf,Female,45,Mecca,Premium
C01203,Faisal Ansari,Male,66,Riyadh,Premium
C01204,Khalid Ansari,Female,53,Dammam,Standard
C01205,Huda Ibrahim,Female,43,Khobar,Standard
C01206,Maryam Rahman,Male,69,Jeddah,Value
C01207,Huda Farooq,Male,49,Jeddah,Standard
C01208,Omar Abdullah,Male,45,Mecca,Premium
C01209,Aisha Ali,Male,61,Dammam,Premium
C01210,Lina Ali,Female,52,Mecca,Standard
C01211,Ahmed Ahmed,Female,20,Mecca,Value
C01212,Omar Malik,Male,46,Jeddah,Value
C01213,Lina Ansari,Male,50,Medina,Value
C01214,Ibrahim Ibrahim,Female,21,Mecca,Value
C01215,Ibrahim Abdullah,Male,52,Medina,Standard
C01216,Aisha Ibrahim,Female,20,Riyadh,Value
C01217,Maha Ali,Male,39,Medina,Standard
C01218,Fatimah Ali,Male,30,Medina,Value
C01219,Faisal Ibrahim,Female,50,Riyadh,Value
C01220,Reem Al-Qahtani,Male,42,Medina,Standard
C01221,Hassan Saleh,Female,48,Mecca,Standard
C01222,Mohammed Ali,Male,45,Dammam,Standard
C01223,Ahmed Hassan,Male,50,Mecca,Value
C01224,Saad Mahmoud,Female,39,Mecca,Standard
C01225,Lina Mahmoud,Male,70,Taif,Standard
C01226,Yousef Al-Qahtani,Female,69,Khobar,Value
C01227,Khalid Saeed,Male,51,Jeddah,Value
C01228,Ahmed Ali,Male,25,Khobar,Standard
C01229,Lina Yousuf,Male,48,Khobar,Standard
C01230,Ibrahim Ahmed,Female,68,Jeddah,Standard
C01231,Lina Yousuf,Male,20,Jeddah,Standard
C01232,Nora Hassan,Male,24,Taif,Standard
C01233,Sara Ali,Female,49,Mecca,Value
C01234,Hassan Rahman,Male,26,Riyadh,Standard
C01235,Maha Khan,Male,59,Riyadh,Standard
C01236,Faisal Khan,Male,47,Khobar,Value
C01237,Omar Mahmoud,Female,34,Taif,Standard
C01238,Nora Khan,Female,39,Jeddah,Value
C01239,Khalid Ibrahim,Male,50,Taif,Standard
C01240,Yousef Saleh,Female,55,Khobar,Premium
C01241,Amal Mahmoud,Male,31,Riyadh,Value
C01242,Omar Ansari,Male,45,Mecca,Standard
C01243,Ahmed Ahmed,Female,38,Medina,Premium
C01244,Huda Farooq,Male,62,Jeddah,Value
C01245,Fatimah Saeed,Female,58,Taif,Premium
C01246,Huda Hassan,Female,18,Dammam,Value
C01247,Khalid Ibrahim,Male,57,Dammam,Standard
C01248,Ahmed Al-Qahtani,Male,35,Mecca,Standard
C01249,Reem Al-Qahtani,Male,55,Riyadh,Standard
C01250,Reem Saleh,Male,49,Medina,Standard
C01251,Reem Farooq,Male,34,Mecca,Value
C01252,Yousef Mahmoud,Male,22,Khobar,Standard
C01253,Lina Mahmoud,Female,61,Riyadh,Standard
C01254,Saad Ansari,Female,53,Mecca,Standard
C01255,Abdullah Rahman,Male,31,Dammam,Premium
C01256,Nora Malik,Male,40,Dammam,Premium
C01257,Reem Saleh,Male,51,Taif,Standard
C01258,Huda Ibrahim,Male,53,Riyadh,Standard
C01259,Lina Rahman,Male,39,Dammam,Value
C01260,Huda Farooq,Female,21,Mecca,Standard
C01261,Saad Ibrahim,Male,41,Taif,Value
C01262,Ibrahim Saeed,Male,42,Dammam,Standard
C01263,Reem Rahman,Female,32,Mecca,Value
C01264,Maha Mahmoud,Male,60,Jeddah,Standard
C01265,Ahmed Malik,Male,22,Mecca,Standard
C01266,Abdullah Ibrahim,Female,53,Dammam,Standard
C01267,Saad Hassan,Female,28,Dammam,Standard
C01268,Ahmed Malik,Male,27,Khobar,Value
C01269,Omar Ansari,Male,32,Riyadh,Standard
C01270,Reem Khan,Male,50,Khobar,Value
C01271,Maha Ansari,Male,40,Medina,Standard
C01272,Maryam Al-Qahtani,Female,21,Medina,Standard
C01273,Nora Yousuf,Female,63,Medina,Standard
C01274,Faisal Abdullah,Male,19,Mecca,Standard
C01275,Maryam Ali,Male,57,Medina,Standard
C01276,Faisal Ibrahim,Female,28,Riyadh,Value
C01277,Yousef Saeed,Male,21,Dammam,Premium
C01278,Reem Al-Qahtani,Female,23,Mecca,Value
C01279,Yousef Yousuf,Male,41,Khobar,Standard
C01280,Maryam Hassan,Female,58,Jeddah,Standard
C01281,Mohammed Abdullah,Female,18,Khobar,Standard
C01282,Ibrahim Al-Qahtani,Female,45,Medina,Standard
C01283,Lina Saeed,Female,35,Khobar,Premium
C01284,Nora Ibrahim,Male,60,Khobar,Value
C01285,Lina Saeed,Female,68,Riyadh,Standard
C01286,Ahmed Malik,Male,65,Mecca,Standard
C01287,Maryam Rahman,Male,24,Medina,Value
C01288,Mohammed Saeed,Male,25,Khobar,Value
C01289,Yousef Ibrahim,Male,63,Taif,Standard
C01290,Ahmed Ansari,Female,36,Mecca,Standard
C01291,Abdullah Ansari,Male,69,Riyadh,Premium
C01292,Fatimah Ibrahim,Female,50,Taif,Premium
C01293,Nora Al-Qahtani,Female,29,Mecca,Premium
C01294,Lina Farooq,Female,44,Dammam,Standard
C01295,Maryam Farooq,Male,35,Riyadh,Standard
C01296,Mohammed Ali,Male,56,Mecca,Premium
C01297,Lina Ali,Female,51,Taif,Value
C01298,Abdullah Yousuf,Male,29,Dammam,Standard
C01299,Omar Saleh,Male,65,Khobar,Standard
C01300,Faisal Rahman,Male,64,Riyadh,Standard
C01301,Huda Yousuf,Female,31,Riyadh,Standard
C01302,Abdullah Ansari,Male,19,Taif,Value
C01303,Reem Hassan,Male,24,Mecca,Premium
C01304,Ibrahim Ibrahim,Male,32,Khobar,Standard
C01305,Mohammed Abdullah,Male,65,Taif,Standard
C01306,Sara Ibrahim,Male,48,Jeddah,Premium
C01307,Faisal Farooq,Female,49,Khobar,Standard
C01308,Ibrahim Ibrahim,Male,67,Dammam,Value
C01309,Huda Hassan,Male,32,Medina,Premium
C01310,Omar Saleh,Male,69,Medina,Premium
C01311,Huda Mahmoud,Male,45,Dammam,Premium
C01312,Reem Al-Qahtani,Female,60,Jeddah,Standard
C01313,Reem Ali,Male,58,Dammam,Value
C01314,Abdullah Farooq,Male,56,Mecca,Value
C01315,Amal Ahmed,Male,59,Riyadh,Standard
C01316,Nora Al-Qahtani,Male,61,Riyadh,Value
C01317,Aisha Ansari,Male,55,Dammam,Standard
C01318,Ahmed Ali,Male,49,Riyadh,Standard
C01319,Sara Malik,Male,69,Medina,Standard
C01320,Amal Ibrahim,Female,68,Riyadh,Standard
C01321,Aisha Mahmoud,Female,50,Khobar,Value
C01322,Nora Farooq,Female,32,Medina,Standard
C01323,Nora Malik,Male,23,Taif,Standard
C01324,Hassan Saeed,Male,58,Riyadh,Standard
C01325,Fatimah Malik,Male,47,Khobar,Value
C01326,Mohammed Khan,Female,36,Taif,Premium
C01327,Faisal Ahmed,Female,55,Taif,Value
C01328,Saad Yousuf,Female,60,Jeddah,Value
C01329,Amal Ibrahim,Male,21,Mecca,Premium
C01330,Maryam Abdullah,Male,54,Dammam,Premium
C01331,Abdullah Ansari,Male,60,Taif,Standard
C01332,Ibrahim Abdullah,Female,30,Taif,Value
C01333,Abdullah Ansari,Female,44,Khobar,Standard
C01334,Abdullah Malik,Male,25,Mecca,Premium
C01335,Fatimah Ansari,Female,19,Jeddah,Premium
C01336,Reem Ahmed,Male,21,Taif,Value
C01337,Lina Abdullah,Male,28,Mecca,Value
C01338,Amal Khan,Male,62,Jeddah,Standard
C01339,Maha Khan,Male,66,Mecca,Standard
C01340,Yousef Hassan,Male,23,Taif,Standard
C01341,Hassan Abdullah,Female,40,Dammam,Standard
C01342,Ibrahim Khan,Male,68,Medina,Standard
C01343,Yousef Ibrahim,Male,23,Dammam,Standard
C01344,Hassan Saleh,Female,46,Riyadh,Value
C01345,Lina Mahmoud,Male,64,Medina,Standard
C01346,Huda Ali,Female,67,Jeddah,Value
C01347,Khalid Al-Qahtani,Male,48,Dammam,Standard
C01348,Maryam Saleh,Female,49,Taif,Standard
C01349,Ahmed Ahmed,Female,23,Khobar,Standard
C01350,Saad Ibrahim,Male,21,Khobar,Standard
C01351,Khalid Mahmoud,Male,58,Jeddah,Standard
C01352,Huda Khan,Male,40,Jeddah,Premium
C01353,Mohammed Malik,Female,40,Riyadh,Standard
C01354,Aisha Abdullah,Female,32,Jeddah,Standard
C01355,Huda Farooq,Male,26,Jeddah,Premium
C01356,Reem Ahmed,Female,50,Taif,Value
C01357,Omar Saeed,Male,39,Mecca,Standard
C01358,Faisal Abdullah,Male,28,Mecca,Value
C01359,Ahmed Khan,Male,60,Jeddah,Value
C01360,Yousef Ansari,Male,21,Khobar,Standard
C01361,Omar Hassan,Male,43,Mecca,Standard
C01362,Sara Abdullah,Male,34,Medina,Standard
C01363,Saad Saleh,Male,36,Medina,Standard
C01364,Sara Ibrahim,Male,58,Khobar,Standard
C01365,Nora Ansari,Male,43,Riyadh,Value
C01366,Ibrahim Farooq,Male,19,Medina,Value
C01367,Khalid Ansari,Male,21,Mecca,Value
C01368,Hassan Abdullah,Male,59,Mecca,Standard
C01369,Huda Rahman,Male,23,Taif,Standard
C01370,Aisha Saleh,Female,68,Jeddah,Value
C01371,Reem Mahmoud,Male,68,Khobar,Standard
C01372,Faisal Ansari,Female,63,Dammam,Value
C01373,Huda Saleh,Male,34,Taif,Premium
C01374,Maryam Yousuf,Male,52,Mecca,Standard
C01375,Lina Abdullah,Female,57,Dammam,Standard
C01376,Faisal Ali,Female,25,Riyadh,Value
C01377,Aisha Ibrahim,Male,60,Dammam,Standard
C01378,Fatimah Ali,Male,24,Riyadh,Value
C01379,Hassan Al-Qahtani,Male,23,Riyadh,Standard
C01380,Huda Saeed,Male,33,Mecca,Standard
C01381,Sara Saeed,Male,52,Riyadh,Value
C01382,Khalid Abdullah,Male,63,Riyadh,Premium
C01383,Mohammed Ibrahim,Male,27,Khobar,Value
C01384,Fatimah Ali,Female,65,Khobar,Premium
C01385,Aisha Farooq,Female,38,Jeddah,Value
C01386,Mohammed Ibrahim,Female,62,Dammam,Standard
C01387,Hassan Ansari,Male,32,Medina,Standard
C01388,Saad Saleh,Male,46,Medina,Standard
C01389,Khalid Yousuf,Male,21,Medina,Standard
C01390,Lina Mahmoud,Female,41,Jeddah,Standard
C01391,Khalid Ahmed,Male,54,Mecca,Standard
C01392,Amal Ibrahim,Female,45,Khobar,Value
C01393,Omar Ali,Male,43,Riyadh,Value
C01394,Fatimah Al-Qahtani,Female,61,Dammam,Premium
C01395,Amal Rahman,Female,65,Riyadh,Standard
C01396,Maha Ansari,Male,24,Mecca,Standard
C01397,Reem Abdullah,Male,36,Taif,Premium
C01398,Mohammed Malik,Female,41,Riyadh,Premium
C01399,Faisal Hassan,Female,68,Dammam,Premium
C01400,Hassan Malik,Female,29,Taif,Standard
C01401,Omar Farooq,Male,41,Mecca,Standard
C01402,Abdullah Malik,Female,57,Medina,Premium
C01403,Saad Abdullah,Female,26,Medina,Value
C01404,Fatimah Ali,Male,61,Medina,Standard
C01405,Maryam Ahmed,Male,40,Jeddah,Value
C01406,Lina Ahmed,Female,40,Dammam,Value
C01407,Fatimah Al-Qahtani,Female,44,Khobar,Premium
C01408,Yousef Saleh,Female,63,Mecca,Premium
C01409,Reem Mahmoud,Female,61,Mecca,Value
C01410,Faisal Rahman,Male,31,Mecca,Standard
C01411,Omar Mahmoud,Female,41,Dammam,Standard
C01412,Sara Farooq,Female,62,Dammam,Premium
C01413,Ahmed Al-Qahtani,Male,65,Taif,Value
C01414,Mohammed Farooq,Female,70,Medina,Value
C01415,Hassan Ali,Female,29,Medina,Standard
C01416,Faisal Ansari,Female,42,Riyadh,Value
C01417,Amal Saeed,Male,54,Mecca,Value
C01418,Ibrahim Farooq,Female,34,Medina,Standard
C01419,Amal Al-Qahtani,Male,47,Riyadh,Value
C01420,Mohammed Abdullah,Male,28,Dammam,Standard
C01421,Maryam Hassan,Male,30,Mecca,Standard
C01422,Huda Yousuf,Male,48,Khobar,Standard
C01423,Nora Saleh,Female,61,Dammam,Value
C01424,Maryam Ahmed,Female,53,Dammam,Value
C01425,Faisal Mahmoud,Female,46,Taif,Standard
C01426,Nora Malik,Male,43,Medina,Standard
C01427,Saad Rahman,Male,70,Jeddah,Standard
C01428,Ahmed Khan,Male,68,Khobar,Standard
C01429,Amal Al-Qahtani,Male,25,Dammam,Value
C01430,Khalid Khan,Male,31,Khobar,Standard
C01431,Omar Mahmoud,Male,68,Dammam,Value
C01432,Ahmed Malik,Male,28,Mecca,Premium
C01433,Maha Malik,Female,20,Khobar,Premium
C01434,Aisha Al-Qahtani,Female,44,Mecca,Premium
C01435,Hassan Malik,Male,61,Medina,Standard
C01436,Reem Yousuf,Female,18,Jeddah,Standard
C01437,Maryam Ibrahim,Male,30,Riyadh,Value
C01438,Abdullah Mahmoud,Female,50,Mecca,Value
C01439,Huda Saeed,Female,31,Dammam,Value
C01440,Aisha Ahmed,Male,23,Taif,Standard
C01441,Fatimah Khan,Male,62,Dammam,Value
C01442,Ahmed Abdullah,Male,70,Taif,Value
C01443,Nora Farooq,Male,26,Taif,Standard
C01444,Khalid Ibrahim,Male,25,Mecca,Premium
C01445,Omar Khan,Female,57,Riyadh,Standard
C01446,Ahmed Khan,Female,51,Khobar,Standard
C01447,Ahmed Saleh,Male,20,Khobar,Standard
C01448,Reem Abdullah,Female,46,Dammam,Value
C01449,Huda Rahman,Male,68,Jeddah,Standard
C01450,Saad Rahman,Female,61,Mecca,Value
C01451,Amal Al-Qahtani,Female,22,Mecca,Standard
C01452,Khalid Saeed,Male,24,Jeddah,Standard
C01453,Omar Rahman,Female,48,Mecca,Standard
C01454,Abdullah Ali,Female,60,Riyadh,Standard
C01455,Maha Khan,Male,70,Khobar,Value
C01456,Amal Rahman,Female,55,Medina,Value
C01457,Omar Saeed,Male,33,Khobar,Value
C01458,Fatimah Al-Qahtani,Female,46,Mecca,Standard
C01459,Aisha Yousuf,Male,59,Khobar,Standard
C01460,Omar Ansari,Male,40,Mecca,Standard
C01461,Ibrahim Rahman,Male,69,Dammam,Standard
C01462,Omar Rahman,Male,22,Dammam,Standard
C01463,Ibrahim Saeed,Female,47,Khobar,Standard
C01464,Lina Rahman,Male,23,Dammam,Standard
C01465,Ibrahim Khan,Female,45,Jeddah,Standard
C01466,Omar Al-Qahtani,Male,66,Riyadh,Standard
C01467,Ibrahim Saleh,Female,22,Taif,Standard
C01468,Abdullah Saeed,Female,21,Taif,Standard
C01469,Sara Rahman,Male,18,Riyadh,Standard
C01470,Aisha Abdullah,Male,70,Taif,Value
C01471,Yousef Farooq,Female,42,Medina,Standard
C01472,Hassan Khan,Male,58,Taif,Standard
C01473,Mohammed Abdullah,Male,36,Medina,Standard
C01474,Aisha Yousuf,Female,70,Mecca,Value
C01475,Abdullah Ahmed,Male,35,Khobar,Value
C01476,Saad Mahmoud,Female,36,Medina,Standard
C01477,Ahmed Saeed,Male,62,Medina,Value
C01478,Maryam Abdullah,Male,44,Taif,Value
C01479,Nora Rahman,Male,21,Mecca,Standard
C01480,Khalid Ibrahim,Male,18,Khobar,Standard
C01481,Fatimah Ahmed,Female,61,Khobar,Standard
C01482,Omar Khan,Male,43,Jeddah,Value
C01483,Faisal Ahmed,Male,70,Khobar,Value
C01484,Abdullah Saeed,Female,46,Taif,Standard
C01485,Maryam Farooq,Male,43,Jeddah,Standard
C01486,Abdullah Ibrahim,Male,33,Taif,Premium
C01487,Maryam Rahman,Female,40,Khobar,Value
C01488,Reem Al-Qahtani,Female,34,Medina,Standard
C01489,Khalid Ibrahim,Male,51,Riyadh,Standard
C01490,Fatimah Hassan,Female,45,Jeddah,Premium
C01491,Saad Farooq,Male,25,Khobar,Standard
C01492,Ibrahim Abdullah,Male,39,Medina,Standard
C01493,Khalid Malik,Male,44,Taif,Standard
C01494,Khalid Hassan,Male,61,Khobar,Value
C01495,Abdullah Abdullah,Female,36,Taif,Standard
C01496,Khalid Saleh,Female,53,Riyadh,Standard
C01497,Fatimah Ali,Female,47,Khobar,Value
C01498,Huda Khan,Female,41,Jeddah,Standard
C01499,Yousef Abdullah,Male,25,Khobar,Standard
C01500,Mohammed Saleh,Female,60,Mecca,Standard
C01501,Maha Yousuf,Male,32,Jeddah,Value
C01502,Amal Khan,Male,20,Mecca,Premium
C01503,Mohammed Farooq,Male,54,Medina,Value
C01504,Hassan Ahmed,Female,53,Medina,Standard
C01505,Reem Ibrahim,Male,64,Medina,Standard
C01506,Amal Abdullah,Male,60,Medina,Premium
C01507,Maha Saleh,Male,34,Taif,Standard
C01508,Fatimah Ibrahim,Male,23,Mecca,Standard
C01509,Maha Mahmoud,Male,31,Khobar,Standard
C01510,Amal Abdullah,Female,70,Mecca,Standard
C01511,Hassan Ahmed,Male,48,Mecca,Premium
C01512,Reem Ali,Male,49,Medina,Standard
C01513,Amal Mahmoud,Male,19,Khobar,Standard
C01514,Maryam Farooq,Male,57,Medina,Standard
C01515,Maha Mahmoud,Female,41,Khobar,Standard
C01516,Yousef Hassan,Female,33,Mecca,Standard
C01517,Maha Yousuf,Male,61,Riyadh,Standard
C01518,Aisha Khan,Male,24,Dammam,Standard
C01519,Faisal Mahmoud,Female,57,Taif,Value
C01520,Sara Malik,Male,23,Riyadh,Standard
C01521,Faisal Yousuf,Male,35,Taif,Standard
C01522,Nora Rahman,Male,57,Medina,Value
C01523,Nora Hassan,Male,53,Medina,Premium
C01524,Omar Hassan,Male,22,Dammam,Standard
C01525,Hassan Rahman,Female,66,Medina,Standard
C01526,Fatimah Yousuf,Male,63,Taif,Standard
C01527,Maha Saleh,Female,47,Taif,Standard
C01528,Maha Saeed,Female,63,Dammam,Standard
C01529,Abdullah Farooq,Male,46,Taif,Standard
C01530,Fatimah Al-Qahtani,Female,67,Mecca,Value
C01531,Sara Ansari,Male,64,Jeddah,Value
C01532,Maha Ali,Male,62,Jeddah,Value
C01533,Aisha Farooq,Female,55,Medina,Standard
C01534,Omar Yousuf,Male,51,Dammam,Value
C01535,Saad Khan,Male,26,Taif,Standard
C01536,Fatimah Saleh,Male,19,Mecca,Standard
C01537,Lina Ahmed,Male,65,Dammam,Value
C01538,Fatimah Saleh,Female,55,Jeddah,Standard
C01539,Maha Saeed,Male,59,Medina,Standard
C01540,Fatimah Ali,Male,30,Dammam,Premium
C01541,Khalid Saleh,Female,33,Riyadh,Standard
C01542,Maha Saeed,Male,42,Taif,Standard
C01543,Nora Khan,Male,56,Jeddah,Premium
C01544,Lina Yousuf,Male,69,Mecca,Standard
C01545,Fatimah Al-Qahtani,Male,53,Khobar,Premium
C01546,Yousef Malik,Male,68,Medina,Value
C01547,Amal Ali,Female,33,Medina,Value
C01548,Saad Saeed,Male,54,Mecca,Standard
C01549,Khalid Hassan,Female,59,Taif,Value
C01550,Ibrahim Ansari,Male,70,Riyadh,Value
C01551,Ibrahim Ibrahim,Female,65,Medina,Standard
C01552,Omar Malik,Male,32,Riyadh,Standard
C01553,Ahmed Saleh,Male,61,Khobar,Standard
C01554,Yousef Farooq,Female,62,Dammam,Value
C01555,Hassan Ansari,Female,48,Khobar,Standard
C01556,Fatimah Hassan,Male,70,Riyadh,Standard
C01557,Omar Ibrahim,Female,45,Taif,Standard
C01558,Huda Mahmoud,Male,30,Khobar,Value
C01559,Aisha Farooq,Female,66,Riyadh,Value
C01560,Reem Ali,Male,37,Riyadh,Standard
C01561,Faisal Mahmoud,Male,31,Riyadh,Premium
C01562,Nora Yousuf,Male,44,Medina,Premium
C01563,Maha Ahmed,Female,40,Jeddah,Standard
C01564,Omar Khan,Female,36,Jeddah,Value
C01565,Faisal Yousuf,Male,24,Mecca,Premium
C01566,Maryam Saleh,Male,37,Jeddah,Value
C01567,Huda Saeed,Male,30,Khobar,Standard
C01568,Yousef Rahman,Male,39,Jeddah,Standard
C01569,Abdullah Saeed,Male,43,Mecca,Standard
C01570,Mohammed Mahmoud,Female,27,Taif,Premium
C01571,Yousef Ibrahim,Female,32,Riyadh,Standard
C01572,Maha Ibrahim,Female,52,Taif,Value
C01573,Reem Mahmoud,Female,56,Medina,Standard
C01574,Aisha Ansari,Male,26,Taif,Value
C01575,Khalid Ansari,Female,39,Dammam,Standard
C01576,Reem Farooq,Female,40,Taif,Value
C01577,Faisal Malik,Male,67,Dammam,Value
C01578,Khalid Saleh,Male,30,Medina,Value
C01579,Lina Rahman,Male,27,Taif,Premium
C01580,Omar Hassan,Male,23,Khobar,Standard
C01581,Faisal Hassan,Male,41,Riyadh,Value
C01582,Nora Farooq,Male,67,Mecca,Value
C01583,Reem Ali,Male,44,Medina,Standard
C01584,Fatimah Al-Qahtani,Female,19,Mecca,Standard
C01585,Nora Ali,Female,55,Mecca,Value
C01586,Amal Ali,Male,34,Khobar,Value
C01587,Amal Abdullah,Male,63,Khobar,Standard
C01588,Lina Malik,Female,44,Jeddah,Value
C01589,Hassan Rahman,Male,27,Jeddah,Standard
C01590,Yousef Al-Qahtani,Female,58,Mecca,Standard
C01591,Huda Abdullah,Male,61,Jeddah,Premium
C01592,Nora Farooq,Male,28,Mecca,Value
C01593,Huda Farooq,Female,54,Jeddah,Value
C01594,Maryam Yousuf,Female,57,Riyadh,Value
C01595,Huda Ansari,Female,60,Riyadh,Premium
C01596,Maha Rahman,Male,41,Khobar,Value
C01597,Amal Ahmed,Female,54,Jeddah,Standard
C01598,Nora Ahmed,Female,18,Riyadh,Standard
C01599,Huda Mahmoud,Male,51,Riyadh,Value
C01600,Khalid Saleh,Female,30,Riyadh,Value
C01601,Omar Al-Qahtani,Female,69,Jeddah,Value
C01602,Fatimah Yousuf,Female,69,Dammam,Standard
C01603,Aisha Ibrahim,Male,53,Medina,Value
C01604,Huda Rahman,Male,63,Jeddah,Value
C01605,Abdullah Farooq,Female,22,Jeddah,Value
C01606,Abdullah Ahmed,Male,49,Dammam,Standard
C01607,Maryam Saeed,Male,57,Medina,Premium
C01608,Abdullah Khan,Male,50,Mecca,Standard
C01609,Maryam Ansari,Female,29,Dammam,Value
C01610,Ibrahim Saleh,Male,59,Dammam,Premium
C01611,Reem Ahmed,Female,59,Dammam,Standard
C01612,Fatimah Hassan,Female,30,Medina,Standard
C01613,Maha Hassan,Female,48,Khobar,Standard
C01614,Maha Saleh,Male,44,Khobar,Standard
C01615,Aisha Yousuf,Male,68,Jeddah,Standard
C01616,Yousef Saeed,Male,69,Taif,Value
C01617,Hassan Al-Qahtani,Male,33,Riyadh,Premium
C01618,Khalid Rahman,Male,31,Jeddah,Standard
C01619,Reem Ibrahim,Male,31,Mecca,Value
C01620,Reem Mahmoud,Female,34,Taif,Value
C01621,Omar Saeed,Female,54,Medina,Premium
C01622,Omar Malik,Female,31,Khobar,Value
C01623,Omar Hassan,Male,62,Mecca,Standard
C01624,Reem Al-Qahtani,Male,22,Mecca,Premium
C01625,Fatimah Khan,Male,50,Khobar,Value
C01626,Yousef Mahmoud,Male,54,Medina,Premium
C01627,Fatimah Saeed,Male,34,Taif,Standard
C01628,Faisal Ansari,Male,18,Riyadh,Value
C01629,Sara Mahmoud,Female,34,Dammam,Standard
C01630,Reem Hassan,Male,22,Jeddah,Standard
C01631,Reem Saeed,Male,68,Taif,Standard
C01632,Aisha Al-Qahtani,Female,64,Riyadh,Standard
C01633,Khalid Rahman,Female,46,Khobar,Value
C01634,Maha Ansari,Male,21,Mecca,Value
C01635,Abdullah Abdullah,Male,65,Dammam,Standard
C01636,Reem Ahmed,Female,65,Dammam,Standard
C01637,Ahmed Abdullah,Female,45,Mecca,Value
C01638,Fatimah Saeed,Female,25,Jeddah,Standard
C01639,Maryam Saleh,Male,55,Mecca,Standard
C01640,Maryam Hassan,Male,64,Jeddah,Value
C01641,Reem Ibrahim,Female,57,Jeddah,Premium
C01642,Yousef Al-Qahtani,Female,43,Khobar,Standard
C01643,Lina Malik,Male,53,Taif,Premium
C01644,Saad Ali,Male,24,Jeddah,Premium
C01645,Reem Ahmed,Female,62,Jeddah,Standard
C01646,Khalid Al-Qahtani,Male,40,Riyadh,Value
C01647,Huda Khan,Male,41,Taif,Premium
C01648,Abdullah Farooq,Female,34,Taif,Standard
C01649,Huda Rahman,Male,53,Mecca,Standard
C01650,Amal Ali,Male,66,Jeddah,Standard
C01651,Nora Ahmed,Female,19,Medina,Standard
C01652,Khalid Mahmoud,Male,24,Jeddah,Standard
C01653,Reem Abdullah,Male,37,Jeddah,Standard
C01654,Sara Saleh,Female,28,Medina,Standard
C01655,Khalid Khan,Male,65,Khobar,Premium
C01656,Maha Saeed,Female,51,Taif,Standard
C01657,Amal Malik,Male,64,Khobar,Value
C01658,Maha Khan,Female,53,Medina,Premium
C01659,Hassan Saleh,Male,48,Mecca,Standard
C01660,Lina Abdullah,Female,43,Mecca,Standard
C01661,Omar Ali,Male,26,Medina,Value
C01662,Nora Ibrahim,Female,33,Medina,Value
C01663,Ahmed Ibrahim,Male,55,Dammam,Value
C01664,Maryam Ali,Female,26,Jeddah,Premium
C01665,Hassan Saleh,Male,30,Dammam,Premium
C01666,Maha Ibrahim,Male,69,Mecca,Standard
C01667,Aisha Rahman,Male,62,Medina,Value
C01668,Huda Ibrahim,Male,55,Jeddah,Premium
C01669,Yousef Rahman,Male,35,Medina,Standard
C01670,Khalid Yousuf,Female,55,Taif,Premium
C01671,Faisal Ahmed,Female,54,Khobar,Standard
C01672,Lina Al-Qahtani,Male,34,Riyadh,Standard
C01673,Reem Hassan,Male,34,Medina,Standard
C01674,Fatimah Al-Qahtani,Male,56,Dammam,Standard
C01675,Nora Farooq,Male,61,Khobar,Standard
C01676,Mohammed Ibrahim,Male,69,Mecca,Standard
C01677,Ahmed Ahmed,Male,28,Riyadh,Standard
C01678,Reem Ahmed,Female,46,Dammam,Standard
C01679,Fatimah Yousuf,Male,35,Khobar,Premium
C01680,Hassan Farooq,Male,57,Dammam,Premium
C01681,Lina Hassan,Female,47,Medina,Standard
C01682,Hassan Khan,Female,47,Jeddah,Standard
C01683,Aisha Khan,Male,25,Riyadh,Standard
C01684,Fatimah Abdullah,Male,50,Jeddah,Value
C01685,Aisha Hassan,Male,18,Dammam,Standard
C01686,Fatimah Saeed,Male,39,Jeddah,Value
C01687,Hassan Ahmed,Female,38,Medina,Standard
C01688,Nora Hassan,Male,41,Dammam,Standard
C01689,Yousef Malik,Male,27,Jeddah,Premium
C01690,Huda Saeed,Female,62,Taif,Standard
C01691,Hassan Mahmoud,Male,60,Mecca,Value
C01692,Mohammed Ibrahim,Male,58,Mecca,Value
C01693,Amal Abdullah,Male,56,Jeddah,Value
C01694,Sara Ansari,Male,18,Jeddah,Value
C01695,Faisal Abdullah,Female,41,Taif,Standard
C01696,Maryam Saleh,Male,30,Mecca,Standard
C01697,Maha Saeed,Male,34,Dammam,Value
C01698,Khalid Hassan,Female,32,Jeddah,Standard
C01699,Abdullah Rahman,Male,20,Medina,Premium
C01700,Lina Ahmed,Male,41,Riyadh,Standard
C01701,Faisal Hassan,Male,38,Taif,Value
C01702,Saad Malik,Male,70,Mecca,Standard
C01703,Maha Abdullah,Male,32,Mecca,Value
C01704,Saad Abdullah,Male,20,Jeddah,Standard
C01705,Omar Ansari,Male,20,Riyadh,Standard
C01706,Hassan Malik,Male,61,Dammam,Standard
C01707,Maryam Ahmed,Male,23,Mecca,Standard
C01708,Omar Mahmoud,Female,19,Taif,Standard
C01709,Amal Hassan,Male,48,Taif,Value
C01710,Maha Khan,Male,30,Dammam,Standard
C01711,Maha Al-Qahtani,Male,20,Riyadh,Value
C01712,Maha Ahmed,Female,30,Taif,Value
C01713,Abdullah Ahmed,Male,57,Khobar,Value
C01714,Yousef Al-Qahtani,Male,50,Taif,Standard
C01715,Sara Ansari,Female,31,Medina,Value
C01716,Maha Abdullah,Female,41,Mecca,Premium
C01717,Huda Saeed,Male,57,Jeddah,Standard
C01718,Maryam Khan,Male,24,Khobar,Standard
C01719,Nora Malik,Female,27,Jeddah,Value
C01720,Khalid Abdullah,Male,41,Riyadh,Standard
C01721,Omar Farooq,Male,28,Dammam,Value
C01722,Khalid Saeed,Male,36,Jeddah,Value
C01723,Ibrahim Al-Qahtani,Male,20,Medina,Value
C01724,Fatimah Farooq,Male,48,Riyadh,Value
C01725,Maha Al-Qahtani,Female,30,Riyadh,Value
C01726,Omar Hassan,Male,52,Jeddah,Value
C01727,Fatimah Ahmed,Male,27,Medina,Value
C01728,Ibrahim Ansari,Male,26,Khobar,Standard
C01729,Sara Ansari,Female,25,Taif,Premium
C01730,Saad Ahmed,Female,25,Jeddah,Value
C01731,Maryam Ibrahim,Male,48,Jeddah,Standard
C01732,Omar Ali,Female,54,Khobar,Premium
C01733,Lina Khan,Male,58,Khobar,Standard
C01734,Ahmed Ali,Male,26,Khobar,Standard
C01735,Nora Saleh,Male,47,Khobar,Standard
C01736,Khalid Al-Qahtani,Female,52,Khobar,Standard
C01737,Omar Hassan,Female,31,Riyadh,Standard
C01738,Saad Abdullah,Female,30,Khobar,Premium
C01739,Maha Hassan,Male,25,Dammam,Standard
C01740,Saad Farooq,Female,42,Dammam,Standard
C01741,Aisha Malik,Male,27,Mecca,Standard
C01742,Maryam Malik,Male,69,Dammam,Standard
C01743,Reem Ali,Male,65,Jeddah,Standard
C01744,Ahmed Rahman,Female,59,Medina,Premium
C01745,Ahmed Ibrahim,Male,58,Medina,Premium
C01746,Aisha Abdullah,Female,63,Khobar,Value
C01747,Ahmed Rahman,Female,34,Riyadh,Standard
C01748,Lina Farooq,Male,24,Riyadh,Value
C01749,Saad Yousuf,Male,64,Taif,Standard
C01750,Yousef Al-Qahtani,Male,62,Taif,Standard
C01751,Ahmed Saleh,Female,23,Khobar,Value
C01752,Khalid Yousuf,Female,54,Taif,Value
C01753,Lina Saleh,Male,36,Medina,Standard
C01754,Nora Ibrahim,Male,42,Khobar,Standard
C01755,Mohammed Yousuf,Female,34,Jeddah,Standard
C01756,Reem Mahmoud,Female,68,Mecca,Value
C01757,Reem Ibrahim,Female,65,Mecca,Standard
C01758,Lina Khan,Female,33,Mecca,Value
C01759,Ibrahim Malik,Female,53,Riyadh,Standard
C01760,Faisal Ahmed,Male,69,Medina,Premium
C01761,Huda Saeed,Male,25,Dammam,Standard
C01762,Maha Saeed,Male,61,Riyadh,Standard
C01763,Reem Malik,Female,38,Riyadh,Standard
C01764,Abdullah Farooq,Female,51,Taif,Standard
C01765,Omar Farooq,Female,50,Riyadh,Value
C01766,Aisha Abdullah,Female,47,Riyadh,Standard
C01767,Nora Yousuf,Female,34,Khobar,Premium
C01768,Amal Malik,Male,37,Taif,Standard
C01769,Mohammed Farooq,Male,67,Jeddah,Standard
C01770,Maryam Al-Qahtani,Female,43,Khobar,Value
C01771,Sara Abdullah,Male,27,Mecca,Value
C01772,Maryam Malik,Female,35,Riyadh,Value
C01773,Faisal Farooq,Female,45,Mecca,Value
C01774,Maha Rahman,Male,67,Dammam,Standard
C01775,Aisha Ibrahim,Female,58,Mecca,Value
C01776,Mohammed Rahman,Male,39,Taif,Standard
C01777,Amal Ibrahim,Male,45,Medina,Value
C01778,Reem Ahmed,Female,49,Taif,Standard
C01779,Maha Ibrahim,Male,52,Medina,Value
C01780,Faisal Farooq,Male,34,Riyadh,Premium
C01781,Khalid Malik,Female,57,Taif,Standard
C01782,Khalid Yousuf,Male,44,Dammam,Value
C01783,Faisal Ali,Male,36,Khobar,Premium
C01784,Omar Ali,Female,25,Medina,Standard
C01785,Sara Mahmoud,Male,55,Mecca,Premium
C01786,Yousef Ibrahim,Male,25,Khobar,Premium
C01787,Reem Saleh,Female,30,Taif,Standard
C01788,Huda Ansari,Male,19,Mecca,Value
C01789,Maryam Ansari,Female,22,Riyadh,Value
C01790,Faisal Malik,Female,34,Khobar,Premium
C01791,Yousef Ansari,Male,63,Mecca,Premium
C01792,Omar Saleh,Female,33,Mecca,Standard
C01793,Khalid Khan,Female,41,Khobar,Standard
C01794,Reem Saeed,Male,51,Dammam,Standard
C01795,Lina Mahmoud,Male,44,Taif,Standard
C01796,Amal Malik,Male,37,Jeddah,Value
C01797,Nora Rahman,Female,23,Medina,Standard
C01798,Saad Khan,Male,51,Dammam,Standard
C01799,Mohammed Abdullah,Male,33,Riyadh,Standard
C01800,Maha Saeed,Female,31,Medina,Value
C01801,Maryam Yousuf,Male,34,Taif,Standard
C01802,Ibrahim Ansari,Male,63,Khobar,Standard
C01803,Huda Ali,Male,66,Khobar,Standard
C01804,Mohammed Mahmoud,Female,30,Taif,Standard
C01805,Aisha Khan,Female,40,Riyadh,Standard
C01806,Maha Ali,Female,62,Dammam,Standard
C01807,Maha Hassan,Male,56,Riyadh,Premium
C01808,Yousef Farooq,Female,44,Jeddah,Standard
C01809,Sara Al-Qahtani,Female,64,Mecca,Premium
C01810,Faisal Saleh,Female,45,Taif,Standard
C01811,Omar Saleh,Male,53,Khobar,Premium
C01812,Amal Yousuf,Male,48,Taif,Premium
C01813,Khalid Farooq,Male,30,Mecca,Premium
C01814,Lina Ansari,Female,42,Khobar,Standard
C01815,Aisha Rahman,Female,55,Khobar,Standard
C01816,Reem Farooq,Male,33,Dammam,Value
C01817,Amal Malik,Female,56,Jeddah,Standard
C01818,Huda Khan,Male,32,Riyadh,Standard
C01819,Mohammed Ahmed,Female,26,Riyadh,Standard
C01820,Maryam Rahman,Male,32,Jeddah,Standard
C01821,Faisal Mahmoud,Male,19,Dammam,Standard
C01822,Huda Ibrahim,Male,57,Taif,Standard
C01823,Omar Al-Qahtani,Female,42,Riyadh,Standard
C01824,Ahmed Khan,Male,67,Khobar,Standard
C01825,Maryam Ibrahim,Female,68,Jeddah,Standard
C01826,Amal Ahmed,Male,59,Mecca,Value
C01827,Reem Ibrahim,Female,64,Mecca,Standard
C01828,Faisal Al-Qahtani,Female,25,Taif,Standard
C01829,Faisal Malik,Female,54,Khobar,Standard
C01830,Hassan Ahmed,Male,54,Mecca,Standard
C01831,Mohammed Saleh,Male,66,Dammam,Standard
C01832,Amal Khan,Male,38,Mecca,Standard
C01833,Abdullah Saeed,Female,62,Khobar,Value
C01834,Ahmed Saleh,Male,44,Taif,Standard
C01835,Fatimah Ansari,Male,53,Dammam,Standard
C01836,Amal Abdullah,Female,54,Dammam,Value
C01837,Lina Rahman,Male,50,Mecca,Value
C01838,Ibrahim Hassan,Female,47,Medina,Standard
C01839,Huda Khan,Male,30,Taif,Standard
C01840,Sara Saeed,Female,37,Dammam,Value
C01841,Fatimah Yousuf,Female,47,Khobar,Standard
C01842,Khalid Saleh,Female,44,Khobar,Standard
C01843,Hassan Rahman,Female,18,Medina,Standard
C01844,Aisha Ibrahim,Male,34,Jeddah,Value
C01845,Yousef Rahman,Male,23,Taif,Value
C01846,Sara Al-Qahtani,Female,23,Dammam,Standard
C01847,Mohammed Rahman,Female,52,Taif,Value
C01848,Faisal Ibrahim,Male,32,Dammam,Value
C01849,Faisal Abdullah,Male,19,Mecca,Value
C01850,Fatimah Al-Qahtani,Female,30,Jeddah,Standard
C01851,Huda Rahman,Male,65,Riyadh,Standard
C01852,Mohammed Mahmoud,Female,61,Mecca,Value
C01853,Huda Yousuf,Male,31,Riyadh,Value
C01854,Ahmed Saleh,Female,32,Khobar,Value
C01855,Nora Mahmoud,Female,47,Jeddah,Premium
C01856,Lina Yousuf,Male,23,Khobar,Standard
C01857,Faisal Abdullah,Female,47,Riyadh,Premium
C01858,Huda Hassan,Female,33,Medina,Value
C01859,Mohammed Khan,Male,18,Taif,Standard
C01860,Abdullah Rahman,Female,55,Medina,Standard
C01861,Omar Ibrahim,Male,47,Medina,Value
C01862,Yousef Ali,Female,50,Medina,Standard
C01863,Maha Khan,Female,55,Khobar,Premium
C01864,Faisal Saleh,Female,32,Khobar,Value
C01865,Maha Hassan,Male,46,Khobar,Value
C01866,Huda Ahmed,Female,27,Medina,Value
C01867,Abdullah Yousuf,Female,38,Mecca,Standard
C01868,Khalid Ibrahim,Male,26,Mecca,Standard
C01869,Amal Hassan,Male,27,Dammam,Standard
C01870,Ahmed Saeed,Female,61,Riyadh,Standard
C01871,Mohammed Ansari,Male,48,Jeddah,Standard
C01872,Lina Mahmoud,Male,64,Riyadh,Value
C01873,Nora Ali,Female,69,Khobar,Value
C01874,Mohammed Farooq,Female,43,Taif,Standard
C01875,Abdullah Ibrahim,Male,55,Dammam,Standard
C01876,Ibrahim Yousuf,Male,55,Mecca,Standard
C01877,Lina Khan,Female,22,Khobar,Standard
C01878,Maha Ansari,Male,46,Jeddah,Standard
C01879,Saad Abdullah,Female,60,Khobar,Standard
C01880,Faisal Ansari,Female,49,Medina,Value
C01881,Saad Ansari,Male,42,Medina,Standard
C01882,Lina Farooq,Female,40,Dammam,Value
C01883,Hassan Hassan,Female,63,Mecca,Premium
C01884,Nora Saleh,Male,30,Mecca,Standard
C01885,Saad Mahmoud,Female,20,Taif,Value
C01886,Saad Ahmed,Male,51,Medina,Standard
C01887,Maryam Yousuf,Female,68,Medina,Standard
C01888,Maryam Ansari,Male,65,Khobar,Value
C01889,Saad Malik,Female,60,Mecca,Premium
C01890,Yousef Abdullah,Female,29,Jeddah,Standard
C01891,Maryam Khan,Male,66,Khobar,Standard
C01892,Aisha Abdullah,Female,51,Mecca,Standard
C01893,Huda Khan,Female,68,Medina,Value
C01894,Ibrahim Mahmoud,Male,38,Riyadh,Value
C01895,Huda Al-Qahtani,Female,62,Riyadh,Value
C01896,Khalid Mahmoud,Male,26,Khobar,Value
C01897,Yousef Al-Qahtani,Male,23,Dammam,Value
C01898,Lina Ahmed,Male,20,Medina,Premium
C01899,Faisal Rahman,Female,55,Taif,Standard
C01900,Faisal Farooq,Male,38,Riyadh,Premium
C01901,Khalid Farooq,Female,55,Khobar,Standard
C01902,Amal Saleh,Female,18,Jeddah,Standard
C01903,Ibrahim Saeed,Female,36,Mecca,Standard
C01904,Maryam Yousuf,Male,40,Dammam,Standard
C01905,Maha Hassan,Male,50,Khobar,Standard
C01906,Yousef Ahmed,Male,48,Jeddah,Value
C01907,Ibrahim Saleh,Male,69,Riyadh,Standard
C01908,Reem Hassan,Male,43,Medina,Standard
C01909,Omar Rahman,Male,63,Dammam,Value
C01910,Reem Saeed,Female,37,Taif,Standard
C01911,Ibrahim Hassan,Female,34,Khobar,Standard
C01912,Huda Rahman,Male,55,Dammam,Value
C01913,Faisal Khan,Male,68,Mecca,Standard
C01914,Faisal Malik,Male,39,Khobar,Standard
C01915,Omar Mahmoud,Female,62,Jeddah,Standard
C01916,Nora Hassan,Female,32,Jeddah,Standard
C01917,Aisha Yousuf,Female,65,Taif,Standard
C01918,Ibrahim Rahman,Female,54,Dammam,Value
C01919,Omar Khan,Male,35,Riyadh,Standard
C01920,Yousef Mahmoud,Male,33,Khobar,Value
C01921,Fatimah Hassan,Female,63,Taif,Value
C01922,Khalid Hassan,Male,69,Khobar,Standard
C01923,Ibrahim Khan,Female,64,Dammam,Standard
C01924,Yousef Saleh,Female,33,Jeddah,Standard
C01925,Ibrahim Farooq,Male,36,Riyadh,Value
C01926,Mohammed Ibrahim,Female,27,Taif,Value
C01927,Aisha Khan,Male,69,Taif,Standard
C01928,Maha Abdullah,Male,27,Riyadh,Value
C01929,Nora Ansari,Male,26,Taif,Premium
C01930,Ibrahim Saeed,Male,40,Taif,Value
C01931,Huda Khan,Male,24,Dammam,Value
C01932,Amal Farooq,Male,56,Taif,Standard
C01933,Nora Ibrahim,Male,57,Medina,Value
C01934,Mohammed Yousuf,Male,25,Riyadh,Value
C01935,Hassan Hassan,Male,19,Dammam,Standard
C01936,Fatimah Farooq,Female,45,Medina,Standard
C01937,Lina Ahmed,Male,18,Riyadh,Value
C01938,Khalid Ahmed,Male,56,Medina,Standard
C01939,Yousef Hassan,Female,64,Taif,Standard
C01940,Lina Saleh,Female,43,Medina,Standard
C01941,Omar Al-Qahtani,Female,32,Jeddah,Standard
C01942,Amal Abdullah,Male,27,Dammam,Value
C01943,Yousef Ali,Male,50,Khobar,Standard
C01944,Mohammed Farooq,Male,40,Dammam,Value
C01945,Nora Mahmoud,Female,28,Khobar,Standard
C01946,Amal Ali,Male,59,Mecca,Standard
C01947,Saad Saleh,Male,38,Riyadh,Standard
C01948,Hassan Abdullah,Female,69,Mecca,Standard
C01949,Maha Ahmed,Female,70,Mecca,Value
C01950,Ibrahim Mahmoud,Male,62,Riyadh,Value
C01951,Ahmed Rahman,Female,23,Jeddah,Standard
C01952,Reem Saeed,Female,22,Mecca,Premium
C01953,Reem Saeed,Female,32,Taif,Value
C01954,Fatimah Abdullah,Male,63,Taif,Standard
C01955,Ibrahim Ansari,Male,28,Riyadh,Standard
C01956,Ibrahim Khan,Female,38,Jeddah,Standard
C01957,Khalid Mahmoud,Female,28,Riyadh,Standard
C01958,Saad Farooq,Male,63,Mecca,Premium
C01959,Faisal Ansari,Male,27,Taif,Value
C01960,Fatimah Ahmed,Male,61,Medina,Standard
C01961,Sara Abdullah,Female,42,Dammam,Standard
C01962,Sara Ahmed,Male,48,Mecca,Value
C01963,Hassan Hassan,Female,21,Jeddah,Standard
C01964,Ibrahim Abdullah,Male,55,Riyadh,Premium
C01965,Ibrahim Saeed,Female,70,Dammam,Standard
C01966,Abdullah Rahman,Male,70,Jeddah,Standard
C01967,Aisha Ibrahim,Female,31,Medina,Standard
C01968,Mohammed Mahmoud,Male,18,Jeddah,Standard
C01969,Amal Ibrahim,Male,24,Jeddah,Standard
C01970,Lina Malik,Female,58,Medina,Standard
C01971,Sara Rahman,Female,66,Medina,Premium
C01972,Mohammed Mahmoud,Female,34,Khobar,Premium
C01973,Lina Ahmed,Male,35,Mecca,Standard
C01974,Lina Abdullah,Female,35,Taif,Standard
C01975,Hassan Rahman,Male,38,Dammam,Standard
C01976,Faisal Yousuf,Male,21,Mecca,Standard
C01977,Amal Saeed,Male,33,Khobar,Standard
C01978,Maryam Mahmoud,Female,21,Riyadh,Value
C01979,Nora Yousuf,Male,51,Medina,Value
C01980,Fatimah Ali,Male,58,Riyadh,Standard
C01981,Saad Saleh,Male,36,Taif,Standard
C01982,Amal Khan,Female,55,Khobar,Standard
C01983,Yousef Rahman,Male,54,Mecca,Standard
C01984,Maha Farooq,Male,25,Riyadh,Value
C01985,Fatimah Farooq,Female,35,Jeddah,Standard
C01986,Maha Al-Qahtani,Female,33,Jeddah,Standard
C01987,Fatimah Malik,Male,37,Riyadh,Premium
C01988,Ahmed Saeed,Female,52,Dammam,Standard
C01989,Abdullah Mahmoud,Male,57,Dammam,Standard
C01990,Mohammed Rahman,Female,23,Khobar,Value
C01991,Nora Abdullah,Male,70,Medina,Standard
C01992,Sara Ali,Female,19,Dammam,Value
C01993,Aisha Ansari,Male,28,Taif,Standard
C01994,Amal Farooq,Female,42,Dammam,Value
C01995,Khalid Abdullah,Female,59,Medina,Value
C01996,Nora Ahmed,Female,22,Khobar,Value
C01997,Lina Yousuf,Female,55,Taif,Value
C01998,Huda Saeed,Male,60,Dammam,Standard
C01999,Maha Ansari,Female,69,Khobar,Standard
C02000,Faisal Yousuf,Male,26,Mecca,Value
C02001,Yousef Mahmoud,Male,21,Taif,Premium
C02002,Khalid Saeed,Female,22,Dammam,Standard
C02003,Omar Saleh,Female,58,Taif,Standard
C02004,Aisha Rahman,Female,36,Taif,Standard
C02005,Huda Abdullah,Male,36,Taif,Standard
C02006,Hassan Ansari,Male,40,Dammam,Standard
C02007,Sara Khan,Female,46,Medina,Value
C02008,Hassan Rahman,Male,69,Mecca,Value
C02009,Aisha Ibrahim,Male,67,Taif,Premium
C02010,Abdullah Rahman,Female,70,Jeddah,Value
C02011,Ahmed Saeed,Male,24,Dammam,Standard
C02012,Maryam Malik,Male,43,Khobar,Premium
C02013,Maha Saeed,Male,47,Khobar,Value
C02014,Hassan Khan,Female,58,Jeddah,Standard
C02015,Khalid Ali,Male,32,Riyadh,Premium
C02016,Ahmed Rahman,Male,35,Taif,Standard
C02017,Ahmed Ibrahim,Male,57,Mecca,Standard
C02018,Saad Ali,Male,45,Medina,Value
C02019,Aisha Hassan,Male,67,Riyadh,Premium
C02020,Mohammed Ansari,Male,66,Mecca,Value
C02021,Mohammed Yousuf,Male,32,Khobar,Premium
C02022,Saad Yousuf,Male,30,Dammam,Premium
C02023,Aisha Yousuf,Male,26,Mecca,Value
C02024,Yousef Ahmed,Male,51,Dammam,Standard
C02025,Nora Ibrahim,Female,58,Khobar,Premium
C02026,Abdullah Al-Qahtani,Male,68,Khobar,Standard
C02027,Maryam Al-Qahtani,Male,21,Medina,Premium
C02028,Faisal Ahmed,Male,32,Mecca,Value
C02029,Hassan Hassan,Male,50,Dammam,Standard
C02030,Khalid Farooq,Male,61,Mecca,Value
C02031,Reem Malik,Male,54,Khobar,Value
C02032,Maryam Rahman,Male,60,Medina,Standard
C02033,Fatimah Abdullah,Female,31,Medina,Standard
C02034,Sara Ahmed,Female,59,Medina,Value
C02035,Mohammed Abdullah,Male,48,Jeddah,Standard
C02036,Faisal Ibrahim,Female,45,Riyadh,Standard
C02037,Huda Hassan,Male,58,Khobar,Premium
C02038,Ibrahim Rahman,Female,33,Khobar,Value
C02039,Maryam Al-Qahtani,Male,22,Dammam,Value
C02040,Omar Ali,Male,53,Taif,Standard
C02041,Hassan Mahmoud,Female,55,Medina,Standard
C02042,Maryam Al-Qahtani,Male,32,Riyadh,Value
C02043,Hassan Yousuf,Female,59,Jeddah,Standard
C02044,Reem Malik,Female,26,Taif,Standard
C02045,Omar Rahman,Male,56,Medina,Standard
C02046,Maryam Al-Qahtani,Male,65,Medina,Value
C02047,Fatimah Al-Qahtani,Female,65,Khobar,Standard
C02048,Faisal Al-Qahtani,Male,53,Mecca,Standard
C02049,Aisha Hassan,Male,37,Khobar,Standard
C02050,Lina Yousuf,Female,22,Taif,Standard
C02051,Reem Saeed,Male,70,Khobar,Value
C02052,Nora Ansari,Female,66,Riyadh,Premium
C02053,Abdullah Ali,Male,67,Jeddah,Value
C02054,Yousef Ibrahim,Female,62,Dammam,Premium
C02055,Hassan Ansari,Female,66,Riyadh,Premium
C02056,Abdullah Ahmed,Female,64,Mecca,Standard
C02057,Lina Ahmed,Female,23,Dammam,Standard
C02058,Maryam Farooq,Male,44,Mecca,Value
C02059,Maha Saeed,Male,55,Riyadh,Value
C02060,Huda Mahmoud,Female,56,Taif,Value
C02061,Yousef Rahman,Male,47,Dammam,Value
C02062,Aisha Khan,Male,61,Dammam,Standard
C02063,Reem Yousuf,Female,56,Taif,Value
C02064,Saad Ibrahim,Female,44,Mecca,Standard
C02065,Abdullah Ibrahim,Male,67,Medina,Premium
C02066,Faisal Malik,Female,57,Jeddah,Premium
C02067,Lina Al-Qahtani,Female,69,Medina,Standard
C02068,Mohammed Mahmoud,Female,70,Dammam,Value
C02069,Ibrahim Saleh,Male,66,Taif,Standard
C02070,Omar Yousuf,Male,49,Khobar,Standard
C02071,Maha Khan,Male,42,Jeddah,Value
C02072,Maha Rahman,Female,40,Taif,Standard
C02073,Yousef Saleh,Male,35,Dammam,Standard
C02074,Huda Mahmoud,Male,19,Riyadh,Standard
C02075,Khalid Saleh,Male,58,Jeddah,Standard
C02076,Abdullah Ali,Male,31,Medina,Premium
C02077,Reem Malik,Female,21,Mecca,Standard
C02078,Yousef Hassan,Male,35,Taif,Value
C02079,Hassan Mahmoud,Female,29,Medina,Value
C02080,Maryam Ali,Female,44,Dammam,Standard
C02081,Khalid Ali,Female,59,Riyadh,Value
C02082,Yousef Farooq,Male,40,Taif,Value
C02083,Yousef Yousuf,Female,59,Jeddah,Premium
C02084,Abdullah Al-Qahtani,Male,52,Taif,Premium
C02085,Ahmed Rahman,Male,66,Jeddah,Standard
C02086,Hassan Abdullah,Male,54,Jeddah,Premium
C02087,Maha Yousuf,Male,52,Mecca,Value
C02088,Mohammed Hassan,Female,34,Jeddah,Standard
C02089,Ahmed Mahmoud,Female,53,Riyadh,Value
C02090,Mohammed Ahmed,Female,70,Khobar,Standard
C02091,Amal Ibrahim,Female,32,Jeddah,Standard
C02092,Nora Mahmoud,Male,56,Jeddah,Value
C02093,Aisha Rahman,Male,22,Taif,Standard
C02094,Amal Abdullah,Male,43,Khobar,Premium
C02095,Ahmed Ali,Female,62,Dammam,Value
C02096,Fatimah Rahman,Male,20,Taif,Value
C02097,Amal Saeed,Male,19,Mecca,Standard
C02098,Omar Ansari,Male,21,Mecca,Standard
C02099,Amal Saleh,Male,40,Mecca,Standard
C02100,Aisha Al-Qahtani,Female,51,Khobar,Value
C02101,Maryam Rahman,Male,51,Taif,Standard
C02102,Abdullah Malik,Male,24,Riyadh,Value
C02103,Lina Malik,Male,27,Taif,Premium
C02104,Yousef Yousuf,Male,21,Khobar,Standard
C02105,Nora Al-Qahtani,Male,50,Khobar,Standard
C02106,Ibrahim Farooq,Male,48,Riyadh,Standard
C02107,Hassan Saeed,Male,65,Dammam,Premium
C02108,Ibrahim Al-Qahtani,Male,30,Jeddah,Standard
C02109,Saad Farooq,Female,55,Mecca,Value
C02110,Aisha Yousuf,Female,70,Dammam,Standard
C02111,Mohammed Khan,Female,44,Jeddah,Standard
C02112,Lina Rahman,Female,65,Dammam,Standard
C02113,Maryam Ali,Male,35,Medina,Standard
C02114,Huda Ansari,Female,69,Khobar,Standard
C02115,Maha Saeed,Female,50,Jeddah,Standard
C02116,Sara Ibrahim,Male,19,Jeddah,Value
C02117,Amal Yousuf,Male,20,Taif,Value
C02118,Khalid Ali,Female,53,Taif,Premium
C02119,Mohammed Hassan,Male,18,Jeddah,Value
C02120,Aisha Ali,Male,34,Khobar,Premium
C02121,Nora Hassan,Male,49,Dammam,Value
C02122,Lina Ibrahim,Female,37,Taif,Value
C02123,Hassan Abdullah,Male,64,Khobar,Standard
C02124,Reem Rahman,Male,36,Khobar,Standard
C02125,Saad Saleh,Female,62,Khobar,Standard
C02126,Aisha Rahman,Female,67,Taif,Value
C02127,Aisha Rahman,Male,58,Dammam,Premium
C02128,Faisal Khan,Male,60,Mecca,Standard
C02129,Aisha Al-Qahtani,Male,38,Medina,Standard
C02130,Maryam Ibrahim,Male,20,Medina,Standard
C02131,Lina Yousuf,Female,69,Medina,Value
C02132,Saad Ibrahim,Male,48,Mecca,Standard
C02133,Amal Yousuf,Female,53,Dammam,Standard
C02134,Nora Saeed,Male,25,Taif,Standard
C02135,Omar Ansari,Female,35,Jeddah,Premium
C02136,Reem Al-Qahtani,Male,57,Riyadh,Value
C02137,Nora Khan,Female,44,Riyadh,Standard
C02138,Abdullah Yousuf,Male,38,Dammam,Value
C02139,Khalid Yousuf,Male,42,Dammam,Standard
C02140,Lina Al-Qahtani,Female,40,Riyadh,Standard
C02141,Saad Yousuf,Male,30,Jeddah,Value
C02142,Omar Farooq,Male,33,Jeddah,Standard
C02143,Sara Saeed,Male,18,Medina,Standard
C02144,Faisal Farooq,Female,62,Jeddah,Standard
C02145,Yousef Mahmoud,Female,60,Medina,Standard
C02146,Saad Abdullah,Male,53,Riyadh,Premium
C02147,Hassan Ahmed,Female,63,Mecca,Premium
C02148,Omar Rahman,Male,67,Mecca,Value
C02149,Ibrahim Al-Qahtani,Female,61,Taif,Value
C02150,Ibrahim Yousuf,Female,62,Khobar,Standard
C02151,Amal Ali,Male,68,Dammam,Premium
C02152,Ibrahim Ansari,Male,18,Riyadh,Value
C02153,Maha Saeed,Male,34,Dammam,Standard
C02154,Mohammed Hassan,Male,43,Taif,Standard
C02155,Faisal Abdullah,Male,61,Riyadh,Premium
C02156,Khalid Rahman,Male,29,Jeddah,Value
C02157,Maryam Khan,Male,40,Dammam,Value
C02158,Abdullah Ali,Male,24,Medina,Standard
C02159,Mohammed Malik,Female,21,Jeddah,Premium
C02160,Mohammed Khan,Male,52,Riyadh,Standard
C02161,Sara Saleh,Male,30,Riyadh,Standard
C02162,Khalid Khan,Male,29,Jeddah,Value
C02163,Amal Abdullah,Female,69,Jeddah,Value
C02164,Hassan Ali,Male,23,Dammam,Value
C02165,Lina Rahman,Male,36,Khobar,Standard
C02166,Nora Yousuf,Female,44,Khobar,Standard
C02167,Maryam Khan,Male,18,Riyadh,Standard
C02168,Saad Ibrahim,Female,49,Riyadh,Standard
C02169,Omar Rahman,Female,18,Riyadh,Standard
C02170,Lina Saeed,Male,64,Medina,Value
C02171,Sara Malik,Male,60,Dammam,Standard
C02172,Abdullah Ali,Male,35,Khobar,Value
C02173,Sara Rahman,Female,33,Taif,Value
C02174,Maryam Mahmoud,Male,64,Jeddah,Standard
C02175,Fatimah Ibrahim,Male,30,Riyadh,Value
C02176,Fatimah Saleh,Female,54,Khobar,Value
C02177,Fatimah Saleh,Male,62,Riyadh,Premium
C02178,Saad Ansari,Female,20,Riyadh,Value
C02179,Hassan Hassan,Male,43,Mecca,Standard
C02180,Yousef Ibrahim,Male,63,Mecca,Value
C02181,Maryam Ansari,Male,46,Khobar,Value
C02182,Saad Yousuf,Female,61,Khobar,Standard
C02183,Yousef Saleh,Male,38,Taif,Value
C02184,Reem Khan,Male,55,Dammam,Standard
C02185,Nora Rahman,Female,64,Jeddah,Standard
C02186,Saad Ibrahim,Male,47,Jeddah,Standard
C02187,Hassan Ibrahim,Female,47,Jeddah,Value
C02188,Maha Hassan,Female,30,Riyadh,Premium
C02189,Huda Saeed,Female,32,Taif,Standard
C02190,Maryam Khan,Male,32,Dammam,Value
C02191,Yousef Al-Qahtani,Female,65,Taif,Value
C02192,Aisha Hassan,Female,30,Medina,Standard
C02193,Ahmed Saleh,Female,19,Medina,Standard
C02194,Omar Mahmoud,Male,40,Mecca,Standard
C02195,Amal Ahmed,Female,66,Mecca,Standard
C02196,Fatimah Ansari,Male,18,Riyadh,Standard
C02197,Huda Khan,Female,58,Khobar,Premium
C02198,Maha Ansari,Male,26,Taif,Value
C02199,Ahmed Saeed,Female,59,Jeddah,Standard
C02200,Abdullah Saleh,Male,26,Riyadh,Standard
C02201,Omar Khan,Male,60,Khobar,Value
C02202,Sara Abdullah,Female,54,Mecca,Premium
C02203,Maryam Ahmed,Male,36,Khobar,Value
C02204,Maha Farooq,Male,46,Mecca,Value
C02205,Lina Farooq,Female,44,Mecca,Value
C02206,Mohammed Yousuf,Male,55,Taif,Standard
C02207,Nora Abdullah,Male,66,Medina,Premium
C02208,Lina Ahmed,Male,42,Riyadh,Value
C02209,Nora Yousuf,Female,44,Mecca,Value
C02210,Hassan Yousuf,Male,43,Medina,Standard
C02211,Amal Khan,Male,56,Riyadh,Standard
C02212,Fatimah Mahmoud,Male,70,Medina,Value
C02213,Reem Yousuf,Male,52,Mecca,Value
C02214,Khalid Abdullah,Female,69,Mecca,Standard
C02215,Khalid Rahman,Female,44,Taif,Standard
C02216,Fatimah Al-Qahtani,Female,61,Riyadh,Standard
C02217,Lina Hassan,Male,48,Taif,Standard
C02218,Huda Farooq,Female,19,Medina,Premium
C02219,Ibrahim Farooq,Female,25,Taif,Standard
C02220,Faisal Ahmed,Male,22,Riyadh,Value
C02221,Khalid Ansari,Female,32,Jeddah,Premium
C02222,Yousef Saeed,Female,56,Jeddah,Value
C02223,Amal Ibrahim,Male,20,Mecca,Value
C02224,Yousef Saleh,Male,58,Taif,Value
C02225,Maryam Malik,Male,60,Riyadh,Standard
C02226,Lina Saleh,Female,18,Dammam,Standard
C02227,Nora Abdullah,Male,19,Medina,Standard
C02228,Reem Al-Qahtani,Female,70,Mecca,Standard
C02229,Maha Farooq,Male,19,Taif,Standard
C02230,Ahmed Yousuf,Male,41,Riyadh,Value
C02231,Faisal Ansari,Male,61,Khobar,Value
C02232,Mohammed Ibrahim,Male,51,Mecca,Standard
C02233,Maha Ahmed,Female,63,Dammam,Standard
C02234,Hassan Rahman,Female,64,Jeddah,Standard
C02235,Amal Saleh,Female,63,Taif,Standard
C02236,Omar Abdullah,Male,44,Medina,Standard
C02237,Abdullah Hassan,Male,52,Riyadh,Standard
C02238,Sara Farooq,Male,20,Jeddah,Standard
C02239,Faisal Hassan,Female,62,Taif,Standard
C02240,Ibrahim Ahmed,Male,40,Khobar,Value
C02241,Yousef Saleh,Female,30,Medina,Standard
C02242,Lina Mahmoud,Female,19,Dammam,Standard
C02243,Hassan Rahman,Female,63,Mecca,Standard
C02244,Hassan Ibrahim,Male,52,Jeddah,Value
C02245,Sara Abdullah,Male,34,Khobar,Premium
C02246,Lina Farooq,Male,35,Riyadh,Premium
C02247,Aisha Farooq,Male,51,Khobar,Value
C02248,Hassan Ali,Male,49,Khobar,Value
C02249,Saad Saeed,Female,67,Mecca,Standard
C02250,Hassan Yousuf,Female,63,Dammam,Value
C02251,Ahmed Ahmed,Male,56,Jeddah,Value
C02252,Khalid Ahmed,Male,70,Medina,Standard
C02253,Hassan Hassan,Male,25,Riyadh,Premium
C02254,Hassan Malik,Male,18,Jeddah,Value
C02255,Hassan Farooq,Female,35,Jeddah,Standard
C02256,Khalid Saleh,Male,66,Riyadh,Value
C02257,Yousef Rahman,Female,24,Taif,Premium
C02258,Yousef Saleh,Female,45,Taif,Standard
C02259,Lina Abdullah,Female,67,Riyadh,Value
C02260,Maha Malik,Male,53,Mecca,Standard
C02261,Amal Saleh,Male,55,Medina,Premium
C02262,Reem Saleh,Male,43,Dammam,Standard
C02263,Ahmed Mahmoud,Male,21,Mecca,Value
C02264,Khalid Ali,Male,20,Dammam,Value
C02265,Amal Saleh,Female,40,Mecca,Standard
C02266,Huda Saeed,Male,66,Mecca,Standard
C02267,Khalid Al-Qahtani,Male,54,Mecca,Standard
C02268,Ahmed Malik,Male,46,Mecca,Value
C02269,Nora Saleh,Male,19,Taif,Standard
C02270,Saad Yousuf,Male,20,Dammam,Value
C02271,Maha Hassan,Female,64,Jeddah,Premium
C02272,Aisha Saleh,Male,23,Jeddah,Premium
C02273,Huda Al-Qahtani,Male,65,Khobar,Premium
C02274,Ibrahim Farooq,Male,46,Riyadh,Standard
C02275,Sara Farooq,Male,21,Medina,Standard
C02276,Mohammed Mahmoud,Male,53,Jeddah,Value
C02277,Reem Saleh,Male,58,Khobar,Value
C02278,Ahmed Al-Qahtani,Male,56,Riyadh,Premium
C02279,Abdullah Ali,Female,18,Taif,Standard
C02280,Ahmed Saeed,Male,47,Medina,Standard
C02281,Fatimah Saleh,Male,29,Riyadh,Standard
C02282,Amal Khan,Female,46,Khobar,Premium
C02283,Aisha Hassan,Male,66,Medina,Value
C02284,Amal Al-Qahtani,Male,60,Medina,Standard
C02285,Ibrahim Ansari,Female,40,Dammam,Standard
C02286,Amal Saeed,Female,45,Taif,Standard
C02287,Faisal Saleh,Male,47,Medina,Standard
C02288,Hassan Abdullah,Female,70,Jeddah,Standard
C02289,Aisha Ali,Female,44,Jeddah,Standard
C02290,Khalid Mahmoud,Female,44,Medina,Standard
C02291,Fatimah Hassan,Female,44,Khobar,Standard
C02292,Khalid Rahman,Male,25,Medina,Standard
C02293,Khalid Al-Qahtani,Male,22,Dammam,Standard
C02294,Aisha Hassan,Male,42,Taif,Value
C02295,Yousef Khan,Male,47,Dammam,Premium
C02296,Ahmed Khan,Female,64,Jeddah,Premium
C02297,Maryam Farooq,Male,18,Taif,Standard
C02298,Maryam Al-Qahtani,Female,30,Riyadh,Standard
C02299,Ahmed Ali,Female,67,Riyadh,Standard
C02300,Ibrahim Farooq,Female,26,Jeddah,Standard
C02301,Hassan Hassan,Female,24,Taif,Standard
C02302,Hassan Saleh,Female,25,Jeddah,Value
C02303,Amal Al-Qahtani,Male,26,Khobar,Standard
C02304,Ibrahim Saleh,Female,62,Taif,Value
C02305,Abdullah Rahman,Male,21,Riyadh,Standard
C02306,Amal Ahmed,Female,23,Riyadh,Standard
C02307,Mohammed Abdullah,Male,32,Medina,Standard
C02308,Ahmed Ali,Male,45,Khobar,Value
C02309,Maryam Ansari,Male,66,Riyadh,Value
C02310,Fatimah Al-Qahtani,Male,57,Riyadh,Premium
C02311,Reem Malik,Male,34,Dammam,Standard
C02312,Lina Khan,Male,32,Khobar,Standard
C02313,Maryam Ansari,Male,56,Mecca,Premium
C02314,Fatimah Khan,Male,29,Jeddah,Standard
C02315,Mohammed Ali,Male,66,Jeddah,Standard
C02316,Nora Rahman,Female,42,Mecca,Standard
C02317,Hassan Rahman,Male,50,Taif,Standard
C02318,Saad Hassan,Female,38,Khobar,Standard
C02319,Omar Al-Qahtani,Male,32,Khobar,Standard
C02320,Faisal Rahman,Male,19,Khobar,Standard
C02321,Huda Al-Qahtani,Female,33,Riyadh,Premium
C02322,Fatimah Rahman,Male,67,Khobar,Value
C02323,Fatimah Malik,Female,67,Dammam,Premium
C02324,Aisha Yousuf,Male,67,Medina,Standard
C02325,Khalid Ansari,Male,48,Medina,Value
C02326,Ahmed Ahmed,Male,24,Khobar,Value
C02327,Lina Saleh,Male,36,Medina,Standard
C02328,Aisha Saeed,Male,25,Taif,Value
C02329,Lina Hassan,Male,53,Khobar,Value
C02330,Mohammed Ahmed,Male,43,Riyadh,Standard
C02331,Amal Yousuf,Male,51,Jeddah,Premium
C02332,Lina Saleh,Male,37,Riyadh,Standard
C02333,Fatimah Ansari,Female,60,Medina,Premium
C02334,Mohammed Saeed,Male,33,Taif,Standard
C02335,Faisal Malik,Male,68,Jeddah,Standard
C02336,Saad Ansari,Female,31,Taif,Standard
C02337,Omar Ali,Female,64,Medina,Standard
C02338,Nora Hassan,Male,61,Taif,Value
C02339,Ibrahim Khan,Male,22,Riyadh,Standard
C02340,Nora Khan,Male,38,Mecca,Standard
C02341,Aisha Khan,Female,37,Mecca,Premium
C02342,Faisal Yousuf,Male,43,Mecca,Value
C02343,Nora Mahmoud,Male,48,Khobar,Value
C02344,Maryam Al-Qahtani,Male,37,Taif,Standard
C02345,Khalid Saleh,Female,28,Dammam,Standard
C02346,Ahmed Ahmed,Female,20,Khobar,Standard
C02347,Khalid Ali,Female,32,Medina,Premium
C02348,Huda Mahmoud,Female,25,Dammam,Standard
C02349,Sara Malik,Male,30,Dammam,Standard
C02350,Maryam Rahman,Male,65,Riyadh,Standard
C02351,Abdullah Ahmed,Female,49,Mecca,Standard
C02352,Nora Ansari,Female,46,Dammam,Standard
C02353,Lina Abdullah,Male,35,Riyadh,Standard
C02354,Reem Ibrahim,Male,50,Dammam,Standard
C02355,Omar Khan,Male,59,Riyadh,Standard
C02356,Ahmed Khan,Female,31,Medina,Value
C02357,Yousef Saeed,Male,42,Khobar,Value
C02358,Ahmed Khan,Female,38,Taif,Value
C02359,Ibrahim Khan,Female,52,Khobar,Standard
C02360,Ibrahim Saeed,Male,18,Mecca,Standard
C02361,Yousef Abdullah,Female,60,Mecca,Standard
C02362,Khalid Yousuf,Male,27,Taif,Value
C02363,Ibrahim Saleh,Male,59,Jeddah,Standard
C02364,Maha Ali,Female,30,Taif,Standard
C02365,Nora Mahmoud,Male,43,Khobar,Standard
C02366,Ahmed Khan,Male,48,Jeddah,Standard
C02367,Nora Al-Qahtani,Female,27,Taif,Value
C02368,Maha Ibrahim,Male,25,Mecca,Standard
C02369,Amal Saeed,Male,60,Riyadh,Standard
C02370,Mohammed Al-Qahtani,Male,55,Riyadh,Premium
C02371,Fatimah Ahmed,Male,23,Medina,Value
C02372,Maha Malik,Male,52,Taif,Standard
C02373,Aisha Ali,Male,21,Medina,Standard
C02374,Maha Al-Qahtani,Male,61,Dammam,Standard
C02375,Ibrahim Hassan,Female,53,Riyadh,Standard
C02376,Yousef Abdullah,Male,45,Dammam,Value
C02377,Hassan Mahmoud,Male,50,Jeddah,Standard
C02378,Sara Hassan,Female,20,Dammam,Standard
C02379,Faisal Al-Qahtani,Male,31,Taif,Standard
C02380,Hassan Saeed,Male,34,Dammam,Premium
C02381,Aisha Abdullah,Female,29,Riyadh,Standard
C02382,Fatimah Saleh,Male,48,Dammam,Value
C02383,Huda Farooq,Male,27,Jeddah,Standard
C02384,Mohammed Saleh,Male,36,Jeddah,Standard
C02385,Abdullah Rahman,Male,60,Dammam,Standard
C02386,Ahmed Abdullah,Male,66,Riyadh,Standard
C02387,Yousef Yousuf,Male,24,Medina,Premium
C02388,Aisha Ali,Male,69,Dammam,Premium
C02389,Huda Rahman,Female,69,Medina,Value
C02390,Yousef Ali,Male,46,Khobar,Standard
C02391,Amal Mahmoud,Male,36,Khobar,Standard
C02392,Mohammed Ansari,Male,24,Riyadh,Standard
C02393,Faisal Saeed,Male,60,Mecca,Standard
C02394,Khalid Yousuf,Male,40,Taif,Standard
C02395,Aisha Rahman,Female,37,Taif,Standard
C02396,Aisha Ali,Male,68,Taif,Value
C02397,Mohammed Saeed,Male,62,Riyadh,Standard
C02398,Saad Ali,Female,30,Dammam,Value
C02399,Saad Khan,Male,20,Jeddah,Standard
C02400,Nora Yousuf,Male,54,Jeddah,Value
C02401,Faisal Ansari,Female,44,Medina,Value
C02402,Omar Ali,Female,54,Dammam,Premium
C02403,Aisha Khan,Female,66,Medina,Standard
C02404,Reem Ali,Male,63,Khobar,Value
C02405,Maha Abdullah,Female,39,Jeddah,Value
C02406,Fatimah Malik,Female,36,Medina,Standard
C02407,Amal Ahmed,Male,45,Dammam,Standard
C02408,Hassan Ali,Female,32,Dammam,Standard
C02409,Reem Mahmoud,Male,66,Mecca,Value
C02410,Lina Farooq,Female,65,Medina,Standard
C02411,Huda Ahmed,Male,60,Taif,Standard
C02412,Saad Ansari,Male,47,Dammam,Standard
C02413,Maryam Ansari,Female,57,Khobar,Standard
C02414,Abdullah Al-Qahtani,Female,44,Medina,Premium
C02415,Ahmed Abdullah,Male,45,Khobar,Standard
C02416,Amal Farooq,Male,34,Taif,Standard
C02417,Yousef Hassan,Male,63,Riyadh,Value
C02418,Huda Abdullah,Female,27,Riyadh,Standard
C02419,Maryam Ali,Female,60,Riyadh,Standard
C02420,Faisal Farooq,Male,67,Khobar,Standard
C02421,Aisha Khan,Female,27,Mecca,Value
C02422,Aisha Abdullah,Male,26,Khobar,Standard
C02423,Hassan Saleh,Female,43,Medina,Standard
C02424,Ibrahim Abdullah,Male,65,Jeddah,Value
C02425,Maryam Ansari,Male,55,Medina,Standard
C02426,Khalid Yousuf,Female,70,Jeddah,Standard
C02427,Maha Ahmed,Female,41,Khobar,Premium
C02428,Huda Saleh,Male,63,Taif,Standard
C02429,Khalid Saeed,Male,61,Jeddah,Standard
C02430,Aisha Farooq,Female,42,Medina,Standard
C02431,Maryam Rahman,Male,51,Khobar,Standard
C02432,Nora Khan,Male,23,Medina,Premium
C02433,Huda Ansari,Male,24,Jeddah,Premium
C02434,Amal Saeed,Female,58,Taif,Premium
C02435,Khalid Hassan,Male,37,Medina,Premium
C02436,Abdullah Yousuf,Male,56,Taif,Value
C02437,Maha Farooq,Male,38,Mecca,Value
C02438,Omar Ahmed,Male,66,Medina,Value
C02439,Yousef Yousuf,Male,42,Taif,Value
C02440,Aisha Khan,Female,61,Dammam,Value
C02441,Maha Ahmed,Male,50,Khobar,Value
C02442,Hassan Khan,Male,53,Mecca,Standard
C02443,Reem Hassan,Male,20,Khobar,Value
C02444,Reem Ahmed,Male,28,Riyadh,Standard
C02445,Aisha Rahman,Male,20,Khobar,Standard
C02446,Ibrahim Saleh,Male,63,Dammam,Value
C02447,Amal Rahman,Male,48,Jeddah,Value
C02448,Amal Hassan,Male,28,Medina,Standard
C02449,Mohammed Ibrahim,Male,18,Taif,Standard
C02450,Faisal Ibrahim,Male,66,Riyadh,Premium
C02451,Reem Rahman,Female,69,Jeddah,Standard
C02452,Sara Khan,Female,26,Medina,Value
C02453,Ahmed Al-Qahtani,Male,42,Jeddah,Standard
C02454,Yousef Ansari,Female,20,Medina,Premium
C02455,Fatimah Al-Qahtani,Male,56,Dammam,Value
C02456,Reem Abdullah,Male,30,Khobar,Value
C02457,Lina Al-Qahtani,Female,32,Medina,Standard
C02458,Huda Mahmoud,Female,66,Jeddah,Standard
C02459,Aisha Hassan,Female,19,Jeddah,Standard
C02460,Saad Farooq,Male,36,Jeddah,Standard
C02461,Reem Malik,Female,31,Dammam,Premium
C02462,Faisal Ali,Female,40,Khobar,Standard
C02463,Abdullah Malik,Female,19,Riyadh,Standard
C02464,Abdullah Malik,Female,21,Jeddah,Standard
C02465,Aisha Ali,Male,49,Mecca,Standard
C02466,Abdullah Ahmed,Male,24,Mecca,Standard
C02467,Abdullah Yousuf,Male,41,Riyadh,Standard
C02468,Ibrahim Yousuf,Male,53,Jeddah,Value
C02469,Saad Abdullah,Male,52,Jeddah,Value
C02470,Saad Khan,Male,35,Taif,Standard
C02471,Yousef Yousuf,Female,51,Jeddah,Standard
C02472,Omar Saeed,Female,40,Mecca,Value
C02473,Yousef Ibrahim,Male,30,Riyadh,Standard
C02474,Aisha Khan,Female,51,Jeddah,Standard
C02475,Huda Mahmoud,Female,32,Dammam,Premium
C02476,Faisal Abdullah,Male,67,Dammam,Standard
C02477,Amal Al-Qahtani,Male,21,Riyadh,Standard
C02478,Saad Ahmed,Male,66,Mecca,Value
C02479,Mohammed Farooq,Male,59,Mecca,Standard
C02480,Nora Ahmed,Female,41,Riyadh,Standard
C02481,Khalid Ahmed,Female,36,Taif,Standard
C02482,Faisal Yousuf,Male,39,Riyadh,Premium
C02483,Khalid Malik,Male,39,Riyadh,Value
C02484,Aisha Yousuf,Female,60,Dammam,Standard
C02485,Fatimah Malik,Male,23,Riyadh,Value
C02486,Mohammed Ali,Female,20,Dammam,Standard
C02487,Huda Khan,Male,55,Taif,Value
C02488,Saad Ahmed,Male,69,Medina,Value
C02489,Nora Khan,Male,43,Dammam,Standard
C02490,Fatimah Abdullah,Male,23,Jeddah,Standard
C02491,Maryam Saeed,Male,19,Taif,Standard
C02492,Yousef Abdullah,Male,27,Jeddah,Value
C02493,Maryam Ali,Male,21,Dammam,Standard
C02494,Amal Saeed,Male,70,Jeddah,Premium
C02495,Hassan Hassan,Female,57,Riyadh,Standard
C02496,Fatimah Al-Qahtani,Male,66,Riyadh,Standard
C02497,Huda Hassan,Male,57,Mecca,Standard
C02498,Reem Ali,Male,44,Taif,Value
C02499,Sara Al-Qahtani,Male,35,Medina,Value
C02500,Faisal Hassan,Female,48,Khobar,Premium
C02501,Maryam Mahmoud,Male,51,Riyadh,Standard
C02502,Abdullah Ahmed,Male,60,Mecca,Standard
C02503,Lina Mahmoud,Female,49,Riyadh,Premium
C02504,Abdullah Ibrahim,Male,28,Jeddah,Standard
C02505,Faisal Ansari,Male,70,Mecca,Standard
C02506,Amal Yousuf,Male,62,Medina,Value
C02507,Aisha Ahmed,Male,18,Medina,Standard
C02508,Abdullah Ibrahim,Female,43,Medina,Standard
C02509,Huda Ibrahim,Male,33,Jeddah,Premium
C02510,Faisal Saeed,Male,66,Mecca,Standard
C02511,Omar Khan,Male,47,Jeddah,Standard
C02512,Reem Rahman,Male,21,Riyadh,Standard
C02513,Mohammed Saleh,Male,62,Jeddah,Standard
C02514,Ibrahim Ansari,Female,42,Jeddah,Standard
C02515,Abdullah Saeed,Female,20,Dammam,Standard
C02516,Yousef Al-Qahtani,Male,62,Taif,Standard
C02517,Ahmed Malik,Male,46,Jeddah,Value
C02518,Ibrahim Abdullah,Female,23,Mecca,Standard
C02519,Yousef Saleh,Male,26,Khobar,Standard
C02520,Maryam Hassan,Male,49,Riyadh,Standard
C02521,Mohammed Malik,Male,44,Dammam,Value
C02522,Aisha Saleh,Male,37,Mecca,Value
C02523,Lina Ansari,Female,43,Mecca,Standard
C02524,Amal Khan,Female,30,Mecca,Value
C02525,Reem Malik,Male,46,Jeddah,Standard
C02526,Lina Ali,Male,25,Jeddah,Standard
C02527,Mohammed Saeed,Female,46,Dammam,Value
C02528,Lina Abdullah,Male,27,Medina,Standard
C02529,Nora Khan,Male,65,Jeddah,Standard
C02530,Mohammed Al-Qahtani,Male,40,Taif,Standard
C02531,Nora Farooq,Female,36,Riyadh,Standard
C02532,Saad Saleh,Male,27,Khobar,Value
C02533,Omar Khan,Female,18,Jeddah,Standard
C02534,Huda Ibrahim,Female,55,Khobar,Standard
C02535,Maha Khan,Female,22,Riyadh,Premium
C02536,Mohammed Saleh,Female,70,Dammam,Value
C02537,Maryam Rahman,Female,64,Mecca,Standard
C02538,Omar Ansari,Female,44,Jeddah,Value
C02539,Mohammed Abdullah,Male,32,Medina,Standard
C02540,Aisha Malik,Male,25,Mecca,Standard
C02541,Nora Ansari,Male,57,Jeddah,Standard
C02542,Nora Ahmed,Female,35,Jeddah,Standard
C02543,Yousef Mahmoud,Male,56,Mecca,Value
C02544,Fatimah Ibrahim,Male,45,Khobar,Value
C02545,Aisha Hassan,Male,56,Medina,Premium
C02546,Amal Ali,Male,57,Dammam,Premium
C02547,Aisha Yousuf,Male,38,Taif,Standard
C02548,Fatimah Khan,Male,42,Jeddah,Standard
C02549,Nora Al-Qahtani,Male,42,Taif,Standard
C02550,Omar Hassan,Male,23,Jeddah,Value
C02551,Reem Ahmed,Female,67,Medina,Premium
C02552,Fatimah Yousuf,Female,63,Dammam,Standard
C02553,Saad Yousuf,Male,54,Jeddah,Standard
C02554,Ibrahim Khan,Male,42,Riyadh,Value
C02555,Aisha Ahmed,Male,19,Taif,Standard
C02556,Mohammed Yousuf,Male,46,Jeddah,Standard
C02557,Saad Farooq,Female,55,Jeddah,Value
C02558,Amal Rahman,Male,40,Medina,Standard
C02559,Yousef Ahmed,Male,58,Jeddah,Value
C02560,Reem Ahmed,Male,27,Medina,Value
C02561,Saad Khan,Female,68,Jeddah,Value
C02562,Maryam Farooq,Male,30,Riyadh,Standard
C02563,Hassan Rahman,Male,56,Medina,Standard
C02564,Aisha Rahman,Male,39,Taif,Standard
C02565,Lina Hassan,Male,68,Riyadh,Standard
C02566,Amal Rahman,Female,65,Taif,Value
C02567,Mohammed Mahmoud,Female,54,Riyadh,Value
C02568,Ibrahim Ansari,Female,54,Khobar,Value
C02569,Hassan Khan,Male,42,Mecca,Value
C02570,Fatimah Ansari,Male,24,Riyadh,Standard
C02571,Amal Saeed,Male,28,Khobar,Premium
C02572,Maryam Ansari,Male,33,Taif,Standard
C02573,Yousef Ahmed,Male,19,Khobar,Standard
C02574,Aisha Yousuf,Female,51,Khobar,Value
C02575,Ahmed Khan,Male,51,Riyadh,Standard
C02576,Faisal Farooq,Male,20,Medina,Value
C02577,Ahmed Saleh,Male,37,Medina,Standard
C02578,Hassan Ahmed,Female,46,Medina,Standard
C02579,Faisal Ali,Male,36,Taif,Value
C02580,Abdullah Yousuf,Female,19,Dammam,Standard
C02581,Nora Ahmed,Male,67,Mecca,Value
C02582,Ahmed Khan,Male,57,Riyadh,Standard
C02583,Saad Saleh,Male,66,Dammam,Value
C02584,Saad Ibrahim,Male,25,Medina,Standard
C02585,Reem Farooq,Male,64,Medina,Standard
C02586,Reem Al-Qahtani,Male,41,Khobar,Value
C02587,Hassan Ansari,Female,43,Mecca,Standard
C02588,Aisha Saeed,Male,65,Taif,Standard
C02589,Mohammed Farooq,Female,33,Dammam,Standard
C02590,Reem Rahman,Female,27,Riyadh,Standard
C02591,Omar Mahmoud,Male,46,Khobar,Standard
C02592,Sara Ibrahim,Male,66,Medina,Standard
C02593,Hassan Abdullah,Female,61,Jeddah,Standard
C02594,Khalid Mahmoud,Male,70,Medina,Value
C02595,Maha Ali,Female,67,Khobar,Standard
C02596,Nora Yousuf,Male,26,Dammam,Standard
C02597,Mohammed Ahmed,Female,56,Jeddah,Standard
C02598,Reem Al-Qahtani,Male,25,Jeddah,Value
C02599,Huda Yousuf,Male,64,Medina,Standard
C02600,Faisal Yousuf,Male,66,Mecca,Standard
C02601,Amal Ansari,Male,22,Khobar,Value
C02602,Yousef Al-Qahtani,Male,19,Taif,Value
C02603,Aisha Mahmoud,Female,47,Dammam,Standard
C02604,Nora Saleh,Female,18,Dammam,Standard
C02605,Amal Hassan,Male,44,Jeddah,Premium
C02606,Reem Malik,Male,53,Khobar,Standard
C02607,Khalid Yousuf,Male,63,Medina,Premium
C02608,Maha Ahmed,Female,52,Riyadh,Value
C02609,Omar Ansari,Male,64,Taif,Standard
C02610,Mohammed Ibrahim,Female,48,Mecca,Standard
C02611,Saad Abdullah,Female,55,Khobar,Standard
C02612,Sara Hassan,Female,51,Jeddah,Standard
C02613,Lina Abdullah,Male,48,Jeddah,Standard
C02614,Reem Abdullah,Female,56,Taif,Premium
C02615,Ibrahim Hassan,Male,34,Riyadh,Value
C02616,Khalid Mahmoud,Male,57,Medina,Value
C02617,Nora Ali,Male,21,Jeddah,Value
C02618,Sara Hassan,Female,30,Riyadh,Premium
C02619,Huda Hassan,Female,52,Dammam,Standard
C02620,Lina Hassan,Male,63,Taif,Standard
C02621,Khalid Ansari,Female,18,Mecca,Standard
C02622,Fatimah Saleh,Male,37,Riyadh,Value
C02623,Nora Hassan,Female,69,Medina,Value
C02624,Abdullah Rahman,Female,42,Medina,Premium
C02625,Ibrahim Abdullah,Male,48,Medina,Standard
C02626,Faisal Abdullah,Male,25,Dammam,Standard
C02627,Ibrahim Al-Qahtani,Male,45,Khobar,Standard
C02628,Aisha Yousuf,Female,53,Riyadh,Standard
C02629,Aisha Mahmoud,Female,19,Khobar,Premium
C02630,Omar Yousuf,Male,48,Riyadh,Standard
C02631,Maha Ali,Male,18,Jeddah,Premium
C02632,Maryam Mahmoud,Male,20,Khobar,Value
C02633,Lina Ibrahim,Female,36,Taif,Premium
C02634,Reem Ahmed,Female,64,Taif,Value
C02635,Ibrahim Ali,Male,37,Riyadh,Standard
C02636,Omar Ansari,Male,36,Dammam,Value
C02637,Hassan Mahmoud,Female,57,Mecca,Standard
C02638,Fatimah Ansari,Male,30,Medina,Standard
C02639,Faisal Al-Qahtani,Male,60,Mecca,Premium
C02640,Sara Mahmoud,Male,39,Dammam,Standard
C02641,Yousef Rahman,Male,59,Medina,Premium
C02642,Ibrahim Abdullah,Male,37,Medina,Standard
C02643,Reem Khan,Male,51,Riyadh,Premium
C02644,Lina Al-Qahtani,Male,58,Khobar,Premium
C02645,Yousef Ahmed,Male,19,Riyadh,Premium
C02646,Maryam Ali,Female,44,Medina,Standard
C02647,Huda Ahmed,Male,58,Mecca,Value
C02648,Reem Al-Qahtani,Male,65,Medina,Premium
C02649,Lina Malik,Male,27,Medina,Standard
C02650,Khalid Farooq,Male,45,Taif,Standard
C02651,Reem Saleh,Male,56,Jeddah,Value
C02652,Maryam Mahmoud,Female,60,Riyadh,Standard
C02653,Nora Ansari,Female,54,Dammam,Value
C02654,Khalid Hassan,Male,31,Mecca,Premium
C02655,Saad Khan,Male,66,Dammam,Value
C02656,Ahmed Rahman,Male,46,Riyadh,Value
C02657,Ibrahim Rahman,Female,42,Jeddah,Standard
C02658,Amal Saleh,Male,43,Khobar,Value
C02659,Omar Al-Qahtani,Female,68,Medina,Value
C02660,Abdullah Ansari,Male,39,Jeddah,Value
C02661,Maryam Abdullah,Female,59,Medina,Standard
C02662,Maha Al-Qahtani,Male,48,Jeddah,Standard
C02663,Yousef Al-Qahtani,Male,51,Taif,Standard
C02664,Aisha Mahmoud,Male,31,Riyadh,Premium
C02665,Faisal Ahmed,Male,32,Khobar,Premium
C02666,Omar Rahman,Male,67,Jeddah,Standard
C02667,Abdullah Ansari,Male,67,Taif,Standard
C02668,Nora Saleh,Male,29,Dammam,Value
C02669,Hassan Ali,Female,55,Riyadh,Standard
C02670,Maha Ansari,Male,24,Taif,Value
C02671,Maha Saeed,Male,22,Mecca,Standard
C02672,Hassan Ibrahim,Male,63,Riyadh,Standard
C02673,Hassan Ahmed,Female,22,Riyadh,Premium
C02674,Reem Ali,Male,55,Riyadh,Standard
C02675,Hassan Hassan,Male,54,Riyadh,Premium
C02676,Ibrahim Yousuf,Male,20,Taif,Value
C02677,Huda Ibrahim,Male,54,Medina,Standard
C02678,Nora Ali,Male,50,Taif,Standard
C02679,Aisha Rahman,Female,42,Riyadh,Premium
C02680,Lina Farooq,Female,36,Khobar,Standard
C02681,Lina Mahmoud,Female,28,Riyadh,Standard
C02682,Yousef Rahman,Male,61,Taif,Standard
C02683,Lina Ali,Female,64,Khobar,Standard
C02684,Maryam Hassan,Male,37,Medina,Standard
C02685,Aisha Ahmed,Female,47,Jeddah,Standard
C02686,Nora Khan,Male,62,Riyadh,Standard
C02687,Huda Hassan,Male,56,Khobar,Standard
C02688,Nora Mahmoud,Male,18,Riyadh,Value
C02689,Reem Hassan,Female,21,Khobar,Standard
C02690,Faisal Ibrahim,Female,22,Jeddah,Standard
C02691,Maha Rahman,Female,60,Khobar,Standard
C02692,Faisal Ali,Male,39,Dammam,Value
C02693,Sara Malik,Male,55,Jeddah,Premium
C02694,Abdullah Rahman,Male,64,Taif,Premium
C02695,Saad Abdullah,Female,42,Riyadh,Standard
C02696,Huda Saeed,Male,34,Medina,Standard
C02697,Nora Yousuf,Male,39,Medina,Premium
C02698,Omar Ahmed,Female,23,Khobar,Value
C02699,Ibrahim Ansari,Male,55,Medina,Standard
C02700,Aisha Abdullah,Male,58,Taif,Premium
C02701,Ibrahim Ibrahim,Male,21,Jeddah,Value
C02702,Maryam Hassan,Female,59,Taif,Premium
C02703,Mohammed Ahmed,Male,34,Jeddah,Standard
C02704,Sara Saleh,Male,27,Mecca,Standard
C02705,Fatimah Khan,Male,48,Taif,Value
C02706,Aisha Malik,Female,42,Medina,Value
C02707,Amal Khan,Male,60,Medina,Standard
C02708,Saad Ibrahim,Male,53,Dammam,Standard
C02709,Amal Ali,Female,49,Dammam,Premium
C02710,Omar Ansari,Male,52,Dammam,Premium
C02711,Maha Ali,Male,63,Mecca,Standard
C02712,Huda Farooq,Male,39,Taif,Standard
C02713,Lina Khan,Male,63,Dammam,Value
C02714,Lina Ansari,Male,45,Medina,Value
C02715,Aisha Ansari,Female,55,Medina,Standard
C02716,Sara Malik,Female,34,Mecca,Value
C02717,Abdullah Yousuf,Male,56,Riyadh,Standard
C02718,Huda Saleh,Female,39,Medina,Standard
C02719,Khalid Hassan,Male,64,Riyadh,Value
C02720,Hassan Ansari,Female,57,Medina,Standard
C02721,Aisha Farooq,Female,65,Medina,Standard
C02722,Saad Khan,Female,30,Dammam,Standard
C02723,Fatimah Abdullah,Male,52,Taif,Standard
C02724,Fatimah Ahmed,Male,64,Khobar,Standard
C02725,Mohammed Mahmoud,Female,62,Riyadh,Standard
C02726,Sara Abdullah,Female,53,Riyadh,Value
C02727,Sara Ibrahim,Male,44,Mecca,Value
C02728,Nora Malik,Male,29,Taif,Standard
C02729,Maha Ansari,Female,64,Dammam,Value
C02730,Omar Khan,Male,68,Taif,Standard
C02731,Mohammed Hassan,Female,41,Dammam,Premium
C02732,Saad Saleh,Female,61,Taif,Value
C02733,Saad Ibrahim,Male,43,Riyadh,Value
C02734,Hassan Ali,Female,22,Dammam,Standard
C02735,Maryam Saeed,Female,39,Jeddah,Standard
C02736,Nora Mahmoud,Male,60,Medina,Standard
C02737,Fatimah Saleh,Male,54,Riyadh,Standard
C02738,Yousef Ibrahim,Male,28,Medina,Premium
C02739,Hassan Mahmoud,Male,30,Mecca,Value
C02740,Omar Ibrahim,Female,68,Medina,Value
C02741,Lina Rahman,Male,61,Taif,Standard
C02742,Abdullah Saeed,Female,31,Taif,Standard
C02743,Yousef Abdullah,Male,32,Medina,Standard
C02744,Maryam Mahmoud,Female,50,Khobar,Premium
C02745,Mohammed Khan,Male,64,Mecca,Standard
C02746,Saad Al-Qahtani,Male,39,Dammam,Premium
C02747,Abdullah Rahman,Female,67,Khobar,Standard
C02748,Maryam Al-Qahtani,Male,26,Dammam,Standard
C02749,Hassan Saeed,Male,64,Riyadh,Standard
C02750,Khalid Ansari,Female,54,Taif,Value
C02751,Nora Hassan,Male,68,Dammam,Standard
C02752,Faisal Ali,Male,36,Taif,Standard
C02753,Hassan Mahmoud,Male,65,Riyadh,Value
C02754,Ibrahim Ahmed,Female,39,Dammam,Value
C02755,Saad Khan,Male,42,Mecca,Standard
C02756,Nora Khan,Female,65,Taif,Premium
C02757,Ahmed Yousuf,Male,34,Jeddah,Value
C02758,Sara Hassan,Male,57,Riyadh,Premium
C02759,Fatimah Saleh,Female,69,Mecca,Standard
C02760,Maryam Saleh,Female,62,Jeddah,Value
C02761,Saad Saleh,Female,42,Medina,Standard
C02762,Fatimah Farooq,Male,68,Medina,Standard
C02763,Reem Hassan,Male,56,Khobar,Standard
C02764,Ibrahim Hassan,Female,60,Dammam,Standard
C02765,Omar Hassan,Female,68,Mecca,Standard
C02766,Hassan Malik,Female,54,Dammam,Value
C02767,Saad Ahmed,Male,63,Taif,Value
C02768,Faisal Ansari,Male,40,Taif,Standard
C02769,Mohammed Rahman,Male,26,Khobar,Value
C02770,Yousef Hassan,Female,26,Taif,Value
C02771,Reem Rahman,Female,22,Taif,Standard
C02772,Maha Saleh,Female,36,Dammam,Premium
C02773,Abdullah Hassan,Male,62,Jeddah,Value
C02774,Huda Hassan,Male,49,Jeddah,Premium
C02775,Khalid Ansari,Female,58,Mecca,Value
C02776,Khalid Mahmoud,Male,38,Medina,Standard
C02777,Mohammed Ahmed,Male,44,Riyadh,Standard
C02778,Maryam Yousuf,Female,53,Taif,Standard
C02779,Ahmed Ahmed,Male,48,Riyadh,Standard
C02780,Saad Ibrahim,Female,25,Dammam,Value
C02781,Huda Ansari,Male,55,Riyadh,Premium
C02782,Omar Hassan,Male,45,Riyadh,Standard
C02783,Amal Rahman,Female,39,Medina,Value
C02784,Ibrahim Rahman,Female,30,Medina,Standard
C02785,Sara Ansari,Male,38,Khobar,Standard
C02786,Maha Al-Qahtani,Male,50,Dammam,Standard
C02787,Nora Rahman,Female,47,Riyadh,Value
C02788,Saad Yousuf,Female,65,Taif,Standard
C02789,Khalid Khan,Male,63,Dammam,Standard
C02790,Omar Ali,Female,51,Mecca,Standard
C02791,Hassan Hassan,Female,61,Medina,Standard
C02792,Hassan Al-Qahtani,Male,64,Jeddah,Value
C02793,Mohammed Hassan,Male,29,Dammam,Value
C02794,Faisal Ali,Female,63,Khobar,Value
C02795,Aisha Farooq,Female,39,Taif,Value
C02796,Nora Ansari,Male,35,Jeddah,Standard
C02797,Sara Ibrahim,Male,67,Mecca,Value
C02798,Maha Abdullah,Male,46,Medina,Premium
C02799,Nora Mahmoud,Female,27,Taif,Standard
C02800,Yousef Khan,Male,67,Dammam,Value
C02801,Yousef Ahmed,Male,50,Khobar,Value
C02802,Huda Ansari,Male,48,Taif,Standard
C02803,Reem Mahmoud,Male,59,Medina,Standard
C02804,Amal Khan,Female,62,Taif,Standard
C02805,Yousef Yousuf,Male,46,Dammam,Standard
C02806,Fatimah Ahmed,Male,19,Riyadh,Premium
C02807,Yousef Rahman,Female,66,Riyadh,Value
C02808,Nora Rahman,Female,29,Mecca,Standard
C02809,Sara Farooq,Male,31,Riyadh,Standard
C02810,Mohammed Ahmed,Female,65,Medina,Value
C02811,Khalid Ibrahim,Male,43,Mecca,Value
C02812,Reem Al-Qahtani,Male,26,Medina,Standard
C02813,Nora Rahman,Female,31,Dammam,Standard
C02814,Fatimah Abdullah,Male,26,Riyadh,Value
C02815,Faisal Abdullah,Male,27,Dammam,Standard
C02816,Maryam Al-Qahtani,Female,19,Jeddah,Value
C02817,Ahmed Al-Qahtani,Male,59,Jeddah,Premium
C02818,Mohammed Khan,Male,53,Riyadh,Value
C02819,Hassan Ali,Male,28,Jeddah,Value
C02820,Sara Saeed,Male,53,Dammam,Value
C02821,Maha Ahmed,Female,24,Khobar,Standard
C02822,Yousef Yousuf,Male,53,Taif,Premium
C02823,Yousef Abdullah,Female,29,Jeddah,Standard
C02824,Khalid Ali,Male,18,Riyadh,Standard
C02825,Fatimah Ahmed,Male,23,Medina,Standard
C02826,Yousef Malik,Female,27,Jeddah,Value
C02827,Huda Ansari,Male,51,Taif,Standard
C02828,Reem Abdullah,Female,51,Riyadh,Value
C02829,Maha Saleh,Female,59,Taif,Value
C02830,Mohammed Rahman,Female,46,Riyadh,Standard
C02831,Maha Rahman,Male,25,Taif,Standard
C02832,Lina Ali,Male,58,Mecca,Standard
C02833,Omar Farooq,Female,25,Taif,Standard
C02834,Aisha Mahmoud,Male,57,Dammam,Standard
C02835,Yousef Farooq,Male,32,Khobar,Value
C02836,Reem Abdullah,Male,54,Taif,Standard
C02837,Amal Saeed,Female,54,Dammam,Standard
C02838,Reem Al-Qahtani,Male,62,Jeddah,Premium
C02839,Maha Saleh,Female,27,Taif,Standard
C02840,Maha Saleh,Female,45,Jeddah,Premium
C02841,Omar Malik,Male,35,Dammam,Value
C02842,Yousef Ahmed,Female,19,Riyadh,Value
C02843,Huda Yousuf,Female,60,Mecca,Standard
C02844,Amal Ibrahim,Male,47,Dammam,Standard
C02845,Ibrahim Ibrahim,Male,33,Taif,Value
C02846,Khalid Saeed,Male,68,Riyadh,Value
C02847,Nora Ali,Male,27,Taif,Value
C02848,Reem Mahmoud,Female,69,Medina,Standard
C02849,Mohammed Farooq,Male,57,Mecca,Standard
C02850,Reem Hassan,Male,68,Khobar,Standard
C02851,Fatimah Rahman,Female,66,Khobar,Standard
C02852,Ibrahim Rahman,Male,34,Riyadh,Standard
C02853,Saad Al-Qahtani,Female,53,Mecca,Value
C02854,Abdullah Ansari,Male,19,Dammam,Standard
C02855,Amal Ibrahim,Male,65,Mecca,Value
C02856,Nora Rahman,Female,20,Dammam,Standard
C02857,Maryam Hassan,Male,38,Riyadh,Value
C02858,Khalid Ali,Male,54,Medina,Standard
C02859,Huda Ahmed,Female,57,Medina,Standard
C02860,Hassan Hassan,Male,52,Khobar,Value
C02861,Maryam Ibrahim,Female,40,Riyadh,Standard
C02862,Saad Ali,Male,57,Dammam,Value
C02863,Hassan Yousuf,Male,29,Riyadh,Value
C02864,Omar Khan,Male,26,Taif,Standard
C02865,Saad Farooq,Female,52,Khobar,Value
C02866,Nora Mahmoud,Female,61,Riyadh,Value
C02867,Fatimah Abdullah,Male,19,Jeddah,Standard
C02868,Fatimah Farooq,Female,46,Medina,Premium
C02869,Yousef Hassan,Male,51,Riyadh,Standard
C02870,Amal Yousuf,Male,37,Jeddah,Standard
C02871,Mohammed Khan,Female,32,Riyadh,Value
C02872,Nora Farooq,Male,41,Medina,Value
C02873,Yousef Ibrahim,Female,31,Khobar,Standard
C02874,Reem Ansari,Female,39,Mecca,Standard
C02875,Mohammed Saeed,Male,30,Dammam,Value
C02876,Maryam Farooq,Female,21,Dammam,Standard
C02877,Reem Al-Qahtani,Female,33,Medina,Value
C02878,Khalid Yousuf,Female,22,Jeddah,Standard
C02879,Omar Ibrahim,Male,38,Taif,Standard
C02880,Aisha Rahman,Female,48,Dammam,Value
C02881,Lina Farooq,Female,29,Taif,Value
C02882,Khalid Rahman,Female,23,Taif,Value
C02883,Amal Ali,Female,56,Taif,Value
C02884,Mohammed Abdullah,Female,30,Khobar,Standard
C02885,Aisha Yousuf,Female,40,Medina,Standard
C02886,Sara Khan,Female,50,Taif,Standard
C02887,Khalid Mahmoud,Female,24,Riyadh,Standard
C02888,Sara Ali,Male,63,Riyadh,Value
C02889,Abdullah Abdullah,Female,29,Jeddah,Standard
C02890,Nora Malik,Male,53,Khobar,Standard
C02891,Abdullah Ansari,Female,36,Medina,Standard
C02892,Ahmed Ahmed,Male,36,Khobar,Value
C02893,Omar Mahmoud,Male,50,Dammam,Value
C02894,Ahmed Saleh,Female,63,Taif,Standard
C02895,Mohammed Hassan,Male,35,Medina,Standard
C02896,Hassan Yousuf,Male,21,Jeddah,Standard
C02897,Sara Ahmed,Female,44,Khobar,Standard
C02898,Faisal Mahmoud,Female,66,Taif,Value
C02899,Mohammed Ibrahim,Male,28,Dammam,Standard
C02900,Abdullah Rahman,Female,42,Taif,Standard
C02901,Sara Ibrahim,Female,23,Taif,Standard
C02902,Maryam Yousuf,Male,52,Khobar,Standard
C02903,Reem Ahmed,Male,24,Jeddah,Standard
C02904,Maryam Ibrahim,Male,41,Mecca,Standard
C02905,Nora Ali,Male,27,Riyadh,Premium
C02906,Omar Farooq,Female,40,Mecca,Standard
C02907,Hassan Yousuf,Male,56,Khobar,Standard
C02908,Ibrahim Rahman,Female,58,Taif,Standard
C02909,Amal Yousuf,Female,37,Medina,Premium
C02910,Faisal Ahmed,Female,35,Taif,Standard
C02911,Abdullah Saeed,Male,43,Medina,Standard
C02912,Fatimah Rahman,Male,24,Medina,Standard
C02913,Abdullah Abdullah,Male,40,Mecca,Standard
C02914,Omar Ali,Male,23,Dammam,Value
C02915,Abdullah Farooq,Female,63,Jeddah,Standard
C02916,Khalid Abdullah,Female,27,Mecca,Standard
C02917,Hassan Saeed,Male,28,Khobar,Standard
C02918,Huda Khan,Male,51,Jeddah,Standard
C02919,Yousef Ibrahim,Female,50,Medina,Value
C02920,Hassan Ibrahim,Male,30,Medina,Premium
C02921,Maha Ansari,Male,19,Jeddah,Premium
C02922,Maha Saleh,Male,65,Dammam,Standard
C02923,Fatimah Saeed,Male,35,Jeddah,Premium
C02924,Aisha Abdullah,Female,66,Mecca,Standard
C02925,Aisha Yousuf,Male,18,Riyadh,Standard
C02926,Nora Al-Qahtani,Male,25,Medina,Standard
C02927,Lina Ahmed,Male,62,Dammam,Premium
C02928,Lina Saleh,Male,55,Dammam,Standard
C02929,Saad Al-Qahtani,Male,24,Jeddah,Value
C02930,Reem Rahman,Male,64,Taif,Premium
C02931,Nora Farooq,Male,36,Taif,Standard
C02932,Mohammed Ibrahim,Male,35,Taif,Value
C02933,Sara Saeed,Male,64,Mecca,Value
C02934,Nora Khan,Female,40,Medina,Premium
C02935,Lina Ibrahim,Male,60,Taif,Standard
C02936,Ibrahim Saleh,Male,38,Dammam,Premium
C02937,Sara Khan,Male,28,Riyadh,Premium
C02938,Reem Mahmoud,Male,27,Taif,Standard
C02939,Amal Malik,Male,61,Medina,Standard
C02940,Fatimah Farooq,Female,37,Medina,Standard
C02941,Maryam Ibrahim,Female,52,Dammam,Standard
C02942,Maryam Mahmoud,Female,37,Jeddah,Value
C02943,Faisal Al-Qahtani,Female,33,Mecca,Value
C02944,Faisal Ansari,Male,50,Taif,Value
C02945,Khalid Khan,Male,43,Riyadh,Standard
C02946,Abdullah Saeed,Male,70,Taif,Standard
C02947,Maha Hassan,Female,51,Dammam,Standard
C02948,Abdullah Khan,Female,64,Mecca,Value
C02949,Hassan Al-Qahtani,Male,42,Khobar,Standard
C02950,Sara Farooq,Male,47,Dammam,Standard
C02951,Aisha Ansari,Male,51,Riyadh,Value
C02952,Lina Al-Qahtani,Female,53,Taif,Standard
C02953,Mohammed Al-Qahtani,Male,46,Dammam,Standard
C02954,Maha Malik,Male,18,Mecca,Value
C02955,Ibrahim Mahmoud,Female,18,Mecca,Value
C02956,Maryam Abdullah,Female,32,Khobar,Standard
C02957,Khalid Malik,Male,64,Taif,Value
C02958,Omar Saleh,Male,58,Riyadh,Value
C02959,Omar Malik,Male,65,Jeddah,Standard
C02960,Reem Malik,Male,50,Dammam,Standard
C02961,Huda Khan,Male,66,Khobar,Premium
C02962,Sara Saleh,Male,45,Taif,Standard
C02963,Omar Al-Qahtani,Male,36,Jeddah,Value
C02964,Faisal Saleh,Male,29,Riyadh,Standard
C02965,Huda Rahman,Male,50,Taif,Standard
C02966,Faisal Saleh,Male,20,Riyadh,Standard
C02967,Yousef Abdullah,Male,55,Dammam,Standard
C02968,Maha Rahman,Male,64,Taif,Standard
C02969,Maryam Hassan,Female,64,Riyadh,Premium
C02970,Hassan Farooq,Female,41,Medina,Value
C02971,Hassan Saleh,Male,63,Taif,Value
C02972,Ahmed Mahmoud,Male,20,Medina,Standard
C02973,Khalid Yousuf,Female,68,Riyadh,Premium
C02974,Yousef Yousuf,Male,32,Mecca,Premium
C02975,Hassan Ahmed,Female,54,Jeddah,Value
C02976,Ibrahim Ali,Male,45,Riyadh,Value
C02977,Faisal Ansari,Male,66,Dammam,Value
C02978,Reem Rahman,Male,38,Riyadh,Standard
C02979,Yousef Abdullah,Male,35,Taif,Standard
C02980,Hassan Saleh,Male,62,Dammam,Standard
C02981,Ahmed Hassan,Female,28,Medina,Standard
C02982,Ahmed Abdullah,Female,24,Taif,Standard
C02983,Saad Ibrahim,Male,18,Jeddah,Value
C02984,Yousef Mahmoud,Male,36,Dammam,Standard
C02985,Hassan Hassan,Male,65,Jeddah,Value
C02986,Nora Ibrahim,Female,69,Khobar,Standard
C02987,Omar Khan,Female,67,Medina,Standard
C02988,Nora Saleh,Female,38,Riyadh,Standard
C02989,Maryam Mahmoud,Male,33,Riyadh,Standard
C02990,Maha Farooq,Female,55,Khobar,Value
C02991,Mohammed Saeed,Male,46,Dammam,Standard
C02992,Hassan Mahmoud,Male,34,Jeddah,Standard
C02993,Aisha Hassan,Male,26,Riyadh,Standard
C02994,Amal Farooq,Female,57,Riyadh,Standard
C02995,Aisha Malik,Female,33,Jeddah,Value
C02996,Huda Ibrahim,Female,54,Khobar,Standard
C02997,Fatimah Al-Qahtani,Male,27,Medina,Standard
C02998,Faisal Farooq,Female,45,Dammam,Standard
C02999,Yousef Saleh,Male,67,Riyadh,Premium
C03000,Yousef Abdullah,Male,26,Khobar,Premium
C03001,Maryam Ahmed,Male,26,Mecca,Standard
C03002,Fatimah Yousuf,Male,62,Taif,Standard
C03003,Nora Al-Qahtani,Male,48,Riyadh,Standard
C03004,Abdullah Yousuf,Male,47,Jeddah,Standard
C03005,Fatimah Ali,Female,40,Medina,Value
C03006,Aisha Saleh,Female,29,Dammam,Standard
C03007,Hassan Saleh,Male,64,Khobar,Standard
C03008,Ibrahim Farooq,Female,25,Dammam,Premium
C03009,Huda Khan,Female,70,Khobar,Standard
C03010,Faisal Al-Qahtani,Male,24,Khobar,Value
C03011,Sara Hassan,Male,39,Khobar,Standard
C03012,Hassan Yousuf,Female,57,Mecca,Standard
C03013,Abdullah Ali,Male,46,Riyadh,Standard
C03014,Mohammed Mahmoud,Male,23,Taif,Standard
C03015,Ahmed Abdullah,Male,18,Khobar,Value
C03016,Omar Malik,Female,24,Khobar,Standard
C03017,Mohammed Rahman,Male,24,Medina,Value
C03018,Hassan Khan,Male,20,Riyadh,Value
C03019,Faisal Ibrahim,Female,64,Mecca,Standard
C03020,Ahmed Farooq,Female,25,Dammam,Standard
C03021,Lina Abdullah,Female,58,Medina,Standard
C03022,Nora Saeed,Female,40,Khobar,Standard
C03023,Omar Ali,Male,27,Taif,Standard
C03024,Maha Saleh,Male,64,Mecca,Standard
C03025,Sara Farooq,Male,42,Riyadh,Standard
C03026,Maryam Abdullah,Female,36,Jeddah,Premium
C03027,Lina Mahmoud,Male,25,Jeddah,Standard
C03028,Saad Farooq,Female,38,Taif,Value
C03029,Ibrahim Malik,Male,23,Jeddah,Standard
C03030,Khalid Ibrahim,Male,27,Jeddah,Standard
C03031,Omar Abdullah,Male,67,Dammam,Value
C03032,Amal Malik,Male,28,Jeddah,Value
C03033,Nora Farooq,Female,21,Riyadh,Premium
C03034,Maha Al-Qahtani,Male,45,Khobar,Standard
C03035,Hassan Ali,Male,40,Taif,Standard
C03036,Ibrahim Farooq,Male,35,Taif,Standard
C03037,Saad Saleh,Female,35,Medina,Standard
C03038,Abdullah Ali,Male,22,Riyadh,Value
C03039,Lina Yousuf,Male,26,Mecca,Value
C03040,Ahmed Yousuf,Female,62,Riyadh,Premium
C03041,Lina Saleh,Male,65,Khobar,Value
C03042,Mohammed Ali,Male,27,Taif,Premium
C03043,Ibrahim Saeed,Female,34,Riyadh,Value
C03044,Sara Mahmoud,Female,42,Medina,Value
C03045,Reem Ahmed,Male,48,Dammam,Value
C03046,Reem Malik,Female,20,Riyadh,Standard
C03047,Huda Ahmed,Male,51,Khobar,Standard
C03048,Reem Ansari,Male,65,Jeddah,Value
C03049,Ibrahim Rahman,Female,68,Jeddah,Premium
C03050,Reem Saeed,Female,35,Dammam,Premium
C03051,Maryam Ansari,Female,25,Mecca,Standard
C03052,Maha Khan,Male,41,Khobar,Premium
C03053,Reem Abdullah,Female,51,Dammam,Standard
C03054,Maha Al-Qahtani,Male,60,Riyadh,Standard
C03055,Abdullah Al-Qahtani,Female,63,Khobar,Value
C03056,Yousef Ibrahim,Female,44,Jeddah,Standard
C03057,Nora Hassan,Male,48,Jeddah,Standard
C03058,Hassan Yousuf,Male,53,Taif,Standard
C03059,Ibrahim Khan,Male,52,Jeddah,Standard
C03060,Reem Khan,Male,28,Riyadh,Standard
C03061,Ibrahim Ahmed,Female,53,Riyadh,Standard
C03062,Reem Ibrahim,Male,34,Medina,Value
C03063,Amal Saeed,Female,23,Taif,Standard
C03064,Khalid Rahman,Female,37,Medina,Standard
C03065,Ahmed Saleh,Male,47,Taif,Standard
C03066,Reem Ibrahim,Female,39,Medina,Value
C03067,Reem Hassan,Male,27,Taif,Standard
C03068,Ibrahim Ibrahim,Female,33,Jeddah,Standard
C03069,Mohammed Al-Qahtani,Female,69,Jeddah,Value
C03070,Abdullah Mahmoud,Male,19,Taif,Standard
C03071,Amal Malik,Male,34,Jeddah,Value
C03072,Sara Hassan,Male,48,Medina,Standard
C03073,Reem Saleh,Female,39,Dammam,Standard
C03074,Nora Al-Qahtani,Female,33,Khobar,Value
C03075,Lina Saeed,Female,65,Riyadh,Premium
C03076,Maha Saleh,Male,51,Medina,Value
C03077,Fatimah Ansari,Male,53,Medina,Standard
C03078,Faisal Malik,Female,53,Mecca,Value
C03079,Yousef Ibrahim,Male,54,Dammam,Standard
C03080,Nora Al-Qahtani,Female,44,Dammam,Standard
C03081,Fatimah Mahmoud,Female,58,Dammam,Premium
C03082,Ahmed Ali,Male,30,Medina,Standard
C03083,Ibrahim Mahmoud,Male,48,Khobar,Premium
C03084,Ibrahim Mahmoud,Male,30,Khobar,Standard
C03085,Maryam Abdullah,Female,61,Medina,Value
C03086,Omar Saeed,Male,61,Khobar,Standard
C03087,Faisal Ansari,Male,31,Medina,Premium
C03088,Fatimah Mahmoud,Female,27,Khobar,Premium
C03089,Amal Ali,Male,36,Riyadh,Standard
C03090,Amal Malik,Male,31,Riyadh,Standard
C03091,Maha Ali,Male,46,Mecca,Premium
C03092,Maha Al-Qahtani,Male,54,Mecca,Standard
C03093,Lina Al-Qahtani,Male,47,Khobar,Premium
C03094,Hassan Abdullah,Male,35,Khobar,Standard
C03095,Huda Hassan,Male,24,Riyadh,Standard
C03096,Amal Rahman,Female,69,Khobar,Premium
C03097,Abdullah Saeed,Female,62,Taif,Standard
C03098,Ahmed Saeed,Female,41,Mecca,Value
C03099,Faisal Malik,Male,46,Mecca,Standard
C03100,Abdullah Ibrahim,Female,42,Dammam,Premium
C03101,Omar Abdullah,Male,43,Dammam,Premium
C03102,Lina Saleh,Male,70,Khobar,Standard
C03103,Reem Ahmed,Female,33,Mecca,Standard
C03104,Lina Saeed,Male,23,Jeddah,Premium
C03105,Nora Yousuf,Female,70,Taif,Standard
C03106,Ahmed Farooq,Male,20,Jeddah,Premium
C03107,Omar Hassan,Male,45,Khobar,Value
C03108,Mohammed Abdullah,Female,51,Medina,Standard
C03109,Fatimah Ibrahim,Male,50,Khobar,Standard
C03110,Mohammed Khan,Male,43,Medina,Standard
C03111,Khalid Mahmoud,Female,23,Mecca,Value
C03112,Huda Saeed,Male,34,Mecca,Standard
C03113,Nora Al-Qahtani,Female,39,Taif,Standard
C03114,Maha Ahmed,Female,26,Taif,Standard
C03115,Hassan Abdullah,Female,49,Taif,Standard
C03116,Khalid Ibrahim,Female,20,Khobar,Premium
C03117,Mohammed Yousuf,Male,54,Taif,Standard
C03118,Aisha Ansari,Male,39,Jeddah,Standard
C03119,Maha Saleh,Male,63,Riyadh,Standard
C03120,Huda Yousuf,Female,62,Mecca,Value
C03121,Yousef Mahmoud,Male,23,Riyadh,Standard
C03122,Faisal Ansari,Female,20,Mecca,Standard
C03123,Reem Ibrahim,Female,65,Khobar,Value
C03124,Reem Khan,Male,24,Jeddah,Standard
C03125,Mohammed Ahmed,Male,58,Mecca,Premium
C03126,Saad Mahmoud,Female,32,Dammam,Standard
C03127,Omar Hassan,Male,31,Jeddah,Standard
C03128,Ahmed Mahmoud,Female,18,Riyadh,Value
C03129,Hassan Hassan,Male,29,Khobar,Standard
C03130,Hassan Abdullah,Male,59,Jeddah,Premium
C03131,Abdullah Hassan,Female,23,Taif,Premium
C03132,Aisha Ahmed,Male,29,Jeddah,Standard
C03133,Khalid Ansari,Female,55,Riyadh,Value
C03134,Ibrahim Farooq,Male,27,Dammam,Standard
C03135,Reem Al-Qahtani,Female,54,Mecca,Standard
C03136,Lina Farooq,Female,59,Taif,Standard
C03137,Sara Abdullah,Female,45,Dammam,Value
C03138,Amal Ahmed,Male,33,Taif,Standard
C03139,Yousef Ibrahim,Male,66,Riyadh,Value
C03140,Yousef Yousuf,Male,49,Jeddah,Premium
C03141,Omar Abdullah,Male,52,Khobar,Standard
C03142,Amal Malik,Male,69,Mecca,Standard
C03143,Reem Farooq,Male,66,Taif,Standard
C03144,Omar Mahmoud,Male,37,Riyadh,Standard
C03145,Mohammed Ibrahim,Female,27,Taif,Value
C03146,Maha Ansari,Female,48,Dammam,Standard
C03147,Ahmed Yousuf,Female,52,Mecca,Standard
C03148,Abdullah Abdullah,Male,32,Medina,Value
C03149,Sara Saeed,Female,51,Riyadh,Standard
C03150,Khalid Hassan,Male,29,Khobar,Standard
C03151,Khalid Saeed,Male,30,Taif,Value
C03152,Omar Khan,Male,49,Khobar,Standard
C03153,Ibrahim Ansari,Male,19,Mecca,Value
C03154,Yousef Malik,Male,38,Mecca,Standard
C03155,Nora Saleh,Male,45,Medina,Value
C03156,Huda Saleh,Female,29,Medina,Standard
C03157,Faisal Farooq,Male,26,Khobar,Standard
C03158,Yousef Abdullah,Male,64,Riyadh,Standard
C03159,Ibrahim Yousuf,Male,54,Dammam,Standard
C03160,Maryam Ali,Female,38,Riyadh,Premium
C03161,Sara Malik,Female,24,Jeddah,Standard
C03162,Aisha Abdullah,Female,57,Mecca,Standard
C03163,Maha Saleh,Male,58,Mecca,Standard
C03164,Sara Mahmoud,Male,61,Jeddah,Standard
C03165,Amal Saeed,Male,47,Riyadh,Value
C03166,Faisal Ali,Female,34,Riyadh,Standard
C03167,Huda Yousuf,Male,51,Jeddah,Value
C03168,Mohammed Farooq,Male,19,Medina,Premium
C03169,Saad Khan,Female,23,Riyadh,Standard
C03170,Omar Abdullah,Male,45,Mecca,Value
C03171,Ahmed Rahman,Female,54,Medina,Standard
C03172,Huda Ahmed,Male,62,Taif,Standard
C03173,Hassan Ali,Male,22,Jeddah,Premium
C03174,Khalid Mahmoud,Female,57,Dammam,Value
C03175,Amal Al-Qahtani,Male,34,Taif,Standard
C03176,Maryam Mahmoud,Male,54,Jeddah,Value
C03177,Maryam Malik,Male,55,Medina,Standard
C03178,Sara Ansari,Male,41,Medina,Standard
C03179,Fatimah Ahmed,Male,38,Taif,Standard
C03180,Khalid Saeed,Male,66,Jeddah,Standard
C03181,Ibrahim Saeed,Male,51,Jeddah,Value
C03182,Fatimah Malik,Female,49,Riyadh,Premium
C03183,Reem Ansari,Male,26,Jeddah,Standard
C03184,Amal Ibrahim,Female,40,Riyadh,Standard
C03185,Reem Ibrahim,Male,40,Jeddah,Standard
C03186,Maryam Ali,Female,65,Medina,Standard
C03187,Maryam Saleh,Male,67,Taif,Standard
C03188,Ahmed Ansari,Female,53,Khobar,Value
C03189,Faisal Ibrahim,Female,60,Khobar,Value
C03190,Ibrahim Hassan,Female,43,Riyadh,Value
C03191,Omar Hassan,Male,33,Mecca,Standard
C03192,Sara Ali,Male,32,Khobar,Standard
C03193,Saad Hassan,Female,62,Khobar,Standard
C03194,Ahmed Hassan,Male,66,Medina,Standard
C03195,Fatimah Mahmoud,Female,47,Khobar,Value
C03196,Hassan Hassan,Male,55,Taif,Value
C03197,Huda Al-Qahtani,Male,35,Medina,Value
C03198,Sara Hassan,Male,33,Medina,Standard
C03199,Amal Mahmoud,Male,68,Jeddah,Value
C03200,Khalid Yousuf,Male,48,Riyadh,Value
C03201,Mohammed Malik,Female,35,Jeddah,Standard
C03202,Hassan Khan,Male,19,Khobar,Premium
C03203,Ibrahim Abdullah,Female,44,Medina,Standard
C03204,Faisal Ali,Male,46,Mecca,Premium
C03205,Omar Ibrahim,Female,39,Medina,Value
C03206,Yousef Ansari,Male,64,Taif,Standard
C03207,Huda Saeed,Male,42,Taif,Standard
C03208,Sara Malik,Female,50,Jeddah,Standard
C03209,Omar Saleh,Female,32,Taif,Value
C03210,Amal Hassan,Male,39,Taif,Value
C03211,Ahmed Ansari,Male,60,Riyadh,Standard
C03212,Aisha Hassan,Male,26,Mecca,Standard
C03213,Hassan Abdullah,Male,39,Taif,Value
C03214,Khalid Khan,Male,56,Khobar,Standard
C03215,Nora Al-Qahtani,Female,23,Khobar,Value
C03216,Faisal Ali,Male,19,Taif,Premium
C03217,Aisha Ansari,Female,27,Riyadh,Standard
C03218,Amal Yousuf,Female,20,Dammam,Premium
C03219,Khalid Farooq,Female,61,Medina,Value
C03220,Yousef Farooq,Female,32,Dammam,Value
C03221,Saad Mahmoud,Female,24,Medina,Value
C03222,Maryam Khan,Male,20,Riyadh,Standard
C03223,Faisal Abdullah,Male,61,Dammam,Value
C03224,Amal Abdullah,Male,43,Dammam,Value
C03225,Fatimah Khan,Male,40,Mecca,Standard
C03226,Huda Abdullah,Female,46,Khobar,Standard
C03227,Maha Abdullah,Male,56,Jeddah,Standard
C03228,Maha Rahman,Female,62,Khobar,Standard
C03229,Lina Ali,Male,61,Jeddah,Premium
C03230,Omar Hassan,Female,64,Taif,Standard
C03231,Aisha Al-Qahtani,Female,23,Medina,Standard
C03232,Nora Ansari,Male,21,Taif,Standard
C03233,Fatimah Saeed,Female,31,Dammam,Value
C03234,Omar Rahman,Female,58,Dammam,Standard
C03235,Hassan Yousuf,Male,61,Taif,Standard
C03236,Saad Farooq,Female,39,Mecca,Standard
C03237,Amal Yousuf,Female,49,Mecca,Value
C03238,Lina Saleh,Male,47,Taif,Standard
C03239,Khalid Ibrahim,Male,22,Taif,Standard
C03240,Ibrahim Ansari,Female,39,Jeddah,Premium
C03241,Hassan Ansari,Female,32,Medina,Standard
C03242,Sara Mahmoud,Female,39,Dammam,Standard
C03243,Reem Saeed,Female,50,Medina,Standard
C03244,Mohammed Ansari,Male,63,Mecca,Value
C03245,Reem Saeed,Male,65,Taif,Premium
C03246,Huda Ali,Male,51,Dammam,Standard
C03247,Faisal Al-Qahtani,Male,34,Mecca,Standard
C03248,Ibrahim Farooq,Female,33,Dammam,Premium
C03249,Maryam Malik,Male,38,Jeddah,Premium
C03250,Faisal Saeed,Male,20,Dammam,Standard
C03251,Huda Ibrahim,Male,30,Khobar,Standard
C03252,Faisal Mahmoud,Male,50,Riyadh,Standard
C03253,Faisal Abdullah,Male,33,Mecca,Standard
C03254,Sara Khan,Female,42,Taif,Value
C03255,Abdullah Farooq,Male,68,Medina,Standard
C03256,Huda Saeed,Male,53,Khobar,Standard
C03257,Huda Yousuf,Male,64,Jeddah,Premium
C03258,Omar Saeed,Male,50,Riyadh,Premium
C03259,Aisha Ansari,Male,42,Taif,Standard
C03260,Huda Ansari,Male,61,Khobar,Standard
C03261,Reem Ali,Male,48,Taif,Standard
C03262,Mohammed Mahmoud,Female,59,Taif,Standard
C03263,Ibrahim Khan,Male,52,Taif,Value
C03264,Maryam Yousuf,Male,60,Jeddah,Standard
C03265,Aisha Saeed,Female,29,Dammam,Standard
C03266,Aisha Farooq,Female,33,Taif,Standard
C03267,Mohammed Mahmoud,Male,24,Riyadh,Standard
C03268,Saad Hassan,Female,21,Riyadh,Standard
C03269,Sara Khan,Male,28,Taif,Standard
C03270,Lina Farooq,Female,59,Khobar,Standard
C03271,Mohammed Al-Qahtani,Female,39,Riyadh,Standard
C03272,Omar Saleh,Male,20,Mecca,Standard
C03273,Hassan Saeed,Female,47,Khobar,Standard
C03274,Maha Malik,Male,32,Dammam,Standard
C03275,Abdullah Saleh,Female,35,Dammam,Standard
C03276,Ahmed Ansari,Male,39,Khobar,Standard
C03277,Khalid Saeed,Female,55,Medina,Premium
C03278,Ibrahim Farooq,Female,37,Mecca,Value
C03279,Huda Rahman,Male,69,Mecca,Value
C03280,Aisha Hassan,Male,67,Jeddah,Value
C03281,Omar Al-Qahtani,Male,42,Dammam,Standard
C03282,Nora Saleh,Male,70,Mecca,Value
C03283,Sara Abdullah,Female,40,Taif,Standard
C03284,Mohammed Al-Qahtani,Male,62,Dammam,Standard
C03285,Yousef Mahmoud,Male,63,Mecca,Standard
C03286,Reem Hassan,Female,45,Mecca,Standard
C03287,Lina Ahmed,Female,51,Dammam,Value
C03288,Hassan Farooq,Female,51,Taif,Standard
C03289,Hassan Mahmoud,Female,69,Medina,Standard
C03290,Huda Ibrahim,Male,43,Dammam,Standard
C03291,Faisal Al-Qahtani,Male,46,Riyadh,Standard
C03292,Fatimah Al-Qahtani,Female,53,Khobar,Premium
C03293,Saad Abdullah,Male,56,Taif,Premium
C03294,Lina Ali,Female,28,Riyadh,Value
C03295,Ibrahim Malik,Female,45,Riyadh,Standard
C03296,Faisal Ansari,Male,69,Mecca,Value
C03297,Fatimah Saleh,Female,58,Riyadh,Standard
C03298,Fatimah Ahmed,Male,31,Riyadh,Standard
C03299,Mohammed Mahmoud,Male,61,Mecca,Premium
C03300,Hassan Khan,Male,32,Khobar,Value
C03301,Sara Al-Qahtani,Male,55,Khobar,Standard
C03302,Khalid Al-Qahtani,Male,26,Jeddah,Value
C03303,Reem Rahman,Male,27,Khobar,Standard
C03304,Nora Yousuf,Male,57,Medina,Standard
C03305,Ahmed Ali,Female,41,Riyadh,Value
C03306,Saad Saleh,Male,68,Riyadh,Value
C03307,Faisal Ibrahim,Male,42,Medina,Value
C03308,Lina Mahmoud,Female,66,Dammam,Value
C03309,Maryam Ibrahim,Male,40,Taif,Value
C03310,Sara Hassan,Male,52,Dammam,Standard
C03311,Aisha Ali,Male,64,Taif,Standard
C03312,Amal Malik,Female,60,Riyadh,Standard
C03313,Mohammed Ibrahim,Male,43,Jeddah,Value
C03314,Aisha Farooq,Male,49,Jeddah,Standard
C03315,Amal Ansari,Male,25,Taif,Standard
C03316,Nora Malik,Female,25,Dammam,Standard
C03317,Huda Saeed,Male,62,Mecca,Value
C03318,Saad Malik,Male,29,Khobar,Standard
C03319,Sara Yousuf,Female,35,Taif,Value
C03320,Abdullah Ansari,Male,59,Taif,Value
C03321,Hassan Hassan,Female,61,Dammam,Value
C03322,Abdullah Saeed,Male,19,Dammam,Standard
C03323,Mohammed Mahmoud,Male,26,Medina,Standard
C03324,Mohammed Ansari,Male,54,Taif,Value
C03325,Fatimah Abdullah,Male,42,Riyadh,Premium
C03326,Maha Saleh,Female,38,Taif,Value
C03327,Lina Mahmoud,Male,29,Taif,Standard
C03328,Abdullah Ibrahim,Female,55,Medina,Premium
C03329,Omar Al-Qahtani,Male,32,Taif,Standard
C03330,Mohammed Farooq,Male,41,Khobar,Standard
C03331,Maryam Ahmed,Female,38,Dammam,Value
C03332,Nora Ansari,Female,44,Riyadh,Standard
C03333,Maryam Ansari,Female,31,Jeddah,Standard
C03334,Mohammed Saleh,Male,33,Medina,Value
C03335,Faisal Ibrahim,Male,62,Jeddah,Standard
C03336,Ahmed Ahmed,Male,69,Jeddah,Premium
C03337,Fatimah Mahmoud,Male,27,Taif,Standard
C03338,Sara Hassan,Male,23,Riyadh,Standard
C03339,Amal Khan,Female,48,Jeddah,Standard
C03340,Amal Ansari,Female,31,Dammam,Premium
C03341,Saad Yousuf,Female,27,Taif,Standard
C03342,Omar Ansari,Male,39,Medina,Standard
C03343,Amal Saeed,Male,50,Jeddah,Value
C03344,Khalid Al-Qahtani,Female,27,Jeddah,Value
C03345,Sara Malik,Male,64,Riyadh,Value
C03346,Yousef Saeed,Male,28,Mecca,Standard
C03347,Saad Saeed,Male,64,Mecca,Standard
C03348,Nora Ali,Female,18,Medina,Standard
C03349,Lina Saleh,Male,25,Medina,Standard
C03350,Mohammed Malik,Male,50,Mecca,Value
C03351,Fatimah Ali,Female,61,Jeddah,Value
C03352,Sara Saleh,Male,63,Medina,Value
C03353,Amal Ibrahim,Male,50,Medina,Standard
C03354,Amal Farooq,Male,22,Khobar,Standard
C03355,Ahmed Yousuf,Female,26,Jeddah,Premium
C03356,Amal Malik,Female,21,Medina,Standard
C03357,Abdullah Rahman,Female,65,Dammam,Value
C03358,Lina Saleh,Male,40,Jeddah,Standard
C03359,Mohammed Farooq,Male,34,Riyadh,Value
C03360,Sara Khan,Female,56,Khobar,Standard
C03361,Amal Hassan,Male,31,Jeddah,Value
C03362,Sara Hassan,Female,60,Riyadh,Value
C03363,Abdullah Ahmed,Male,57,Mecca,Standard
C03364,Amal Mahmoud,Female,55,Jeddah,Value
C03365,Sara Khan,Male,37,Taif,Value
C03366,Saad Saleh,Male,65,Taif,Value
C03367,Ibrahim Abdullah,Female,38,Mecca,Value
C03368,Faisal Mahmoud,Female,23,Khobar,Standard
C03369,Huda Rahman,Female,55,Medina,Premium
C03370,Amal Al-Qahtani,Male,36,Jeddah,Value
C03371,Nora Saeed,Male,44,Taif,Value
C03372,Huda Abdullah,Male,54,Khobar,Premium
C03373,Hassan Al-Qahtani,Female,19,Medina,Value
C03374,Saad Ibrahim,Female,44,Jeddah,Standard
C03375,Faisal Saeed,Male,30,Mecca,Value
C03376,Maryam Hassan,Female,55,Jeddah,Standard
C03377,Aisha Saeed,Female,45,Dammam,Standard
C03378,Lina Ali,Male,68,Dammam,Standard
C03379,Huda Ansari,Male,53,Taif,Standard
C03380,Reem Saeed,Male,31,Jeddah,Premium
C03381,Lina Hassan,Female,30,Khobar,Standard
C03382,Fatimah Ahmed,Male,39,Taif,Standard
C03383,Ahmed Khan,Female,49,Jeddah,Premium
C03384,Huda Farooq,Male,24,Taif,Standard
C03385,Omar Yousuf,Male,43,Dammam,Standard
C03386,Huda Saeed,Male,64,Medina,Standard
C03387,Abdullah Abdullah,Female,56,Medina,Value
C03388,Khalid Ansari,Male,49,Mecca,Value
C03389,Maryam Ahmed,Female,30,Taif,Premium
C03390,Lina Hassan,Female,27,Riyadh,Standard
C03391,Maha Yousuf,Male,24,Jeddah,Value
C03392,Saad Rahman,Male,20,Riyadh,Value
C03393,Faisal Yousuf,Male,56,Medina,Standard
C03394,Abdullah Saleh,Female,25,Jeddah,Value
C03395,Ahmed Al-Qahtani,Female,21,Khobar,Value
C03396,Aisha Ahmed,Male,56,Taif,Standard
C03397,Reem Mahmoud,Male,20,Khobar,Standard
C03398,Saad Al-Qahtani,Male,63,Dammam,Standard
C03399,Hassan Saleh,Female,58,Medina,Standard
C03400,Amal Yousuf,Male,37,Medina,Standard
C03401,Saad Mahmoud,Male,57,Medina,Standard
C03402,Lina Hassan,Female,35,Khobar,Standard
C03403,Amal Ibrahim,Female,49,Jeddah,Standard
C03404,Lina Malik,Female,34,Khobar,Premium
C03405,Hassan Malik,Male,47,Dammam,Standard
C03406,Sara Saeed,Female,50,Medina,Standard
C03407,Fatimah Farooq,Male,24,Jeddah,Standard
C03408,Lina Farooq,Female,24,Dammam,Standard
C03409,Sara Rahman,Male,51,Medina,Value
C03410,Ahmed Mahmoud,Male,28,Jeddah,Standard
C03411,Reem Rahman,Male,33,Khobar,Standard
C03412,Khalid Ali,Female,68,Jeddah,Premium
C03413,Abdullah Saeed,Female,22,Taif,Standard
C03414,Ibrahim Farooq,Male,69,Riyadh,Standard
C03415,Hassan Yousuf,Male,56,Khobar,Standard
C03416,Abdullah Ali,Male,30,Medina,Standard
C03417,Sara Ali,Male,22,Medina,Value
C03418,Hassan Ali,Male,44,Dammam,Value
C03419,Huda Khan,Female,51,Mecca,Standard
C03420,Ahmed Ansari,Male,21,Taif,Value
C03421,Ahmed Rahman,Female,39,Mecca,Value
C03422,Faisal Saleh,Male,59,Jeddah,Standard
C03423,Amal Farooq,Female,19,Taif,Value
C03424,Ibrahim Ansari,Male,31,Jeddah,Value
C03425,Reem Saeed,Female,66,Jeddah,Standard
C03426,Amal Saeed,Male,29,Riyadh,Value
C03427,Mohammed Ahmed,Male,41,Jeddah,Standard
C03428,Abdullah Saleh,Male,45,Khobar,Standard
C03429,Khalid Ansari,Male,59,Dammam,Standard
C03430,Faisal Ahmed,Male,65,Mecca,Standard
C03431,Maha Farooq,Male,53,Jeddah,Standard
C03432,Maryam Mahmoud,Male,50,Medina,Premium
C03433,Ibrahim Malik,Male,61,Mecca,Standard
C03434,Hassan Ali,Female,43,Medina,Value
C03435,Faisal Mahmoud,Male,49,Dammam,Value
C03436,Huda Mahmoud,Female,35,Khobar,Premium
C03437,Lina Khan,Male,40,Medina,Standard
C03438,Amal Ali,Male,48,Jeddah,Standard
C03439,Maha Yousuf,Male,27,Khobar,Standard
C03440,Ibrahim Khan,Male,65,Khobar,Value
C03441,Faisal Al-Qahtani,Male,36,Medina,Standard
C03442,Hassan Yousuf,Female,33,Mecca,Standard
C03443,Abdullah Hassan,Male,70,Medina,Standard
C03444,Aisha Ahmed,Male,18,Taif,Value
C03445,Ahmed Saleh,Male,20,Jeddah,Standard
C03446,Ibrahim Saleh,Male,57,Medina,Value
C03447,Omar Ahmed,Male,32,Medina,Value
C03448,Sara Ahmed,Male,47,Mecca,Standard
C03449,Maha Saleh,Male,24,Taif,Standard
C03450,Fatimah Farooq,Male,25,Riyadh,Premium
C03451,Reem Rahman,Female,22,Khobar,Standard
C03452,Khalid Ansari,Female,30,Dammam,Value
C03453,Fatimah Yousuf,Male,43,Jeddah,Standard
C03454,Aisha Farooq,Female,27,Taif,Value
C03455,Lina Saleh,Female,21,Riyadh,Standard
C03456,Huda Yousuf,Male,65,Khobar,Value
C03457,Ahmed Ahmed,Male,32,Riyadh,Standard
C03458,Reem Saeed,Female,60,Mecca,Standard
C03459,Khalid Malik,Female,66,Riyadh,Standard
C03460,Reem Hassan,Male,48,Medina,Standard
C03461,Amal Ansari,Male,43,Mecca,Standard
C03462,Maryam Khan,Female,34,Riyadh,Value
C03463,Maryam Khan,Female,69,Taif,Premium
C03464,Ibrahim Hassan,Female,53,Dammam,Value
C03465,Ahmed Khan,Male,68,Dammam,Premium
C03466,Hassan Abdullah,Male,35,Riyadh,Value
C03467,Abdullah Hassan,Male,58,Mecca,Value
C03468,Amal Ibrahim,Female,65,Taif,Standard
C03469,Nora Ali,Female,58,Khobar,Standard
C03470,Saad Ali,Male,21,Khobar,Standard
C03471,Omar Saeed,Male,52,Riyadh,Value
C03472,Lina Abdullah,Male,29,Riyadh,Premium
C03473,Fatimah Ansari,Male,30,Dammam,Premium
C03474,Huda Saleh,Male,62,Jeddah,Value
C03475,Faisal Yousuf,Male,44,Jeddah,Standard
C03476,Nora Abdullah,Female,23,Jeddah,Value
C03477,Sara Saleh,Male,61,Khobar,Standard
C03478,Khalid Al-Qahtani,Female,46,Medina,Standard
C03479,Reem Hassan,Male,36,Khobar,Premium
C03480,Maha Hassan,Male,36,Medina,Standard
C03481,Maha Malik,Male,70,Jeddah,Premium
C03482,Reem Yousuf,Male,24,Dammam,Standard
C03483,Faisal Hassan,Male,50,Riyadh,Standard
C03484,Faisal Saeed,Female,21,Khobar,Premium
C03485,Abdullah Mahmoud,Male,40,Riyadh,Value
C03486,Amal Ali,Female,28,Mecca,Value
C03487,Hassan Malik,Female,66,Taif,Standard
C03488,Reem Farooq,Female,38,Medina,Value
C03489,Sara Malik,Male,20,Jeddah,Standard
C03490,Lina Al-Qahtani,Male,35,Taif,Value
C03491,Saad Ali,Male,57,Khobar,Premium
C03492,Hassan Malik,Male,63,Taif,Value
C03493,Saad Saeed,Male,66,Mecca,Standard
C03494,Omar Abdullah,Male,23,Taif,Value
C03495,Abdullah Mahmoud,Male,64,Medina,Standard
C03496,Lina Al-Qahtani,Male,24,Taif,Standard
C03497,Maha Khan,Female,21,Khobar,Standard
C03498,Sara Mahmoud,Male,43,Jeddah,Value
C03499,Hassan Hassan,Male,56,Mecca,Value
C03500,Faisal Mahmoud,Female,50,Mecca,Standard
C03501,Aisha Ali,Male,20,Jeddah,Standard
C03502,Yousef Saeed,Female,53,Khobar,Standard
C03503,Lina Saeed,Male,47,Medina,Premium
C03504,Saad Yousuf,Female,45,Riyadh,Premium
C03505,Fatimah Farooq,Male,22,Mecca,Standard
C03506,Huda Ansari,Male,26,Taif,Standard
C03507,Reem Khan,Male,51,Mecca,Value
C03508,Hassan Farooq,Male,36,Medina,Value
C03509,Maha Ansari,Male,62,Mecca,Premium
C03510,Hassan Al-Qahtani,Male,69,Mecca,Standard
C03511,Faisal Saleh,Female,52,Jeddah,Standard
C03512,Ahmed Ali,Male,52,Jeddah,Standard
C03513,Fatimah Mahmoud,Female,57,Taif,Standard
C03514,Reem Yousuf,Male,31,Taif,Standard
C03515,Yousef Saeed,Female,36,Riyadh,Standard
C03516,Mohammed Ansari,Male,65,Jeddah,Value
C03517,Faisal Al-Qahtani,Female,63,Jeddah,Value
C03518,Reem Yousuf,Male,27,Mecca,Standard
C03519,Fatimah Yousuf,Male,49,Riyadh,Premium
C03520,Khalid Al-Qahtani,Male,49,Mecca,Standard
C03521,Omar Saleh,Female,47,Riyadh,Value
C03522,Reem Khan,Male,35,Taif,Premium
C03523,Omar Ali,Female,56,Jeddah,Standard
C03524,Yousef Malik,Male,43,Medina,Standard
C03525,Aisha Malik,Male,29,Jeddah,Standard
C03526,Mohammed Ahmed,Male,46,Dammam,Standard
C03527,Huda Mahmoud,Male,33,Riyadh,Standard
C03528,Saad Abdullah,Male,46,Khobar,Standard
C03529,Maha Yousuf,Male,42,Medina,Premium
C03530,Maryam Ansari,Female,62,Khobar,Value
C03531,Abdullah Abdullah,Male,22,Khobar,Premium
C03532,Hassan Saeed,Female,61,Medina,Premium
C03533,Ibrahim Khan,Male,54,Dammam,Standard
C03534,Huda Ansari,Male,33,Khobar,Standard
C03535,Hassan Ibrahim,Male,47,Riyadh,Standard
C03536,Aisha Ibrahim,Female,67,Riyadh,Standard
C03537,Mohammed Abdullah,Female,69,Taif,Standard
C03538,Nora Yousuf,Male,28,Medina,Standard
C03539,Ahmed Abdullah,Female,22,Mecca,Value
C03540,Amal Ibrahim,Male,38,Medina,Standard
C03541,Lina Farooq,Female,28,Khobar,Value
C03542,Aisha Saleh,Male,52,Riyadh,Value
C03543,Ibrahim Al-Qahtani,Male,34,Taif,Standard
C03544,Ahmed Malik,Male,27,Jeddah,Standard
C03545,Maha Mahmoud,Male,68,Riyadh,Standard
C03546,Amal Mahmoud,Female,47,Mecca,Premium
C03547,Hassan Rahman,Female,28,Medina,Value
C03548,Maha Ali,Female,40,Riyadh,Value
C03549,Lina Khan,Male,62,Riyadh,Value
C03550,Omar Saleh,Female,26,Riyadh,Standard
C03551,Mohammed Ahmed,Female,40,Jeddah,Standard
C03552,Fatimah Ali,Male,66,Khobar,Standard
C03553,Ibrahim Abdullah,Male,45,Taif,Premium
C03554,Maryam Ahmed,Male,32,Medina,Standard
C03555,Reem Ibrahim,Male,56,Riyadh,Standard
C03556,Lina Mahmoud,Male,41,Jeddah,Premium
C03557,Amal Al-Qahtani,Female,55,Riyadh,Standard
C03558,Fatimah Ali,Female,36,Dammam,Standard
C03559,Sara Ansari,Female,27,Jeddah,Value
C03560,Yousef Malik,Female,64,Jeddah,Standard
C03561,Maryam Saleh,Male,40,Riyadh,Standard
C03562,Ibrahim Abdullah,Male,31,Medina,Standard
C03563,Reem Khan,Male,47,Riyadh,Standard
C03564,Amal Saeed,Female,28,Khobar,Standard
C03565,Maryam Abdullah,Male,46,Mecca,Standard
C03566,Saad Rahman,Female,43,Medina,Value
C03567,Omar Farooq,Female,57,Riyadh,Standard
C03568,Amal Saeed,Male,56,Khobar,Standard
C03569,Ahmed Mahmoud,Male,47,Khobar,Value
C03570,Yousef Ansari,Female,21,Taif,Value
C03571,Hassan Yousuf,Female,41,Taif,Value
C03572,Faisal Ahmed,Female,46,Mecca,Standard
C03573,Omar Ali,Male,52,Jeddah,Value
C03574,Reem Yousuf,Male,38,Taif,Standard
C03575,Aisha Khan,Female,37,Dammam,Value
C03576,Mohammed Khan,Male,50,Dammam,Standard
C03577,Huda Ali,Male,67,Mecca,Standard
C03578,Faisal Farooq,Female,69,Taif,Standard
C03579,Amal Ansari,Male,30,Mecca,Premium
C03580,Reem Mahmoud,Female,61,Mecca,Value
C03581,Ahmed Rahman,Female,70,Mecca,Standard
C03582,Yousef Ahmed,Male,67,Taif,Standard
C03583,Lina Khan,Female,22,Jeddah,Standard
C03584,Huda Malik,Female,51,Dammam,Value
C03585,Mohammed Farooq,Female,44,Medina,Standard
C03586,Ibrahim Mahmoud,Female,47,Medina,Standard
C03587,Faisal Ibrahim,Male,45,Khobar,Standard
C03588,Amal Rahman,Female,35,Jeddah,Standard
C03589,Aisha Yousuf,Male,18,Taif,Standard
C03590,Lina Farooq,Female,57,Medina,Value
C03591,Yousef Saeed,Male,21,Mecca,Standard
C03592,Ibrahim Mahmoud,Male,41,Khobar,Standard
C03593,Reem Mahmoud,Female,30,Mecca,Standard
C03594,Huda Ali,Male,66,Dammam,Standard
C03595,Nora Yousuf,Female,56,Mecca,Standard
C03596,Saad Khan,Female,30,Khobar,Standard
C03597,Amal Mahmoud,Male,66,Taif,Standard
C03598,Faisal Abdullah,Male,53,Riyadh,Standard
C03599,Faisal Ali,Female,35,Khobar,Premium
C03600,Ahmed Al-Qahtani,Male,64,Dammam,Premium
C03601,Abdullah Farooq,Male,45,Taif,Premium
C03602,Ahmed Ali,Male,64,Dammam,Standard
C03603,Nora Ahmed,Female,61,Medina,Standard
C03604,Omar Ahmed,Female,55,Mecca,Standard
C03605,Ibrahim Malik,Male,29,Dammam,Standard
C03606,Lina Khan,Female,27,Jeddah,Standard
C03607,Nora Al-Qahtani,Female,23,Medina,Premium
C03608,Sara Ali,Male,68,Khobar,Standard
C03609,Nora Hassan,Male,46,Taif,Premium
C03610,Reem Saeed,Male,53,Medina,Premium
C03611,Abdullah Malik,Female,49,Khobar,Standard
C03612,Ibrahim Al-Qahtani,Male,24,Mecca,Premium
C03613,Saad Hassan,Male,68,Taif,Premium
C03614,Ibrahim Farooq,Male,21,Taif,Standard
C03615,Lina Saeed,Male,43,Khobar,Standard
C03616,Saad Malik,Female,50,Riyadh,Standard
C03617,Nora Ansari,Male,49,Khobar,Value
C03618,Mohammed Rahman,Female,32,Mecca,Standard
C03619,Abdullah Ansari,Female,60,Dammam,Premium
C03620,Maha Hassan,Male,56,Jeddah,Value
C03621,Maha Ansari,Male,19,Medina,Premium
C03622,Abdullah Al-Qahtani,Male,62,Medina,Standard
C03623,Khalid Rahman,Male,41,Taif,Standard
C03624,Hassan Ibrahim,Female,66,Khobar,Premium
C03625,Ibrahim Mahmoud,Female,51,Medina,Standard
C03626,Hassan Malik,Male,48,Riyadh,Standard
C03627,Khalid Saeed,Female,21,Taif,Standard
C03628,Sara Rahman,Male,67,Khobar,Value
C03629,Amal Yousuf,Female,42,Mecca,Standard
C03630,Faisal Ahmed,Male,54,Medina,Value
C03631,Huda Mahmoud,Male,32,Medina,Standard
C03632,Amal Saleh,Male,70,Khobar,Standard
C03633,Huda Ansari,Female,34,Taif,Standard
C03634,Mohammed Ahmed,Female,19,Medina,Value
C03635,Reem Al-Qahtani,Female,66,Dammam,Value
C03636,Maha Malik,Male,42,Dammam,Value
C03637,Yousef Abdullah,Male,36,Mecca,Standard
C03638,Abdullah Saeed,Male,45,Dammam,Value
C03639,Nora Ali,Male,57,Mecca,Standard
C03640,Nora Saleh,Female,30,Mecca,Value
C03641,Maha Saleh,Male,24,Riyadh,Value
C03642,Amal Farooq,Female,58,Dammam,Value
C03643,Ahmed Al-Qahtani,Female,28,Mecca,Premium
C03644,Faisal Saeed,Male,20,Jeddah,Standard
C03645,Omar Malik,Male,68,Mecca,Standard
C03646,Ahmed Rahman,Male,38,Khobar,Standard
C03647,Maryam Ali,Male,48,Khobar,Standard
C03648,Yousef Saeed,Male,45,Dammam,Standard
C03649,Maryam Mahmoud,Male,37,Dammam,Standard
C03650,Reem Al-Qahtani,Male,69,Jeddah,Value
C03651,Omar Farooq,Female,49,Riyadh,Value
C03652,Fatimah Saeed,Male,49,Medina,Value
C03653,Nora Mahmoud,Female,49,Khobar,Standard
C03654,Amal Farooq,Male,34,Riyadh,Standard
C03655,Sara Ibrahim,Female,37,Riyadh,Standard
C03656,Reem Al-Qahtani,Male,46,Riyadh,Standard
C03657,Yousef Ibrahim,Female,42,Medina,Standard
C03658,Amal Ansari,Female,32,Dammam,Standard
C03659,Nora Hassan,Male,55,Medina,Standard
C03660,Yousef Saeed,Female,38,Khobar,Value
C03661,Sara Hassan,Female,27,Jeddah,Premium
C03662,Yousef Ahmed,Female,70,Dammam,Value
C03663,Ibrahim Saleh,Female,51,Riyadh,Value
C03664,Nora Saeed,Female,26,Khobar,Value
C03665,Faisal Ansari,Male,49,Dammam,Standard
C03666,Maryam Ibrahim,Male,60,Mecca,Value
C03667,Abdullah Yousuf,Female,19,Mecca,Standard
C03668,Maha Farooq,Male,70,Mecca,Premium
C03669,Hassan Ibrahim,Male,22,Jeddah,Standard
C03670,Yousef Al-Qahtani,Female,24,Dammam,Value
C03671,Omar Saleh,Female,34,Riyadh,Standard
C03672,Nora Khan,Male,62,Mecca,Standard
C03673,Sara Khan,Female,37,Dammam,Value
C03674,Yousef Farooq,Male,62,Riyadh,Value
C03675,Omar Ansari,Female,37,Riyadh,Standard
C03676,Aisha Rahman,Female,59,Riyadh,Standard
C03677,Ahmed Abdullah,Female,39,Riyadh,Standard
C03678,Amal Ibrahim,Male,29,Dammam,Value
C03679,Maha Hassan,Male,47,Riyadh,Standard
C03680,Mohammed Farooq,Female,66,Mecca,Standard
C03681,Yousef Rahman,Male,32,Jeddah,Value
C03682,Abdullah Yousuf,Female,63,Medina,Standard
C03683,Omar Yousuf,Female,51,Riyadh,Standard
C03684,Nora Ahmed,Female,69,Mecca,Standard
C03685,Saad Malik,Female,21,Mecca,Standard
C03686,Huda Mahmoud,Male,46,Medina,Premium
C03687,Ibrahim Ahmed,Female,30,Taif,Value
C03688,Sara Hassan,Female,34,Taif,Standard
C03689,Lina Mahmoud,Male,69,Dammam,Standard
C03690,Khalid Farooq,Male,52,Khobar,Standard
C03691,Aisha Ahmed,Female,48,Khobar,Premium
C03692,Lina Ahmed,Male,29,Mecca,Premium
C03693,Mohammed Yousuf,Male,63,Khobar,Standard
C03694,Huda Ibrahim,Male,24,Taif,Value
C03695,Maryam Ansari,Male,51,Taif,Standard
C03696,Reem Khan,Male,44,Taif,Standard
C03697,Aisha Khan,Male,65,Medina,Standard
C03698,Fatimah Ahmed,Male,34,Riyadh,Value
C03699,Aisha Abdullah,Male,55,Taif,Standard
C03700,Maryam Malik,Male,31,Dammam,Value
C03701,Maha Abdullah,Male,57,Jeddah,Value
C03702,Hassan Hassan,Male,53,Khobar,Standard
C03703,Abdullah Hassan,Male,24,Taif,Standard
C03704,Nora Malik,Male,20,Mecca,Standard
C03705,Maryam Farooq,Male,21,Mecca,Standard
C03706,Saad Ahmed,Male,47,Jeddah,Standard
C03707,Sara Ali,Male,65,Riyadh,Standard
C03708,Abdullah Hassan,Female,36,Medina,Standard
C03709,Fatimah Ansari,Female,34,Dammam,Standard
C03710,Sara Ibrahim,Female,62,Mecca,Standard
C03711,Maryam Ibrahim,Female,64,Medina,Premium
C03712,Amal Khan,Male,56,Riyadh,Value
C03713,Maryam Al-Qahtani,Female,52,Khobar,Standard
C03714,Saad Ali,Female,62,Khobar,Standard
C03715,Mohammed Ali,Male,18,Jeddah,Value
C03716,Ahmed Abdullah,Male,52,Taif,Value
C03717,Ibrahim Al-Qahtani,Male,20,Riyadh,Premium
C03718,Khalid Ali,Male,36,Khobar,Standard
C03719,Hassan Rahman,Male,24,Mecca,Value
C03720,Saad Malik,Female,63,Dammam,Premium
C03721,Ibrahim Ahmed,Male,22,Riyadh,Standard
C03722,Omar Ansari,Male,67,Jeddah,Value
C03723,Reem Saeed,Male,22,Riyadh,Standard
C03724,Amal Khan,Female,34,Khobar,Standard
C03725,Abdullah Yousuf,Male,22,Jeddah,Standard
C03726,Fatimah Ali,Female,67,Dammam,Standard
C03727,Ibrahim Saeed,Male,61,Jeddah,Value
C03728,Ibrahim Saeed,Male,41,Mecca,Standard
C03729,Abdullah Ali,Male,39,Mecca,Standard
C03730,Huda Al-Qahtani,Female,34,Dammam,Standard
C03731,Reem Rahman,Female,65,Khobar,Value
C03732,Yousef Rahman,Male,69,Taif,Value
C03733,Ibrahim Ansari,Male,48,Dammam,Value
C03734,Yousef Ali,Female,29,Dammam,Standard
C03735,Fatimah Ansari,Male,34,Khobar,Value
C03736,Yousef Hassan,Male,35,Jeddah,Standard
C03737,Hassan Mahmoud,Male,68,Jeddah,Premium
C03738,Hassan Khan,Male,56,Dammam,Standard
C03739,Khalid Abdullah,Male,19,Khobar,Value
C03740,Omar Yousuf,Male,60,Medina,Premium
C03741,Ibrahim Abdullah,Male,29,Riyadh,Standard
C03742,Maryam Khan,Male,31,Taif,Standard
C03743,Huda Al-Qahtani,Female,59,Riyadh,Standard
C03744,Maha Ahmed,Male,46,Riyadh,Standard
C03745,Ahmed Malik,Female,63,Taif,Standard
C03746,Sara Mahmoud,Male,63,Mecca,Standard
C03747,Huda Hassan,Male,68,Mecca,Standard
C03748,Amal Al-Qahtani,Female,25,Dammam,Standard
C03749,Omar Ali,Male,49,Dammam,Premium
C03750,Omar Hassan,Female,24,Khobar,Standard
C03751,Mohammed Saeed,Male,58,Jeddah,Standard
C03752,Huda Mahmoud,Female,36,Medina,Standard
C03753,Faisal Farooq,Male,68,Khobar,Standard
C03754,Mohammed Hassan,Male,35,Medina,Premium
C03755,Maha Malik,Male,35,Taif,Value
C03756,Lina Rahman,Female,63,Medina,Value
C03757,Hassan Abdullah,Male,32,Medina,Standard
C03758,Ahmed Yousuf,Male,53,Taif,Standard
C03759,Saad Yousuf,Male,40,Medina,Standard
C03760,Aisha Malik,Male,18,Riyadh,Premium
C03761,Omar Al-Qahtani,Female,59,Medina,Standard
C03762,Ahmed Saeed,Male,28,Medina,Standard
C03763,Maryam Ansari,Male,30,Taif,Standard
C03764,Fatimah Ibrahim,Female,44,Riyadh,Premium
C03765,Saad Ansari,Male,27,Riyadh,Standard
C03766,Ibrahim Malik,Male,54,Taif,Value
C03767,Fatimah Hassan,Male,60,Riyadh,Value
C03768,Lina Ahmed,Female,69,Dammam,Standard
C03769,Omar Saeed,Female,66,Khobar,Standard
C03770,Ibrahim Khan,Female,56,Khobar,Standard
C03771,Mohammed Abdullah,Male,23,Taif,Value
C03772,Mohammed Khan,Female,50,Taif,Standard
C03773,Hassan Al-Qahtani,Male,54,Dammam,Value
C03774,Yousef Yousuf,Female,55,Taif,Standard
C03775,Sara Khan,Male,38,Khobar,Standard
C03776,Fatimah Al-Qahtani,Male,40,Dammam,Standard
C03777,Yousef Mahmoud,Male,68,Khobar,Standard
C03778,Sara Farooq,Male,19,Dammam,Standard
C03779,Nora Malik,Male,64,Jeddah,Value
C03780,Huda Mahmoud,Male,67,Taif,Value
C03781,Khalid Ibrahim,Male,55,Mecca,Value
C03782,Yousef Ansari,Female,31,Riyadh,Standard
C03783,Huda Ansari,Male,52,Jeddah,Standard
C03784,Nora Malik,Female,24,Taif,Premium
C03785,Huda Abdullah,Female,21,Taif,Standard
C03786,Lina Ansari,Female,41,Mecca,Standard
C03787,Reem Rahman,Male,21,Riyadh,Premium
C03788,Maryam Malik,Male,21,Khobar,Standard
C03789,Aisha Ansari,Male,33,Dammam,Value
C03790,Nora Ibrahim,Female,69,Khobar,Value
C03791,Ahmed Malik,Male,59,Mecca,Standard
C03792,Fatimah Ibrahim,Male,33,Mecca,Value
C03793,Maha Rahman,Female,39,Medina,Premium
C03794,Lina Yousuf,Male,67,Mecca,Value
C03795,Huda Ahmed,Female,59,Taif,Value
C03796,Aisha Ibrahim,Female,70,Medina,Value
C03797,Huda Hassan,Female,23,Khobar,Premium
C03798,Mohammed Mahmoud,Male,32,Taif,Standard
C03799,Hassan Ibrahim,Male,65,Jeddah,Premium
C03800,Aisha Yousuf,Male,68,Dammam,Standard
C03801,Khalid Khan,Female,55,Jeddah,Value
C03802,Ahmed Malik,Male,60,Dammam,Value
C03803,Reem Rahman,Male,30,Khobar,Standard
C03804,Maryam Al-Qahtani,Female,33,Khobar,Value
C03805,Reem Saleh,Male,69,Dammam,Standard
C03806,Nora Yousuf,Female,55,Khobar,Standard
C03807,Saad Malik,Female,60,Dammam,Standard
C03808,Lina Abdullah,Male,70,Jeddah,Standard
C03809,Omar Ahmed,Male,31,Medina,Standard
C03810,Lina Al-Qahtani,Female,54,Riyadh,Value
C03811,Sara Yousuf,Male,59,Dammam,Standard
C03812,Lina Rahman,Female,69,Dammam,Standard
C03813,Khalid Abdullah,Male,42,Mecca,Value
C03814,Fatimah Ansari,Female,50,Taif,Standard
C03815,Ahmed Khan,Male,59,Taif,Value
C03816,Aisha Rahman,Male,65,Medina,Standard
C03817,Sara Hassan,Male,65,Dammam,Standard
C03818,Lina Mahmoud,Male,48,Riyadh,Standard
C03819,Sara Ibrahim,Male,25,Dammam,Standard
C03820,Ibrahim Ali,Female,35,Riyadh,Value
C03821,Maha Ibrahim,Female,29,Medina,Standard
C03822,Sara Khan,Male,30,Medina,Standard
C03823,Huda Saeed,Female,63,Jeddah,Standard
C03824,Mohammed Rahman,Female,32,Mecca,Standard
C03825,Khalid Ibrahim,Female,36,Medina,Standard
C03826,Khalid Ibrahim,Male,27,Taif,Premium
C03827,Mohammed Khan,Female,52,Taif,Value
C03828,Aisha Saeed,Male,45,Medina,Premium
C03829,Abdullah Ibrahim,Male,61,Taif,Value
C03830,Yousef Malik,Male,23,Jeddah,Standard
C03831,Ibrahim Mahmoud,Male,65,Medina,Standard
C03832,Sara Saleh,Male,27,Mecca,Value
C03833,Fatimah Khan,Female,54,Jeddah,Standard
C03834,Mohammed Farooq,Male,48,Jeddah,Value
C03835,Omar Saeed,Female,40,Taif,Value
C03836,Khalid Yousuf,Male,33,Dammam,Value
C03837,Saad Yousuf,Male,58,Medina,Value
C03838,Fatimah Rahman,Female,70,Mecca,Standard
C03839,Saad Yousuf,Female,18,Khobar,Standard
C03840,Aisha Al-Qahtani,Male,26,Mecca,Premium
C03841,Ibrahim Khan,Male,42,Mecca,Standard
C03842,Omar Saleh,Male,37,Riyadh,Premium
C03843,Khalid Ahmed,Female,60,Riyadh,Value
C03844,Maha Mahmoud,Male,23,Mecca,Standard
C03845,Mohammed Al-Qahtani,Male,28,Khobar,Value
C03846,Yousef Farooq,Male,50,Riyadh,Standard
C03847,Aisha Malik,Female,58,Medina,Value
C03848,Saad Ansari,Female,38,Mecca,Standard
C03849,Hassan Saleh,Male,50,Medina,Value
C03850,Saad Hassan,Female,24,Taif,Value
C03851,Saad Khan,Male,35,Mecca,Value
C03852,Maha Rahman,Male,66,Dammam,Value
C03853,Khalid Abdullah,Female,55,Khobar,Standard
C03854,Faisal Abdullah,Male,63,Khobar,Standard
C03855,Saad Ali,Male,30,Jeddah,Value
C03856,Aisha Malik,Male,34,Riyadh,Value
C03857,Saad Ali,Male,56,Medina,Standard
C03858,Ahmed Ali,Female,47,Taif,Premium
C03859,Saad Rahman,Male,32,Jeddah,Standard
C03860,Hassan Rahman,Male,44,Mecca,Premium
C03861,Ahmed Hassan,Male,32,Medina,Value
C03862,Mohammed Ibrahim,Female,24,Mecca,Value
C03863,Ahmed Saleh,Male,61,Mecca,Value
C03864,Abdullah Farooq,Male,53,Riyadh,Value
C03865,Fatimah Hassan,Female,67,Riyadh,Standard
C03866,Faisal Mahmoud,Male,39,Medina,Value
C03867,Lina Ali,Male,29,Medina,Standard
C03868,Lina Ali,Male,36,Khobar,Value
C03869,Saad Abdullah,Female,25,Riyadh,Standard
C03870,Mohammed Farooq,Female,44,Medina,Value
C03871,Nora Rahman,Male,53,Riyadh,Value
C03872,Huda Mahmoud,Male,20,Dammam,Standard
C03873,Maha Ansari,Male,63,Mecca,Premium
C03874,Mohammed Ansari,Male,39,Mecca,Value
C03875,Huda Farooq,Female,45,Jeddah,Premium
C03876,Amal Yousuf,Male,65,Jeddah,Value
C03877,Saad Abdullah,Female,21,Jeddah,Standard
C03878,Ahmed Al-Qahtani,Female,32,Taif,Standard
C03879,Saad Ali,Female,24,Mecca,Value
C03880,Reem Farooq,Female,25,Medina,Standard
C03881,Omar Mahmoud,Male,64,Taif,Value
C03882,Mohammed Saleh,Female,23,Taif,Standard
C03883,Hassan Rahman,Male,61,Taif,Premium
C03884,Maryam Ibrahim,Male,43,Jeddah,Standard
C03885,Omar Abdullah,Female,18,Riyadh,Value
C03886,Nora Saleh,Male,54,Taif,Value
C03887,Omar Al-Qahtani,Male,58,Mecca,Premium
C03888,Saad Ali,Male,49,Jeddah,Value
C03889,Abdullah Malik,Male,67,Khobar,Value
C03890,Mohammed Rahman,Male,69,Mecca,Standard
C03891,Reem Al-Qahtani,Male,35,Riyadh,Standard
C03892,Mohammed Mahmoud,Female,54,Jeddah,Standard
C03893,Abdullah Ibrahim,Male,53,Dammam,Standard
C03894,Aisha Saeed,Female,41,Riyadh,Standard
C03895,Saad Abdullah,Male,58,Jeddah,Standard
C03896,Amal Yousuf,Male,48,Jeddah,Standard
C03897,Omar Rahman,Female,44,Riyadh,Standard
C03898,Abdullah Saleh,Female,39,Taif,Standard
C03899,Amal Mahmoud,Male,61,Mecca,Standard
C03900,Fatimah Khan,Female,47,Jeddah,Value
C03901,Abdullah Yousuf,Male,26,Medina,Standard
C03902,Hassan Khan,Male,29,Medina,Premium
C03903,Yousef Abdullah,Male,62,Jeddah,Standard
C03904,Fatimah Ibrahim,Male,43,Dammam,Standard
C03905,Omar Malik,Male,57,Medina,Standard
C03906,Maryam Ansari,Female,53,Taif,Standard
C03907,Saad Abdullah,Female,65,Mecca,Standard
C03908,Aisha Khan,Male,51,Dammam,Value
C03909,Khalid Hassan,Female,21,Riyadh,Standard
C03910,Amal Yousuf,Female,44,Jeddah,Standard
C03911,Ibrahim Farooq,Male,27,Mecca,Premium
C03912,Yousef Ibrahim,Male,31,Dammam,Standard
C03913,Faisal Al-Qahtani,Female,32,Medina,Value
C03914,Maryam Yousuf,Male,22,Dammam,Standard
C03915,Ibrahim Yousuf,Male,54,Jeddah,Standard
C03916,Fatimah Malik,Male,25,Mecca,Standard
C03917,Omar Khan,Female,32,Dammam,Premium
C03918,Mohammed Saeed,Male,48,Medina,Value
C03919,Mohammed Abdullah,Male,29,Mecca,Value
C03920,Yousef Ali,Female,23,Medina,Value
C03921,Aisha Ansari,Male,22,Khobar,Value
C03922,Saad Saeed,Male,26,Taif,Value
C03923,Sara Malik,Male,48,Jeddah,Premium
C03924,Mohammed Yousuf,Male,30,Mecca,Value
C03925,Huda Ansari,Male,33,Khobar,Value
C03926,Huda Ansari,Male,31,Taif,Standard
C03927,Fatimah Saeed,Female,39,Taif,Standard
C03928,Yousef Farooq,Female,46,Medina,Standard
C03929,Amal Saeed,Female,23,Riyadh,Premium
C03930,Maha Hassan,Male,36,Medina,Standard
C03931,Faisal Al-Qahtani,Female,55,Riyadh,Premium
C03932,Mohammed Khan,Male,18,Medina,Value
C03933,Saad Ali,Male,65,Medina,Standard
C03934,Abdullah Al-Qahtani,Male,57,Dammam,Value
C03935,Huda Saeed,Female,22,Riyadh,Value
C03936,Fatimah Ansari,Male,62,Taif,Standard
C03937,Maryam Saeed,Male,43,Taif,Standard
C03938,Lina Saleh,Female,31,Taif,Value
C03939,Khalid Saeed,Female,45,Dammam,Standard
C03940,Nora Khan,Male,62,Khobar,Premium
C03941,Mohammed Rahman,Female,67,Mecca,Standard
C03942,Aisha Rahman,Male,37,Jeddah,Premium
C03943,Maha Mahmoud,Male,61,Taif,Standard
C03944,Ibrahim Saeed,Male,62,Dammam,Standard
C03945,Ahmed Rahman,Male,26,Taif,Standard
C03946,Yousef Mahmoud,Male,51,Taif,Premium
C03947,Maryam Ali,Female,62,Khobar,Standard
C03948,Maha Rahman,Male,63,Riyadh,Standard
C03949,Abdullah Yousuf,Male,38,Mecca,Value
C03950,Aisha Ansari,Female,27,Jeddah,Standard
C03951,Mohammed Ibrahim,Male,24,Taif,Value
C03952,Mohammed Hassan,Male,40,Jeddah,Standard
C03953,Hassan Ahmed,Male,66,Riyadh,Standard
C03954,Maha Ahmed,Male,34,Medina,Standard
C03955,Amal Mahmoud,Male,56,Taif,Premium
C03956,Faisal Hassan,Male,36,Taif,Value
C03957,Abdullah Ahmed,Female,44,Mecca,Standard
C03958,Ahmed Yousuf,Female,34,Dammam,Standard
C03959,Mohammed Farooq,Male,26,Medina,Standard
C03960,Khalid Mahmoud,Male,41,Mecca,Value
C03961,Maryam Ibrahim,Male,52,Taif,Value
C03962,Khalid Yousuf,Male,18,Taif,Standard
C03963,Faisal Khan,Female,31,Dammam,Value
C03964,Omar Malik,Male,24,Medina,Value
C03965,Sara Rahman,Female,31,Dammam,Premium
C03966,Saad Mahmoud,Male,20,Dammam,Standard
C03967,Omar Al-Qahtani,Female,46,Dammam,Standard
C03968,Maryam Malik,Male,23,Mecca,Standard
C03969,Saad Ansari,Male,36,Medina,Value
C03970,Mohammed Al-Qahtani,Male,29,Jeddah,Premium
C03971,Saad Yousuf,Female,30,Mecca,Value
C03972,Lina Ali,Female,22,Dammam,Standard
C03973,Aisha Ibrahim,Female,64,Mecca,Standard
C03974,Huda Al-Qahtani,Male,33,Jeddah,Value
C03975,Sara Saleh,Male,20,Jeddah,Value
C03976,Lina Ahmed,Male,32,Medina,Value
C03977,Sara Hassan,Female,52,Mecca,Standard
C03978,Lina Rahman,Male,31,Riyadh,Value
C03979,Yousef Malik,Male,70,Mecca,Standard
C03980,Abdullah Ansari,Male,67,Taif,Premium
C03981,Hassan Hassan,Male,65,Mecca,Standard
C03982,Abdullah Mahmoud,Male,44,Mecca,Value
C03983,Huda Malik,Male,19,Khobar,Standard
C03984,Omar Khan,Female,69,Riyadh,Standard
C03985,Mohammed Ahmed,Male,46,Taif,Value
C03986,Aisha Rahman,Male,44,Mecca,Value
C03987,Lina Ansari,Male,43,Medina,Standard
C03988,Huda Yousuf,Female,63,Medina,Standard
C03989,Amal Saeed,Male,68,Dammam,Value
C03990,Omar Saleh,Male,69,Mecca,Standard
C03991,Fatimah Hassan,Male,33,Taif,Value
C03992,Khalid Abdullah,Female,34,Dammam,Value
C03993,Nora Mahmoud,Female,28,Mecca,Standard
C03994,Faisal Khan,Female,38,Jeddah,Premium
C03995,Khalid Mahmoud,Female,22,Khobar,Standard
C03996,Lina Ahmed,Male,56,Taif,Standard
C03997,Omar Abdullah,Male,62,Mecca,Premium
C03998,Ibrahim Farooq,Male,43,Taif,Standard
C03999,Ibrahim Yousuf,Female,53,Khobar,Value
C04000,Huda Malik,Male,37,Riyadh,Premium
C04001,Huda Saeed,Male,42,Dammam,Value
C04002,Aisha Saeed,Male,37,Medina,Value
C04003,Huda Saeed,Female,60,Dammam,Value
C04004,Hassan Hassan,Male,36,Medina,Premium
C04005,Ibrahim Ibrahim,Male,57,Dammam,Value
C04006,Abdullah Saleh,Male,46,Taif,Value
C04007,Maryam Yousuf,Female,45,Riyadh,Premium
C04008,Yousef Ibrahim,Male,39,Medina,Value
C04009,Maryam Saleh,Male,19,Khobar,Standard
C04010,Maha Khan,Male,18,Mecca,Value
C04011,Ahmed Al-Qahtani,Male,67,Riyadh,Standard
C04012,Ibrahim Ansari,Male,21,Taif,Premium
C04013,Huda Khan,Female,48,Mecca,Value
C04014,Khalid Khan,Female,65,Taif,Standard
C04015,Lina Al-Qahtani,Male,45,Jeddah,Value
C04016,Yousef Rahman,Male,18,Khobar,Standard
C04017,Mohammed Yousuf,Male,49,Medina,Standard
C04018,Yousef Khan,Female,46,Mecca,Standard
C04019,Ahmed Rahman,Female,70,Taif,Value
C04020,Yousef Hassan,Male,31,Mecca,Premium
C04021,Aisha Ibrahim,Male,21,Khobar,Value
C04022,Faisal Yousuf,Female,52,Taif,Premium
C04023,Ahmed Malik,Female,25,Jeddah,Value
C04024,Amal Abdullah,Female,58,Medina,Standard
C04025,Omar Saleh,Female,47,Jeddah,Value
C04026,Yousef Ansari,Male,41,Medina,Standard
C04027,Aisha Mahmoud,Male,52,Taif,Premium
C04028,Amal Saleh,Male,64,Jeddah,Value
C04029,Aisha Khan,Male,54,Taif,Standard
C04030,Yousef Farooq,Male,46,Dammam,Premium
C04031,Hassan Saeed,Female,50,Riyadh,Premium
C04032,Khalid Ibrahim,Male,56,Taif,Value
C04033,Ahmed Saeed,Female,67,Khobar,Value
C04034,Lina Abdullah,Male,32,Jeddah,Standard
C04035,Reem Mahmoud,Female,52,Mecca,Value
C04036,Fatimah Ansari,Female,28,Medina,Standard
C04037,Hassan Mahmoud,Male,55,Medina,Standard
C04038,Nora Ali,Female,38,Khobar,Standard
C04039,Sara Malik,Male,48,Jeddah,Value
C04040,Ahmed Al-Qahtani,Male,31,Jeddah,Standard
C04041,Abdullah Hassan,Male,25,Taif,Value
C04042,Khalid Ibrahim,Male,37,Khobar,Standard
C04043,Abdullah Saleh,Female,59,Mecca,Value
C04044,Saad Ali,Male,45,Taif,Standard
C04045,Mohammed Yousuf,Male,67,Jeddah,Value
C04046,Maryam Ahmed,Female,55,Khobar,Premium
C04047,Abdullah Saleh,Female,66,Taif,Standard
C04048,Sara Ansari,Male,38,Khobar,Standard
C04049,Hassan Farooq,Male,44,Jeddah,Standard
C04050,Yousef Rahman,Female,20,Jeddah,Premium
C04051,Omar Farooq,Female,41,Khobar,Standard
C04052,Ibrahim Farooq,Female,49,Mecca,Standard
C04053,Maryam Abdullah,Female,43,Dammam,Value
C04054,Omar Al-Qahtani,Female,29,Riyadh,Standard
C04055,Saad Mahmoud,Male,19,Mecca,Standard
C04056,Maryam Al-Qahtani,Male,55,Mecca,Standard
C04057,Amal Khan,Female,42,Khobar,Standard
C04058,Faisal Ahmed,Male,29,Mecca,Standard
C04059,Lina Abdullah,Female,23,Riyadh,Value
C04060,Mohammed Ansari,Female,46,Medina,Standard
C04061,Omar Ibrahim,Male,30,Jeddah,Standard
C04062,Aisha Rahman,Male,60,Dammam,Standard
C04063,Reem Yousuf,Female,46,Mecca,Standard
C04064,Ahmed Malik,Female,44,Khobar,Value
C04065,Maha Khan,Male,70,Khobar,Value
C04066,Mohammed Khan,Female,41,Taif,Standard
C04067,Aisha Farooq,Female,63,Taif,Premium
C04068,Ibrahim Khan,Male,25,Khobar,Standard
C04069,Yousef Al-Qahtani,Female,45,Taif,Value
C04070,Lina Malik,Female,64,Taif,Standard
C04071,Aisha Saeed,Male,66,Taif,Standard
C04072,Faisal Ibrahim,Male,26,Khobar,Standard
C04073,Fatimah Ahmed,Female,62,Mecca,Standard
C04074,Maha Yousuf,Male,66,Mecca,Standard
C04075,Maryam Al-Qahtani,Female,19,Mecca,Standard
C04076,Abdullah Ansari,Male,61,Taif,Standard
C04077,Amal Saeed,Male,58,Taif,Value
C04078,Lina Saleh,Male,64,Riyadh,Premium
C04079,Hassan Khan,Male,70,Medina,Standard
C04080,Hassan Saleh,Male,54,Taif,Value
C04081,Nora Khan,Male,39,Dammam,Value
C04082,Amal Khan,Female,60,Taif,Value
C04083,Omar Saeed,Male,52,Taif,Premium
C04084,Lina Ibrahim,Male,49,Mecca,Standard
C04085,Huda Hassan,Female,48,Medina,Standard
C04086,Omar Khan,Male,59,Riyadh,Standard
C04087,Saad Farooq,Male,28,Riyadh,Standard
C04088,Maryam Saeed,Male,21,Medina,Value
C04089,Reem Al-Qahtani,Male,29,Khobar,Value
C04090,Khalid Abdullah,Male,34,Taif,Value
C04091,Hassan Khan,Male,62,Medina,Standard
C04092,Abdullah Ibrahim,Female,39,Riyadh,Value
C04093,Omar Saeed,Female,41,Dammam,Standard
C04094,Maha Ibrahim,Female,56,Mecca,Standard
C04095,Lina Malik,Male,61,Jeddah,Value
C04096,Maryam Ali,Male,62,Medina,Premium
C04097,Khalid Rahman,Male,30,Jeddah,Standard
C04098,Amal Abdullah,Male,21,Khobar,Standard
C04099,Nora Ahmed,Female,57,Jeddah,Standard
C04100,Ahmed Ali,Male,63,Khobar,Standard
C04101,Mohammed Khan,Female,52,Taif,Standard
C04102,Ibrahim Abdullah,Female,70,Riyadh,Standard
C04103,Hassan Saeed,Male,57,Jeddah,Standard
C04104,Amal Mahmoud,Female,54,Riyadh,Value
C04105,Huda Khan,Male,50,Medina,Premium
C04106,Omar Hassan,Male,30,Medina,Standard
C04107,Saad Abdullah,Female,60,Jeddah,Standard
C04108,Aisha Khan,Female,45,Khobar,Value
C04109,Reem Saeed,Female,61,Jeddah,Premium
C04110,Sara Saleh,Male,24,Mecca,Standard
C04111,Faisal Farooq,Male,37,Jeddah,Value
C04112,Mohammed Ahmed,Male,50,Jeddah,Standard
C04113,Fatimah Saleh,Male,54,Riyadh,Standard
C04114,Hassan Yousuf,Female,33,Medina,Standard
C04115,Maryam Ansari,Male,36,Khobar,Standard
C04116,Saad Al-Qahtani,Female,47,Dammam,Standard
C04117,Yousef Yousuf,Female,53,Jeddah,Premium
C04118,Lina Khan,Male,51,Mecca,Standard
C04119,Fatimah Mahmoud,Male,67,Medina,Value
C04120,Maryam Saeed,Female,18,Riyadh,Premium
C04121,Sara Ansari,Male,68,Dammam,Value
C04122,Ahmed Abdullah,Female,24,Jeddah,Value
C04123,Saad Khan,Male,44,Khobar,Standard
C04124,Ibrahim Ibrahim,Male,47,Taif,Premium
C04125,Hassan Ahmed,Male,36,Khobar,Standard
C04126,Ibrahim Malik,Female,49,Khobar,Standard
C04127,Nora Yousuf,Male,20,Khobar,Standard
C04128,Ibrahim Khan,Female,19,Medina,Standard
C04129,Nora Yousuf,Male,46,Dammam,Standard
C04130,Hassan Saleh,Male,66,Mecca,Value
C04131,Saad Ibrahim,Male,51,Dammam,Standard
C04132,Khalid Malik,Female,44,Riyadh,Standard
C04133,Omar Yousuf,Female,66,Riyadh,Standard
C04134,Mohammed Ansari,Female,32,Dammam,Standard
C04135,Faisal Yousuf,Male,54,Mecca,Standard
C04136,Maryam Hassan,Female,49,Riyadh,Standard
C04137,Omar Rahman,Male,47,Taif,Standard
C04138,Hassan Saleh,Male,53,Jeddah,Standard
C04139,Yousef Khan,Male,40,Dammam,Value
C04140,Nora Rahman,Female,22,Dammam,Value
C04141,Nora Saleh,Female,29,Riyadh,Standard
C04142,Amal Malik,Female,44,Jeddah,Standard
C04143,Ibrahim Mahmoud,Male,59,Dammam,Value
C04144,Aisha Al-Qahtani,Male,49,Dammam,Standard
C04145,Amal Hassan,Male,26,Dammam,Value
C04146,Aisha Hassan,Male,66,Riyadh,Standard
C04147,Reem Abdullah,Female,55,Riyadh,Value
C04148,Ahmed Saeed,Female,70,Khobar,Premium
C04149,Maha Ali,Female,21,Jeddah,Standard
C04150,Ahmed Abdullah,Male,50,Riyadh,Standard
C04151,Yousef Hassan,Male,58,Khobar,Standard
C04152,Khalid Farooq,Female,70,Khobar,Standard
C04153,Omar Khan,Female,25,Riyadh,Value
C04154,Omar Farooq,Female,60,Khobar,Standard
C04155,Faisal Yousuf,Male,62,Riyadh,Standard
C04156,Ahmed Ansari,Female,19,Mecca,Value
C04157,Nora Ibrahim,Female,64,Taif,Standard
C04158,Nora Malik,Female,30,Medina,Standard
C04159,Yousef Mahmoud,Female,24,Dammam,Standard
C04160,Hassan Yousuf,Female,62,Khobar,Standard
C04161,Khalid Ahmed,Female,39,Khobar,Standard
C04162,Sara Abdullah,Male,30,Taif,Standard
C04163,Amal Khan,Male,23,Riyadh,Standard
C04164,Lina Yousuf,Male,39,Medina,Value
C04165,Yousef Al-Qahtani,Female,68,Riyadh,Value
C04166,Maha Malik,Male,40,Jeddah,Value
C04167,Huda Ahmed,Female,62,Riyadh,Value
C04168,Lina Khan,Male,48,Medina,Standard
C04169,Omar Saleh,Male,26,Medina,Value
C04170,Hassan Mahmoud,Male,64,Dammam,Premium
C04171,Ahmed Ansari,Female,29,Jeddah,Standard
C04172,Maha Farooq,Male,69,Jeddah,Value
C04173,Huda Farooq,Female,24,Taif,Value
C04174,Yousef Abdullah,Female,32,Taif,Standard
C04175,Ibrahim Malik,Female,68,Dammam,Value
C04176,Aisha Rahman,Male,56,Khobar,Standard
C04177,Reem Saleh,Male,53,Medina,Value
C04178,Khalid Hassan,Male,40,Medina,Premium
C04179,Nora Mahmoud,Male,30,Riyadh,Value
C04180,Reem Ali,Female,55,Dammam,Standard
C04181,Maha Khan,Male,25,Medina,Value
C04182,Amal Farooq,Female,70,Dammam,Standard
C04183,Aisha Khan,Female,18,Medina,Standard
C04184,Amal Saeed,Female,67,Mecca,Standard
C04185,Huda Abdullah,Female,36,Dammam,Standard
C04186,Huda Ansari,Male,27,Taif,Standard
C04187,Mohammed Saleh,Male,51,Jeddah,Standard
C04188,Amal Saeed,Female,67,Medina,Value
C04189,Ibrahim Al-Qahtani,Female,19,Riyadh,Value
C04190,Amal Al-Qahtani,Female,52,Mecca,Standard
C04191,Amal Mahmoud,Female,24,Riyadh,Standard
C04192,Fatimah Hassan,Female,61,Khobar,Standard
C04193,Omar Malik,Female,32,Taif,Value
C04194,Huda Al-Qahtani,Female,54,Khobar,Standard
C04195,Mohammed Ahmed,Male,54,Jeddah,Standard
C04196,Nora Farooq,Male,58,Medina,Value
C04197,Amal Ibrahim,Male,49,Mecca,Premium
C04198,Maryam Yousuf,Female,39,Khobar,Premium
C04199,Omar Ibrahim,Male,34,Riyadh,Standard
C04200,Faisal Abdullah,Female,44,Mecca,Standard
C04201,Reem Ibrahim,Female,58,Jeddah,Value
C04202,Saad Farooq,Female,20,Dammam,Value
C04203,Nora Farooq,Female,59,Taif,Value
C04204,Huda Malik,Male,28,Khobar,Standard
C04205,Maha Farooq,Female,46,Khobar,Premium
C04206,Omar Ibrahim,Male,50,Taif,Standard
C04207,Yousef Malik,Female,42,Mecca,Standard
C04208,Reem Yousuf,Male,33,Dammam,Standard
C04209,Khalid Ahmed,Male,46,Taif,Value
C04210,Faisal Ibrahim,Female,63,Jeddah,Value
C04211,Khalid Yousuf,Male,66,Dammam,Value
C04212,Fatimah Abdullah,Female,50,Dammam,Standard
C04213,Ahmed Ali,Female,50,Medina,Standard
C04214,Amal Khan,Female,43,Taif,Standard
C04215,Maha Abdullah,Female,24,Taif,Value
C04216,Maryam Saleh,Male,52,Khobar,Value
C04217,Faisal Farooq,Female,45,Dammam,Standard
C04218,Khalid Rahman,Female,58,Mecca,Standard
C04219,Ibrahim Malik,Male,31,Medina,Standard
C04220,Mohammed Rahman,Female,66,Jeddah,Standard
C04221,Mohammed Farooq,Male,53,Mecca,Standard
C04222,Huda Farooq,Male,28,Mecca,Value
C04223,Hassan Ibrahim,Male,41,Khobar,Standard
C04224,Sara Ahmed,Female,54,Mecca,Premium
C04225,Khalid Farooq,Male,44,Jeddah,Standard
C04226,Maha Ali,Female,23,Dammam,Standard
C04227,Yousef Saleh,Female,23,Khobar,Value
C04228,Abdullah Ibrahim,Male,29,Riyadh,Value
C04229,Saad Ansari,Male,58,Mecca,Standard
C04230,Khalid Ibrahim,Female,52,Khobar,Standard
C04231,Khalid Ibrahim,Male,39,Riyadh,Standard
C04232,Hassan Ansari,Female,18,Taif,Value
C04233,Hassan Mahmoud,Female,54,Taif,Value
C04234,Ibrahim Al-Qahtani,Male,55,Taif,Standard
C04235,Yousef Farooq,Male,60,Medina,Value
C04236,Reem Mahmoud,Male,34,Jeddah,Value
C04237,Hassan Saleh,Female,39,Khobar,Value
C04238,Sara Saleh,Male,22,Mecca,Premium
C04239,Reem Khan,Female,55,Jeddah,Standard
C04240,Huda Saleh,Male,30,Riyadh,Standard
C04241,Saad Ansari,Female,41,Riyadh,Standard
C04242,Yousef Ali,Female,24,Khobar,Standard
C04243,Nora Hassan,Female,67,Mecca,Premium
C04244,Huda Ansari,Male,44,Khobar,Premium
C04245,Omar Hassan,Male,37,Mecca,Premium
C04246,Maryam Abdullah,Male,45,Mecca,Standard
C04247,Ibrahim Abdullah,Male,22,Taif,Value
C04248,Khalid Al-Qahtani,Male,58,Khobar,Standard
C04249,Saad Al-Qahtani,Male,48,Riyadh,Standard
C04250,Maryam Farooq,Female,27,Dammam,Standard
C04251,Amal Farooq,Female,60,Mecca,Value
C04252,Abdullah Ahmed,Male,53,Taif,Standard
C04253,Fatimah Khan,Female,41,Dammam,Premium
C04254,Lina Al-Qahtani,Female,20,Riyadh,Standard
C04255,Ibrahim Mahmoud,Male,61,Taif,Value
C04256,Saad Rahman,Male,65,Taif,Premium
C04257,Sara Khan,Male,36,Jeddah,Premium
C04258,Ibrahim Saeed,Male,18,Jeddah,Standard
C04259,Aisha Saleh,Male,40,Mecca,Standard
C04260,Lina Saleh,Male,19,Jeddah,Standard
C04261,Mohammed Hassan,Female,22,Khobar,Standard
C04262,Maha Khan,Female,19,Mecca,Value
C04263,Amal Al-Qahtani,Female,43,Dammam,Value
C04264,Reem Ansari,Male,25,Khobar,Premium
C04265,Yousef Al-Qahtani,Male,38,Riyadh,Value
C04266,Abdullah Ibrahim,Female,31,Taif,Premium
C04267,Fatimah Ahmed,Male,44,Jeddah,Standard
C04268,Mohammed Malik,Male,62,Dammam,Premium
C04269,Yousef Ibrahim,Female,43,Medina,Standard
C04270,Lina Yousuf,Male,44,Riyadh,Standard
C04271,Omar Ibrahim,Female,35,Medina,Standard
C04272,Fatimah Rahman,Male,58,Riyadh,Standard
C04273,Khalid Saleh,Male,43,Dammam,Premium
C04274,Fatimah Abdullah,Female,19,Jeddah,Standard
C04275,Mohammed Yousuf,Male,21,Taif,Value
C04276,Ibrahim Mahmoud,Female,58,Taif,Value
C04277,Nora Ansari,Female,39,Jeddah,Standard
C04278,Omar Yousuf,Male,53,Medina,Standard
C04279,Ibrahim Abdullah,Male,26,Dammam,Standard
C04280,Faisal Khan,Female,63,Khobar,Standard
C04281,Abdullah Rahman,Female,56,Dammam,Premium
C04282,Nora Khan,Female,31,Khobar,Standard
C04283,Maryam Malik,Male,38,Mecca,Premium
C04284,Sara Ansari,Male,62,Jeddah,Premium
C04285,Maha Malik,Male,36,Mecca,Value
C04286,Fatimah Ahmed,Female,64,Riyadh,Standard
C04287,Nora Ansari,Male,26,Khobar,Standard
C04288,Yousef Saeed,Male,36,Riyadh,Value
C04289,Lina Yousuf,Male,33,Riyadh,Value
C04290,Sara Farooq,Male,21,Mecca,Premium
C04291,Ahmed Yousuf,Female,49,Taif,Value
C04292,Abdullah Rahman,Female,57,Jeddah,Standard
C04293,Ibrahim Saeed,Male,58,Medina,Premium
C04294,Reem Rahman,Male,37,Mecca,Standard
C04295,Ibrahim Ibrahim,Female,30,Mecca,Standard
C04296,Reem Abdullah,Male,46,Mecca,Standard
C04297,Maha Malik,Female,58,Jeddah,Premium
C04298,Yousef Ahmed,Male,54,Medina,Standard
C04299,Ahmed Khan,Male,47,Medina,Value
C04300,Saad Abdullah,Female,27,Khobar,Standard
C04301,Ahmed Mahmoud,Female,45,Taif,Premium
C04302,Saad Al-Qahtani,Female,43,Dammam,Premium
C04303,Amal Ibrahim,Female,47,Jeddah,Value
C04304,Amal Saeed,Female,59,Khobar,Premium
C04305,Fatimah Ansari,Male,63,Riyadh,Standard
C04306,Ibrahim Ali,Female,32,Medina,Standard
C04307,Faisal Al-Qahtani,Female,55,Taif,Standard
C04308,Nora Hassan,Female,52,Mecca,Standard
C04309,Khalid Abdullah,Male,63,Mecca,Value
C04310,Khalid Khan,Male,20,Jeddah,Premium
C04311,Saad Yousuf,Female,46,Jeddah,Premium
C04312,Ahmed Ahmed,Male,51,Khobar,Value
C04313,Khalid Ahmed,Male,41,Riyadh,Value
C04314,Omar Saeed,Female,18,Mecca,Premium
C04315,Ibrahim Malik,Female,62,Taif,Standard
C04316,Abdullah Abdullah,Male,43,Mecca,Value
C04317,Maha Malik,Male,58,Taif,Standard
C04318,Sara Saeed,Female,19,Medina,Standard
C04319,Saad Ansari,Female,61,Khobar,Standard
C04320,Reem Ibrahim,Male,42,Medina,Value
C04321,Khalid Saeed,Male,31,Dammam,Value
C04322,Aisha Yousuf,Male,42,Medina,Value
C04323,Huda Al-Qahtani,Female,49,Khobar,Premium
C04324,Huda Ahmed,Male,30,Riyadh,Value
C04325,Khalid Hassan,Female,47,Riyadh,Value
C04326,Ibrahim Rahman,Male,60,Jeddah,Value
C04327,Ibrahim Mahmoud,Male,68,Mecca,Standard
C04328,Hassan Mahmoud,Male,34,Khobar,Standard
C04329,Aisha Ali,Male,60,Medina,Value
C04330,Ibrahim Ansari,Female,65,Medina,Standard
C04331,Aisha Hassan,Female,61,Medina,Value
C04332,Maryam Rahman,Female,47,Jeddah,Standard
C04333,Huda Ali,Female,51,Medina,Standard
C04334,Omar Saleh,Male,19,Dammam,Standard
C04335,Sara Abdullah,Female,20,Taif,Premium
C04336,Hassan Rahman,Male,40,Khobar,Standard
C04337,Huda Saeed,Male,54,Jeddah,Standard
C04338,Hassan Abdullah,Male,64,Medina,Premium
C04339,Khalid Farooq,Female,33,Khobar,Standard
C04340,Khalid Rahman,Female,50,Jeddah,Standard
C04341,Aisha Ali,Male,60,Khobar,Standard
C04342,Ibrahim Mahmoud,Male,21,Mecca,Value
C04343,Yousef Abdullah,Male,56,Riyadh,Standard
C04344,Reem Rahman,Male,39,Jeddah,Value
C04345,Amal Khan,Female,54,Taif,Premium
C04346,Huda Abdullah,Female,69,Mecca,Standard
C04347,Abdullah Saeed,Male,44,Riyadh,Standard
C04348,Khalid Ibrahim,Male,47,Mecca,Value
C04349,Lina Ahmed,Male,34,Dammam,Standard
C04350,Aisha Al-Qahtani,Male,46,Khobar,Value
C04351,Reem Yousuf,Female,51,Jeddah,Value
C04352,Maryam Farooq,Male,35,Mecca,Value
C04353,Maryam Farooq,Male,29,Riyadh,Premium
C04354,Lina Khan,Female,67,Dammam,Value
C04355,Ibrahim Saeed,Female,21,Dammam,Value
C04356,Saad Abdullah,Female,54,Jeddah,Standard
C04357,Mohammed Hassan,Female,33,Khobar,Standard
C04358,Saad Saleh,Male,54,Riyadh,Standard
C04359,Abdullah Ibrahim,Male,21,Taif,Value
C04360,Saad Mahmoud,Male,60,Riyadh,Value
C04361,Fatimah Rahman,Female,50,Medina,Value
C04362,Aisha Abdullah,Female,43,Jeddah,Standard
C04363,Khalid Mahmoud,Male,36,Medina,Standard
C04364,Abdullah Hassan,Female,53,Medina,Standard
C04365,Aisha Al-Qahtani,Female,66,Taif,Value
C04366,Khalid Ahmed,Male,31,Khobar,Standard
C04367,Mohammed Khan,Male,61,Riyadh,Standard
C04368,Reem Mahmoud,Female,19,Dammam,Value
C04369,Omar Ansari,Female,70,Riyadh,Value
C04370,Ahmed Ali,Male,65,Khobar,Standard
C04371,Ibrahim Ali,Male,52,Khobar,Standard
C04372,Reem Farooq,Female,37,Riyadh,Value
C04373,Nora Yousuf,Male,21,Taif,Premium
C04374,Maha Yousuf,Female,47,Riyadh,Standard
C04375,Ahmed Ibrahim,Male,42,Khobar,Premium
C04376,Reem Ali,Female,58,Medina,Value
C04377,Aisha Ibrahim,Male,59,Mecca,Standard
C04378,Ahmed Yousuf,Female,30,Medina,Premium
C04379,Sara Abdullah,Female,46,Khobar,Value
C04380,Fatimah Mahmoud,Female,45,Mecca,Standard
C04381,Lina Al-Qahtani,Female,42,Medina,Standard
C04382,Aisha Mahmoud,Male,40,Dammam,Standard
C04383,Ibrahim Khan,Male,20,Taif,Standard
C04384,Khalid Saleh,Male,56,Mecca,Standard
C04385,Fatimah Khan,Female,58,Khobar,Premium
C04386,Nora Ahmed,Female,21,Riyadh,Value
C04387,Omar Al-Qahtani,Male,46,Taif,Standard
C04388,Ibrahim Abdullah,Male,25,Medina,Standard
C04389,Khalid Al-Qahtani,Male,23,Riyadh,Value
C04390,Faisal Hassan,Male,20,Taif,Standard
C04391,Ibrahim Ahmed,Male,22,Riyadh,Standard
C04392,Huda Yousuf,Male,32,Mecca,Premium
C04393,Sara Abdullah,Male,34,Riyadh,Premium
C04394,Fatimah Mahmoud,Female,67,Medina,Standard
C04395,Omar Abdullah,Male,29,Medina,Standard
C04396,Fatimah Saeed,Female,38,Mecca,Standard
C04397,Lina Farooq,Female,50,Medina,Standard
C04398,Omar Saeed,Male,52,Riyadh,Value
C04399,Ahmed Yousuf,Male,21,Taif,Value
C04400,Ahmed Ansari,Male,21,Dammam,Standard
C04401,Amal Rahman,Male,39,Jeddah,Value
C04402,Ahmed Ahmed,Female,44,Mecca,Standard
C04403,Mohammed Ali,Male,65,Riyadh,Premium
C04404,Omar Ahmed,Male,40,Riyadh,Standard
C04405,Amal Ibrahim,Male,44,Jeddah,Premium
C04406,Sara Farooq,Female,19,Khobar,Premium
C04407,Hassan Malik,Male,40,Taif,Standard
C04408,Huda Khan,Female,53,Khobar,Standard
C04409,Mohammed Hassan,Male,40,Medina,Value
C04410,Lina Khan,Female,37,Dammam,Standard
C04411,Fatimah Farooq,Male,55,Mecca,Value
C04412,Nora Khan,Female,56,Khobar,Premium
C04413,Khalid Ansari,Male,21,Riyadh,Value
C04414,Amal Hassan,Male,62,Mecca,Standard
C04415,Ibrahim Malik,Female,56,Medina,Value
C04416,Khalid Khan,Male,41,Mecca,Standard
C04417,Khalid Khan,Male,23,Khobar,Premium
C04418,Maha Rahman,Male,53,Riyadh,Value
C04419,Omar Ali,Female,55,Dammam,Standard
C04420,Fatimah Ansari,Female,44,Riyadh,Standard
C04421,Sara Ahmed,Female,56,Mecca,Standard
C04422,Reem Abdullah,Female,40,Taif,Value
C04423,Hassan Farooq,Female,35,Khobar,Premium
C04424,Ibrahim Khan,Male,22,Taif,Value
C04425,Hassan Ansari,Male,35,Khobar,Standard
C04426,Huda Ali,Male,38,Taif,Standard
C04427,Huda Ansari,Female,18,Khobar,Premium
C04428,Saad Rahman,Female,33,Taif,Value
C04429,Huda Ali,Male,36,Jeddah,Premium
C04430,Saad Saleh,Male,28,Riyadh,Value
C04431,Sara Al-Qahtani,Male,32,Medina,Standard
C04432,Maryam Mahmoud,Male,46,Medina,Value
C04433,Nora Hassan,Male,69,Riyadh,Standard
C04434,Omar Ali,Female,37,Medina,Standard
C04435,Ibrahim Mahmoud,Female,50,Mecca,Standard
C04436,Faisal Ali,Female,59,Jeddah,Standard
C04437,Khalid Ali,Male,31,Jeddah,Standard
C04438,Mohammed Ibrahim,Female,24,Taif,Premium
C04439,Faisal Khan,Female,66,Riyadh,Premium
C04440,Nora Abdullah,Male,36,Jeddah,Standard
C04441,Maha Saleh,Female,70,Dammam,Value
C04442,Saad Yousuf,Male,56,Taif,Standard
C04443,Khalid Farooq,Male,60,Riyadh,Standard
C04444,Huda Ahmed,Male,48,Jeddah,Standard
C04445,Amal Farooq,Male,20,Medina,Standard
C04446,Fatimah Al-Qahtani,Female,55,Dammam,Value
C04447,Khalid Saleh,Male,37,Dammam,Standard
C04448,Maryam Khan,Male,45,Khobar,Standard
C04449,Abdullah Rahman,Male,37,Taif,Standard
C04450,Reem Abdullah,Male,18,Taif,Standard
C04451,Saad Saleh,Female,55,Taif,Value
C04452,Ibrahim Ahmed,Male,55,Khobar,Value
C04453,Omar Abdullah,Female,65,Mecca,Standard
C04454,Huda Saeed,Male,32,Riyadh,Standard
C04455,Maryam Ibrahim,Male,19,Mecca,Value
C04456,Yousef Farooq,Male,41,Dammam,Value
C04457,Omar Saleh,Male,47,Khobar,Value
C04458,Hassan Khan,Male,31,Riyadh,Standard
C04459,Huda Al-Qahtani,Female,56,Khobar,Standard
C04460,Saad Malik,Female,69,Dammam,Standard
C04461,Fatimah Yousuf,Female,47,Taif,Value
C04462,Fatimah Ahmed,Female,38,Medina,Value
C04463,Hassan Khan,Female,53,Dammam,Standard
C04464,Ahmed Ansari,Male,30,Riyadh,Standard
C04465,Reem Ibrahim,Male,40,Jeddah,Standard
C04466,Faisal Al-Qahtani,Female,53,Taif,Value
C04467,Maryam Malik,Female,37,Khobar,Premium
C04468,Sara Al-Qahtani,Female,64,Dammam,Premium
C04469,Sara Ahmed,Male,41,Riyadh,Standard
C04470,Khalid Farooq,Female,25,Khobar,Value
C04471,Lina Ali,Female,19,Jeddah,Premium
C04472,Huda Hassan,Female,25,Medina,Standard
C04473,Saad Saleh,Male,31,Dammam,Standard
C04474,Aisha Khan,Male,20,Mecca,Value
C04475,Ibrahim Yousuf,Male,36,Medina,Standard
C04476,Mohammed Hassan,Male,44,Taif,Premium
C04477,Yousef Malik,Female,35,Dammam,Value
C04478,Saad Al-Qahtani,Female,19,Medina,Standard
C04479,Omar Mahmoud,Male,30,Taif,Value
C04480,Amal Rahman,Male,41,Dammam,Standard
C04481,Nora Ibrahim,Male,59,Dammam,Value
C04482,Ibrahim Farooq,Female,70,Khobar,Standard
C04483,Maryam Malik,Male,59,Mecca,Value
C04484,Abdullah Mahmoud,Male,23,Mecca,Premium
C04485,Nora Ansari,Male,59,Khobar,Standard
C04486,Ahmed Ali,Male,69,Mecca,Value
C04487,Ahmed Ansari,Male,43,Mecca,Value
C04488,Reem Malik,Male,59,Jeddah,Standard
C04489,Nora Ansari,Male,32,Jeddah,Standard
C04490,Abdullah Ibrahim,Female,33,Khobar,Standard
C04491,Abdullah Rahman,Male,30,Medina,Value
C04492,Maryam Farooq,Male,24,Mecca,Standard
C04493,Khalid Khan,Male,22,Mecca,Standard
C04494,Omar Saleh,Male,50,Riyadh,Premium
C04495,Sara Abdullah,Male,54,Mecca,Standard
C04496,Aisha Saeed,Male,44,Mecca,Value
C04497,Nora Hassan,Male,41,Taif,Standard
C04498,Maha Ibrahim,Male,31,Mecca,Premium
C04499,Omar Ali,Female,34,Riyadh,Value
C04500,Lina Abdullah,Male,40,Jeddah,Value
C04501,Maha Rahman,Female,47,Mecca,Standard
C04502,Sara Malik,Female,49,Riyadh,Value
C04503,Khalid Saleh,Male,62,Mecca,Premium
C04504,Reem Ali,Female,22,Taif,Value
C04505,Nora Ansari,Female,47,Jeddah,Value
C04506,Reem Ali,Male,69,Taif,Premium
C04507,Sara Malik,Female,41,Jeddah,Value
C04508,Ibrahim Yousuf,Female,18,Riyadh,Standard
C04509,Maha Saleh,Female,52,Medina,Value
C04510,Abdullah Yousuf,Male,63,Khobar,Value
C04511,Nora Yousuf,Female,69,Khobar,Standard
C04512,Sara Abdullah,Female,65,Dammam,Standard
C04513,Lina Ali,Female,22,Medina,Value
C04514,Faisal Farooq,Male,69,Medina,Standard
C04515,Ahmed Ali,Female,64,Mecca,Value
C04516,Ahmed Ibrahim,Male,60,Taif,Standard
C04517,Nora Ibrahim,Male,28,Jeddah,Standard
C04518,Fatimah Ahmed,Female,18,Khobar,Standard
C04519,Amal Ibrahim,Female,30,Dammam,Value
C04520,Aisha Rahman,Female,30,Jeddah,Value
C04521,Amal Farooq,Female,34,Dammam,Value
C04522,Maha Rahman,Female,39,Jeddah,Standard
C04523,Sara Abdullah,Male,20,Medina,Standard
C04524,Ibrahim Malik,Female,27,Taif,Value
C04525,Hassan Mahmoud,Male,24,Medina,Standard
C04526,Lina Yousuf,Male,27,Riyadh,Standard
C04527,Huda Yousuf,Female,40,Riyadh,Value
C04528,Sara Ibrahim,Male,58,Taif,Standard
C04529,Hassan Rahman,Female,35,Taif,Premium
C04530,Omar Yousuf,Male,36,Mecca,Standard
C04531,Amal Al-Qahtani,Male,28,Medina,Value
C04532,Hassan Hassan,Female,24,Riyadh,Value
C04533,Huda Al-Qahtani,Male,54,Medina,Standard
C04534,Abdullah Ahmed,Female,50,Mecca,Premium
C04535,Nora Saeed,Male,60,Medina,Standard
C04536,Abdullah Rahman,Female,38,Taif,Standard
C04537,Amal Khan,Female,19,Riyadh,Premium
C04538,Lina Abdullah,Female,23,Taif,Standard
C04539,Maryam Saleh,Male,21,Dammam,Standard
C04540,Mohammed Farooq,Male,26,Mecca,Standard
C04541,Nora Hassan,Female,55,Taif,Standard
C04542,Hassan Abdullah,Male,26,Medina,Standard
C04543,Yousef Mahmoud,Male,58,Riyadh,Value
C04544,Faisal Abdullah,Male,50,Khobar,Standard
C04545,Ibrahim Khan,Male,52,Medina,Standard
C04546,Reem Hassan,Female,52,Dammam,Standard
C04547,Hassan Saeed,Male,52,Taif,Value
C04548,Sara Ansari,Male,57,Taif,Standard
C04549,Fatimah Ali,Female,49,Taif,Value
C04550,Faisal Rahman,Male,57,Jeddah,Value
C04551,Maha Abdullah,Female,32,Taif,Standard
C04552,Ibrahim Ibrahim,Female,66,Dammam,Standard
C04553,Abdullah Ahmed,Male,48,Riyadh,Premium
C04554,Faisal Mahmoud,Male,25,Jeddah,Value
C04555,Maha Saeed,Female,24,Dammam,Value
C04556,Maha Farooq,Female,35,Khobar,Standard
C04557,Fatimah Saleh,Female,46,Dammam,Value
C04558,Lina Ibrahim,Male,40,Riyadh,Standard
C04559,Khalid Ahmed,Female,42,Riyadh,Standard
C04560,Lina Ansari,Female,43,Jeddah,Standard
C04561,Maryam Mahmoud,Female,60,Medina,Value
C04562,Sara Ibrahim,Male,19,Dammam,Premium
C04563,Ahmed Ahmed,Male,30,Medina,Standard
C04564,Ahmed Rahman,Male,37,Medina,Value
C04565,Lina Malik,Male,40,Khobar,Standard
C04566,Abdullah Malik,Female,60,Medina,Value
C04567,Saad Saeed,Male,58,Taif,Value
C04568,Ibrahim Khan,Female,46,Khobar,Standard
C04569,Maryam Ibrahim,Male,64,Jeddah,Value
C04570,Faisal Ahmed,Male,43,Dammam,Premium
C04571,Amal Farooq,Female,55,Mecca,Value
C04572,Abdullah Ali,Female,54,Medina,Value
C04573,Amal Yousuf,Male,53,Dammam,Value
C04574,Maryam Ibrahim,Female,48,Mecca,Standard
C04575,Mohammed Malik,Male,20,Taif,Standard
C04576,Sara Malik,Male,51,Khobar,Standard
C04577,Ahmed Yousuf,Male,59,Dammam,Standard
C04578,Aisha Saeed,Male,67,Mecca,Standard
C04579,Ahmed Abdullah,Male,41,Dammam,Value
C04580,Yousef Farooq,Male,43,Mecca,Standard
C04581,Huda Al-Qahtani,Female,53,Mecca,Value
C04582,Mohammed Mahmoud,Female,53,Riyadh,Standard
C04583,Hassan Yousuf,Female,54,Dammam,Standard
C04584,Aisha Yousuf,Male,64,Khobar,Standard
C04585,Yousef Saeed,Male,33,Medina,Premium
C04586,Khalid Rahman,Male,29,Riyadh,Standard
C04587,Hassan Ahmed,Male,57,Riyadh,Standard
C04588,Sara Ibrahim,Female,47,Dammam,Premium
C04589,Huda Ahmed,Male,24,Dammam,Standard
C04590,Maryam Al-Qahtani,Male,50,Mecca,Value
C04591,Hassan Malik,Male,22,Taif,Premium
C04592,Yousef Khan,Male,20,Dammam,Premium
C04593,Reem Rahman,Male,27,Mecca,Standard
C04594,Abdullah Farooq,Male,52,Jeddah,Standard
C04595,Lina Hassan,Female,55,Dammam,Value
C04596,Abdullah Ali,Male,63,Taif,Standard
C04597,Maryam Ahmed,Male,61,Mecca,Standard
C04598,Reem Khan,Female,57,Dammam,Value
C04599,Saad Al-Qahtani,Male,67,Dammam,Value
C04600,Faisal Malik,Female,18,Dammam,Value
C04601,Reem Rahman,Female,33,Medina,Premium
C04602,Aisha Saleh,Female,47,Riyadh,Value
C04603,Faisal Yousuf,Female,57,Taif,Standard
C04604,Fatimah Ibrahim,Male,21,Riyadh,Value
C04605,Sara Saeed,Male,41,Medina,Premium
C04606,Aisha Abdullah,Male,45,Khobar,Premium
C04607,Sara Khan,Male,61,Mecca,Standard
C04608,Lina Saeed,Male,54,Jeddah,Standard
C04609,Maha Ahmed,Male,60,Dammam,Value
C04610,Yousef Mahmoud,Male,62,Taif,Value
C04611,Huda Saeed,Female,19,Riyadh,Standard
C04612,Khalid Al-Qahtani,Male,22,Riyadh,Standard
C04613,Abdullah Ibrahim,Male,37,Mecca,Value
C04614,Saad Al-Qahtani,Male,27,Riyadh,Value
C04615,Sara Farooq,Male,30,Jeddah,Standard
C04616,Khalid Yousuf,Female,60,Medina,Premium
C04617,Amal Mahmoud,Male,41,Medina,Value
C04618,Faisal Abdullah,Male,32,Mecca,Standard
C04619,Maryam Saleh,Female,38,Jeddah,Premium
C04620,Omar Al-Qahtani,Male,23,Jeddah,Standard
C04621,Reem Saeed,Female,66,Mecca,Value
C04622,Huda Ali,Female,45,Khobar,Standard
C04623,Yousef Ahmed,Female,66,Mecca,Premium
C04624,Sara Khan,Female,67,Riyadh,Value
C04625,Saad Malik,Male,66,Mecca,Standard
C04626,Aisha Rahman,Male,21,Taif,Standard
C04627,Khalid Malik,Female,60,Mecca,Standard
C04628,Huda Ansari,Male,68,Jeddah,Standard
C04629,Ahmed Ali,Female,66,Riyadh,Premium
C04630,Ibrahim Ansari,Male,42,Khobar,Standard
C04631,Reem Malik,Male,31,Medina,Value
C04632,Ibrahim Rahman,Male,21,Jeddah,Standard
C04633,Reem Ali,Male,35,Jeddah,Value
C04634,Aisha Ansari,Female,57,Medina,Standard
C04635,Khalid Khan,Male,51,Medina,Standard
C04636,Khalid Ali,Female,36,Jeddah,Standard
C04637,Sara Al-Qahtani,Male,19,Medina,Standard
C04638,Fatimah Abdullah,Male,53,Khobar,Value
C04639,Abdullah Ansari,Male,38,Riyadh,Value
C04640,Fatimah Farooq,Female,51,Mecca,Standard
C04641,Omar Ibrahim,Male,63,Riyadh,Value
C04642,Amal Ahmed,Male,30,Riyadh,Value
C04643,Reem Ansari,Male,46,Jeddah,Premium
C04644,Maha Hassan,Female,30,Jeddah,Value
C04645,Maryam Mahmoud,Female,32,Medina,Standard
C04646,Ahmed Ibrahim,Female,67,Riyadh,Standard
C04647,Huda Saleh,Male,23,Khobar,Standard
C04648,Fatimah Yousuf,Male,38,Jeddah,Standard
C04649,Hassan Ansari,Male,70,Medina,Standard
C04650,Khalid Saeed,Female,21,Medina,Standard
C04651,Abdullah Yousuf,Male,59,Khobar,Premium
C04652,Aisha Malik,Male,70,Riyadh,Standard
C04653,Fatimah Abdullah,Male,39,Mecca,Standard
C04654,Abdullah Al-Qahtani,Male,19,Taif,Premium
C04655,Yousef Farooq,Male,65,Jeddah,Value
C04656,Ahmed Yousuf,Female,70,Dammam,Value
C04657,Aisha Mahmoud,Male,26,Riyadh,Standard
C04658,Hassan Ahmed,Male,33,Medina,Premium
C04659,Maryam Hassan,Female,64,Dammam,Value
C04660,Yousef Hassan,Male,23,Mecca,Standard
C04661,Mohammed Rahman,Male,69,Riyadh,Value
C04662,Faisal Rahman,Male,21,Mecca,Value
C04663,Yousef Ibrahim,Male,21,Jeddah,Value
C04664,Maryam Abdullah,Female,32,Dammam,Value
C04665,Sara Abdullah,Male,34,Mecca,Standard
C04666,Maryam Rahman,Female,65,Jeddah,Value
C04667,Reem Saeed,Male,70,Jeddah,Value
C04668,Maryam Al-Qahtani,Male,67,Medina,Standard
C04669,Omar Saeed,Male,65,Khobar,Standard
C04670,Mohammed Malik,Female,30,Dammam,Value
C04671,Ibrahim Khan,Male,48,Riyadh,Standard
C04672,Maryam Saleh,Male,48,Riyadh,Standard
C04673,Maha Ansari,Female,55,Dammam,Standard
C04674,Ibrahim Saleh,Male,66,Taif,Premium
C04675,Amal Hassan,Male,58,Mecca,Premium
C04676,Ibrahim Farooq,Male,46,Mecca,Value
C04677,Saad Malik,Male,40,Dammam,Premium
C04678,Ibrahim Saleh,Male,48,Taif,Premium
C04679,Khalid Rahman,Female,48,Dammam,Value
C04680,Lina Mahmoud,Female,43,Jeddah,Premium
C04681,Reem Ansari,Male,48,Khobar,Standard
C04682,Amal Ahmed,Male,26,Jeddah,Standard
C04683,Nora Al-Qahtani,Male,62,Medina,Premium
C04684,Maryam Abdullah,Female,61,Medina,Premium
C04685,Saad Saeed,Male,50,Mecca,Value
C04686,Huda Al-Qahtani,Female,48,Mecca,Standard
C04687,Fatimah Ahmed,Male,58,Medina,Standard
C04688,Fatimah Mahmoud,Male,19,Riyadh,Standard
C04689,Aisha Yousuf,Male,69,Khobar,Premium
C04690,Lina Ansari,Male,54,Medina,Standard
C04691,Huda Al-Qahtani,Female,40,Dammam,Standard
C04692,Maryam Farooq,Female,46,Mecca,Value
C04693,Reem Saleh,Male,46,Medina,Value
C04694,Nora Rahman,Female,41,Khobar,Value
C04695,Mohammed Ahmed,Male,54,Khobar,Standard
C04696,Mohammed Al-Qahtani,Male,25,Dammam,Premium
C04697,Khalid Khan,Male,29,Dammam,Standard
C04698,Khalid Farooq,Male,36,Jeddah,Standard
C04699,Khalid Khan,Male,28,Jeddah,Standard
C04700,Amal Yousuf,Male,37,Khobar,Value
C04701,Ibrahim Ali,Male,32,Medina,Standard
C04702,Reem Saleh,Male,59,Mecca,Value
C04703,Khalid Khan,Male,66,Jeddah,Value
C04704,Fatimah Rahman,Male,68,Jeddah,Value
C04705,Aisha Malik,Female,43,Dammam,Standard
C04706,Aisha Ibrahim,Female,67,Dammam,Standard
C04707,Aisha Al-Qahtani,Male,24,Mecca,Value
C04708,Fatimah Farooq,Male,53,Mecca,Standard
C04709,Hassan Ansari,Male,49,Taif,Value
C04710,Sara Hassan,Male,27,Mecca,Premium
C04711,Mohammed Rahman,Female,58,Riyadh,Value
C04712,Lina Saleh,Male,59,Riyadh,Premium
C04713,Huda Ahmed,Male,70,Dammam,Premium
C04714,Maryam Al-Qahtani,Male,42,Jeddah,Standard
C04715,Maha Ahmed,Female,67,Dammam,Standard
C04716,Yousef Mahmoud,Male,31,Taif,Standard
C04717,Omar Ali,Male,62,Mecca,Standard
C04718,Lina Khan,Male,68,Dammam,Standard
C04719,Aisha Abdullah,Female,61,Riyadh,Premium
C04720,Lina Saeed,Male,50,Dammam,Standard
C04721,Nora Khan,Female,51,Khobar,Value
C04722,Yousef Farooq,Male,29,Jeddah,Standard
C04723,Amal Ansari,Male,26,Medina,Standard
C04724,Ibrahim Hassan,Female,55,Mecca,Standard
C04725,Hassan Abdullah,Female,22,Dammam,Value
C04726,Amal Hassan,Male,31,Riyadh,Premium
C04727,Maryam Ansari,Male,28,Dammam,Standard
C04728,Fatimah Malik,Male,64,Medina,Value
C04729,Reem Saeed,Female,27,Khobar,Premium
C04730,Aisha Ali,Male,56,Riyadh,Standard
C04731,Fatimah Ali,Male,64,Taif,Standard
C04732,Maryam Hassan,Male,47,Medina,Standard
C04733,Fatimah Al-Qahtani,Female,69,Riyadh,Premium
C04734,Omar Al-Qahtani,Male,68,Taif,Standard
C04735,Hassan Mahmoud,Male,63,Khobar,Standard
C04736,Abdullah Khan,Male,28,Mecca,Standard
C04737,Ahmed Mahmoud,Female,55,Dammam,Standard
C04738,Omar Saeed,Male,56,Taif,Premium
C04739,Omar Saeed,Male,28,Riyadh,Standard
C04740,Amal Saleh,Male,53,Riyadh,Standard
C04741,Fatimah Rahman,Male,37,Medina,Value
C04742,Saad Ansari,Female,61,Riyadh,Standard
C04743,Huda Rahman,Female,49,Jeddah,Value
C04744,Nora Saeed,Female,43,Mecca,Standard
C04745,Aisha Farooq,Male,29,Riyadh,Value
C04746,Reem Farooq,Male,45,Mecca,Standard
C04747,Faisal Abdullah,Male,46,Jeddah,Standard
C04748,Reem Saeed,Male,30,Khobar,Standard
C04749,Fatimah Saleh,Male,60,Mecca,Standard
C04750,Omar Rahman,Female,42,Riyadh,Standard
C04751,Mohammed Saeed,Male,63,Medina,Value
C04752,Maryam Ali,Male,43,Riyadh,Value
C04753,Faisal Abdullah,Female,52,Dammam,Value
C04754,Amal Saeed,Male,20,Jeddah,Value
C04755,Reem Ali,Female,27,Khobar,Value
C04756,Yousef Abdullah,Male,27,Jeddah,Value
C04757,Ahmed Ansari,Male,36,Mecca,Standard
C04758,Mohammed Mahmoud,Male,31,Riyadh,Standard
C04759,Maha Hassan,Female,21,Khobar,Standard
C04760,Nora Ansari,Female,67,Jeddah,Value
C04761,Lina Ansari,Female,52,Dammam,Value
C04762,Abdullah Ali,Female,64,Dammam,Standard
C04763,Hassan Ibrahim,Male,56,Dammam,Value
C04764,Khalid Malik,Male,62,Medina,Value
C04765,Saad Ansari,Male,27,Jeddah,Standard
C04766,Nora Mahmoud,Female,66,Medina,Value
C04767,Amal Abdullah,Male,46,Riyadh,Standard
C04768,Saad Hassan,Male,30,Taif,Value
C04769,Reem Rahman,Female,27,Riyadh,Value
C04770,Ibrahim Hassan,Male,68,Medina,Value
C04771,Khalid Saeed,Male,59,Taif,Standard
C04772,Ibrahim Al-Qahtani,Male,65,Mecca,Premium
C04773,Huda Rahman,Female,29,Taif,Standard
C04774,Fatimah Ansari,Male,63,Khobar,Standard
C04775,Maha Hassan,Male,33,Mecca,Premium
C04776,Hassan Farooq,Male,68,Riyadh,Standard
C04777,Abdullah Rahman,Male,53,Khobar,Value
C04778,Maha Malik,Female,21,Riyadh,Standard
C04779,Amal Al-Qahtani,Female,35,Riyadh,Standard
C04780,Aisha Ibrahim,Female,53,Khobar,Value
C04781,Faisal Abdullah,Male,22,Medina,Standard
C04782,Sara Hassan,Male,42,Riyadh,Standard
C04783,Omar Ahmed,Male,22,Mecca,Standard
C04784,Lina Ansari,Male,34,Mecca,Standard
C04785,Ibrahim Al-Qahtani,Female,22,Khobar,Standard
C04786,Amal Saeed,Male,47,Jeddah,Standard
C04787,Aisha Khan,Male,58,Medina,Value
C04788,Amal Ahmed,Male,40,Khobar,Value
C04789,Lina Saeed,Male,64,Medina,Standard
C04790,Abdullah Ansari,Female,54,Dammam,Standard
C04791,Omar Ahmed,Female,26,Medina,Value
C04792,Fatimah Mahmoud,Male,58,Dammam,Value
C04793,Ahmed Abdullah,Male,47,Taif,Premium
C04794,Sara Farooq,Male,39,Dammam,Standard
C04795,Mohammed Rahman,Female,40,Medina,Standard
C04796,Sara Rahman,Male,29,Jeddah,Standard
C04797,Mohammed Saeed,Female,41,Medina,Value
C04798,Yousef Saeed,Male,32,Jeddah,Value
C04799,Amal Hassan,Male,30,Medina,Standard
C04800,Ahmed Al-Qahtani,Female,46,Medina,Standard
C04801,Abdullah Saeed,Female,37,Medina,Value
C04802,Huda Rahman,Male,41,Medina,Standard
C04803,Ibrahim Mahmoud,Male,20,Medina,Premium
C04804,Amal Ansari,Female,47,Mecca,Standard
C04805,Maryam Al-Qahtani,Female,68,Taif,Premium
C04806,Maha Rahman,Male,18,Dammam,Standard
C04807,Huda Ibrahim,Male,66,Jeddah,Value
C04808,Fatimah Ansari,Male,50,Dammam,Standard
C04809,Maha Rahman,Male,20,Khobar,Premium
C04810,Ahmed Ahmed,Female,28,Mecca,Value
C04811,Maryam Khan,Male,54,Dammam,Value
C04812,Aisha Malik,Male,70,Dammam,Standard
C04813,Khalid Saeed,Female,65,Khobar,Value
C04814,Mohammed Malik,Male,33,Medina,Standard
C04815,Abdullah Ahmed,Female,66,Riyadh,Standard
C04816,Huda Saleh,Male,50,Taif,Standard
C04817,Fatimah Saleh,Male,66,Khobar,Standard
C04818,Aisha Malik,Female,33,Medina,Premium
C04819,Khalid Ahmed,Female,43,Jeddah,Standard
C04820,Amal Saeed,Female,61,Mecca,Standard
C04821,Fatimah Ibrahim,Male,63,Khobar,Standard
C04822,Khalid Farooq,Female,59,Mecca,Value
C04823,Khalid Farooq,Female,49,Mecca,Standard
C04824,Amal Farooq,Female,53,Mecca,Standard
C04825,Maryam Ahmed,Female,49,Jeddah,Value
C04826,Amal Abdullah,Female,52,Mecca,Value
C04827,Khalid Ali,Male,20,Mecca,Premium
C04828,Aisha Ali,Male,32,Mecca,Standard
C04829,Maha Ibrahim,Male,20,Taif,Standard
C04830,Faisal Rahman,Male,69,Medina,Premium
C04831,Khalid Saleh,Male,69,Mecca,Standard
C04832,Aisha Al-Qahtani,Male,52,Taif,Value
C04833,Maha Yousuf,Male,26,Jeddah,Standard
C04834,Ibrahim Malik,Male,70,Khobar,Value
C04835,Lina Malik,Female,24,Dammam,Standard
C04836,Abdullah Malik,Male,45,Khobar,Value
C04837,Hassan Ibrahim,Female,21,Jeddah,Standard
C04838,Sara Rahman,Female,25,Mecca,Standard
C04839,Mohammed Mahmoud,Male,68,Jeddah,Standard
C04840,Faisal Mahmoud,Female,62,Medina,Value
C04841,Maha Hassan,Female,55,Riyadh,Standard
C04842,Maha Yousuf,Male,30,Taif,Standard
C04843,Maryam Ansari,Male,33,Mecca,Standard
C04844,Aisha Ahmed,Female,37,Mecca,Value
C04845,Nora Al-Qahtani,Female,62,Medina,Standard
C04846,Saad Ahmed,Male,26,Mecca,Standard
C04847,Khalid Ahmed,Female,27,Taif,Standard
C04848,Ibrahim Mahmoud,Male,69,Khobar,Standard
C04849,Ibrahim Abdullah,Male,58,Mecca,Premium
C04850,Aisha Saeed,Male,33,Taif,Standard
C04851,Fatimah Saleh,Male,36,Khobar,Standard
C04852,Mohammed Khan,Male,48,Riyadh,Standard
C04853,Saad Rahman,Male,46,Dammam,Standard
C04854,Sara Khan,Male,52,Khobar,Standard
C04855,Aisha Al-Qahtani,Male,43,Dammam,Premium
C04856,Amal Ahmed,Male,36,Dammam,Value
C04857,Maha Yousuf,Male,48,Dammam,Value
C04858,Maryam Mahmoud,Male,52,Mecca,Value
C04859,Saad Hassan,Female,35,Medina,Premium
C04860,Hassan Ali,Male,67,Jeddah,Value
C04861,Faisal Saleh,Female,28,Taif,Premium
C04862,Huda Ansari,Female,47,Jeddah,Value
C04863,Fatimah Khan,Male,42,Taif,Standard
C04864,Fatimah Ahmed,Male,38,Taif,Standard
C04865,Hassan Abdullah,Male,50,Mecca,Premium
C04866,Abdullah Malik,Male,33,Khobar,Standard
C04867,Yousef Farooq,Female,42,Mecca,Standard
C04868,Huda Abdullah,Female,52,Riyadh,Standard
C04869,Huda Khan,Male,43,Mecca,Value
C04870,Maryam Saleh,Female,53,Mecca,Standard
C04871,Maha Ahmed,Male,41,Medina,Value
C04872,Maha Malik,Male,64,Dammam,Standard
C04873,Ibrahim Saeed,Female,64,Riyadh,Standard
C04874,Maryam Saeed,Male,30,Medina,Premium
C04875,Aisha Hassan,Male,19,Mecca,Standard
C04876,Ahmed Hassan,Female,38,Dammam,Standard
C04877,Huda Ibrahim,Male,39,Taif,Standard
C04878,Fatimah Ibrahim,Female,55,Mecca,Standard
C04879,Ahmed Ibrahim,Female,52,Medina,Premium
C04880,Abdullah Mahmoud,Male,63,Taif,Standard
C04881,Aisha Ali,Male,44,Jeddah,Value
C04882,Faisal Ali,Male,21,Mecca,Standard
C04883,Ahmed Saleh,Male,58,Khobar,Value
C04884,Omar Abdullah,Female,37,Khobar,Standard
C04885,Yousef Hassan,Female,66,Jeddah,Value
C04886,Yousef Saeed,Female,53,Jeddah,Standard
C04887,Nora Khan,Male,28,Riyadh,Premium
C04888,Ahmed Hassan,Male,69,Riyadh,Standard
C04889,Fatimah Rahman,Female,46,Taif,Standard
C04890,Maryam Rahman,Female,52,Riyadh,Standard
C04891,Saad Rahman,Male,35,Jeddah,Standard
C04892,Nora Malik,Male,25,Jeddah,Standard
C04893,Yousef Rahman,Female,50,Taif,Premium
C04894,Omar Hassan,Male,40,Mecca,Standard
C04895,Lina Farooq,Male,41,Riyadh,Standard
C04896,Huda Yousuf,Male,25,Jeddah,Value
C04897,Maryam Farooq,Female,49,Riyadh,Standard
C04898,Ibrahim Mahmoud,Female,38,Dammam,Standard
C04899,Omar Abdullah,Male,43,Dammam,Standard
C04900,Abdullah Khan,Female,23,Riyadh,Standard
C04901,Abdullah Ahmed,Female,67,Dammam,Premium
C04902,Sara Abdullah,Female,53,Medina,Value
C04903,Khalid Ahmed,Male,46,Dammam,Premium
C04904,Huda Rahman,Male,60,Riyadh,Standard
C04905,Yousef Saleh,Male,66,Khobar,Standard
C04906,Saad Ansari,Female,27,Jeddah,Value
C04907,Sara Rahman,Male,59,Jeddah,Standard
C04908,Ibrahim Ahmed,Female,20,Taif,Value
C04909,Yousef Farooq,Male,47,Medina,Premium
C04910,Maryam Khan,Female,40,Riyadh,Standard
C04911,Yousef Malik,Female,55,Dammam,Standard
C04912,Abdullah Yousuf,Male,33,Khobar,Standard
C04913,Ahmed Saleh,Male,54,Jeddah,Standard
C04914,Saad Yousuf,Female,47,Mecca,Premium
C04915,Ahmed Saeed,Female,43,Medina,Standard
C04916,Maryam Saeed,Male,63,Dammam,Value
C04917,Amal Ahmed,Male,39,Taif,Standard
C04918,Omar Rahman,Male,36,Medina,Standard
C04919,Faisal Rahman,Male,60,Mecca,Standard
C04920,Sara Abdullah,Female,62,Medina,Standard
C04921,Hassan Saeed,Female,63,Taif,Premium
C04922,Aisha Ansari,Male,59,Khobar,Standard
C04923,Maha Malik,Female,23,Medina,Standard
C04924,Sara Ansari,Male,70,Mecca,Standard
C04925,Lina Abdullah,Female,25,Taif,Value
C04926,Ahmed Ali,Female,52,Dammam,Standard
C04927,Ahmed Abdullah,Female,48,Riyadh,Value
C04928,Maha Rahman,Male,30,Mecca,Premium
C04929,Ahmed Ali,Male,37,Dammam,Standard
C04930,Lina Yousuf,Male,60,Dammam,Standard
C04931,Lina Ibrahim,Male,28,Dammam,Standard
C04932,Ibrahim Mahmoud,Male,56,Taif,Value
C04933,Omar Khan,Male,54,Jeddah,Standard
C04934,Yousef Al-Qahtani,Female,35,Taif,Standard
C04935,Mohammed Ansari,Male,59,Medina,Standard
C04936,Sara Hassan,Male,45,Khobar,Value
C04937,Abdullah Ansari,Female,33,Dammam,Standard
C04938,Reem Abdullah,Male,42,Taif,Standard
C04939,Abdullah Saeed,Female,67,Medina,Standard
C04940,Abdullah Yousuf,Male,32,Taif,Standard
C04941,Faisal Saleh,Male,45,Medina,Standard
C04942,Lina Saleh,Male,69,Khobar,Value
C04943,Nora Saeed,Female,68,Khobar,Premium
C04944,Saad Malik,Male,31,Dammam,Standard
C04945,Omar Farooq,Female,35,Jeddah,Standard
C04946,Abdullah Abdullah,Female,21,Jeddah,Standard
C04947,Reem Ansari,Male,59,Mecca,Standard
C04948,Ahmed Hassan,Female,60,Khobar,Standard
C04949,Nora Malik,Female,19,Medina,Value
C04950,Nora Mahmoud,Male,46,Medina,Premium
C04951,Khalid Ansari,Male,39,Dammam,Value
C04952,Yousef Khan,Male,44,Medina,Standard
C04953,Mohammed Ali,Male,18,Mecca,Standard
C04954,Maha Al-Qahtani,Male,35,Khobar,Value
C04955,Khalid Rahman,Female,30,Khobar,Standard
C04956,Faisal Malik,Male,30,Medina,Value
C04957,Huda Ali,Male,21,Jeddah,Value
C04958,Amal Malik,Male,45,Jeddah,Standard
C04959,Khalid Rahman,Male,61,Jeddah,Standard
C04960,Hassan Ali,Male,51,Riyadh,Value
C04961,Reem Ibrahim,Female,63,Khobar,Standard
C04962,Khalid Malik,Male,21,Taif,Standard
C04963,Fatimah Rahman,Female,25,Jeddah,Premium
C04964,Faisal Rahman,Female,38,Mecca,Value
C04965,Omar Rahman,Male,32,Medina,Value
C04966,Maha Ansari,Male,21,Dammam,Value
C04967,Yousef Abdullah,Male,45,Mecca,Value
C04968,Hassan Mahmoud,Male,46,Mecca,Standard
C04969,Hassan Saleh,Female,61,Dammam,Standard
C04970,Faisal Rahman,Male,36,Riyadh,Standard
C04971,Ahmed Hassan,Female,34,Riyadh,Value
C04972,Hassan Khan,Male,34,Mecca,Value
C04973,Lina Hassan,Male,26,Dammam,Standard
C04974,Ibrahim Ansari,Male,58,Dammam,Value
C04975,Faisal Ibrahim,Male,42,Jeddah,Value
C04976,Maryam Malik,Male,57,Riyadh,Standard
C04977,Yousef Al-Qahtani,Male,29,Jeddah,Premium
C04978,Saad Mahmoud,Male,28,Riyadh,Value
C04979,Reem Ahmed,Female,33,Taif,Standard
C04980,Sara Ahmed,Female,26,Medina,Value
C04981,Lina Ali,Male,66,Dammam,Premium
C04982,Aisha Abdullah,Male,25,Riyadh,Value
C04983,Yousef Yousuf,Female,42,Taif,Standard
C04984,Huda Ali,Male,44,Khobar,Standard
C04985,Abdullah Yousuf,Male,18,Dammam,Premium
C04986,Omar Ali,Male,60,Medina,Standard
C04987,Ahmed Yousuf,Female,47,Mecca,Premium
C04988,Ibrahim Yousuf,Male,57,Jeddah,Standard
C04989,Ibrahim Saleh,Female,68,Khobar,Standard
C04990,Omar Ansari,Male,65,Khobar,Premium
C04991,Khalid Saeed,Female,59,Taif,Standard
C04992,Aisha Saeed,Male,41,Jeddah,Value
C04993,Lina Rahman,Male,42,Khobar,Value
C04994,Nora Malik,Male,27,Medina,Value
C04995,Sara Saeed,Female,32,Jeddah,Value
C04996,Huda Khan,Male,67,Medina,Premium
C04997,Ibrahim Farooq,Female,39,Jeddah,Value
C04998,Yousef Abdullah,Male,49,Riyadh,Premium
C04999,Ibrahim Ahmed,Female,42,Taif,Premium
C05000,Ibrahim Yousuf,Female,40,Taif,Standard
